job_id,Y_hist,Q,gender,ethnicity,age_band,location
209,0,0.20195928263000892,Male,E6,30-39,R1
68,0,0.1772325134564559,Male,E6,40-49,R2
236,0,0.32770575478601577,Female,E4,40-49,R1
95,0,0.5819430282558167,Female,E3,30-39,R1
61,1,0.5743963059320786,Female,E2,30-39,R4
239,1,0.5631914688485524,Female,E3,18-29,R1
192,1,0.4360612808841189,Male,E2,30-39,R1
202,1,0.15683613922825648,Male,E1,18-29,R1
296,0,0.08127452297139359,Male,E2,30-39,R4
117,0,0.31387330746643943,Male,E5,40-49,R1
251,0,0.45973067065837664,Female,E1,40-49,R3
99,0,0.38915680212383036,Male,E1,40-49,R1
170,0,0.4410214068415307,Male,E6,40-49,R3
179,0,0.5839140545634673,Male,E4,30-39,R3
63,1,0.08706442958197501,Male,E3,40-49,R1
56,0,0.3344225290769818,Female,E2,30-39,R2
68,0,0.4722771640041904,Male,E2,30-39,R1
201,0,0.14717188284773045,Male,E2,40-49,R1
184,0,0.07314850559383543,Male,E1,50-64,R1
282,0,0.0509339964810822,Male,E4,18-29,R1
211,0,0.20895091237722901,Male,E1,30-39,R3
74,0,0.2736646776311434,Female,E5,30-39,R1
274,0,0.388114259141633,Male,E6,40-49,R2
284,0,0.4613216315785148,Male,E3,18-29,R2
219,1,0.594452927201003,Female,E2,50-64,R4
200,0,0.26268757441874224,Female,E4,30-39,R1
39,1,0.7304920024790422,Male,E1,30-39,R4
28,1,0.44083143574924144,Male,E4,40-49,R1
79,0,0.3902239094309415,Male,E4,40-49,R2
132,0,0.7004275832493462,Male,E5,30-39,R2
21,0,0.5090188490006793,Male,E1,40-49,R3
265,0,0.10066079171791713,Female,E3,30-39,R1
142,1,0.688327966987884,Male,E5,30-39,R1
209,0,0.35908436012170103,Female,E2,50-64,R3
63,0,0.7968184041442742,Male,E3,40-49,R2
97,0,0.3698035262094972,Male,E2,30-39,R1
34,0,0.2763544795469303,Male,E5,30-39,R1
220,1,0.771636667839754,Male,E4,50-64,R1
232,0,0.2753315505076878,Male,E3,30-39,R2
66,0,0.1438150016141649,Male,E1,30-39,R1
214,0,0.2622610378963729,Male,E3,30-39,R3
24,0,0.29895090920745365,Female,E2,18-29,R3
117,0,0.21563197187298308,Male,E1,40-49,R1
47,0,0.5498251510572595,Male,E1,30-39,R3
223,1,0.43254769957797307,Male,E5,30-39,R1
102,0,0.34675592763001056,Female,E3,18-29,R3
142,0,0.4817804877500268,Female,E2,18-29,R1
139,1,0.5105124619748922,Female,E5,18-29,R3
142,0,0.23528646033149464,Female,E5,30-39,R1
79,0,0.18137922664720596,Male,E4,30-39,R1
167,1,0.5214946109503994,Female,E1,18-29,R2
244,0,0.4317376386669738,Female,E4,30-39,R1
149,0,0.36338540339587566,Female,E6,30-39,R3
57,0,0.6994106781330596,Male,E2,18-29,R2
7,0,0.47478784012436653,Male,E1,18-29,R1
38,0,0.5844733708787387,Male,E6,50-64,R3
24,0,0.189810427420336,Male,E2,18-29,R1
27,0,0.18189069379136671,Male,E3,40-49,R1
36,0,0.28645531729842644,Male,E1,40-49,R4
179,0,0.5308110302151778,Male,E4,50-64,R3
242,1,0.33309168066996075,Male,E2,40-49,R1
256,0,0.17314109760673438,Female,E2,18-29,R3
196,0,0.394280944748883,Female,E2,30-39,R3
180,0,0.7444149950038988,Female,E6,40-49,R3
99,0,0.3123659860204178,Male,E5,18-29,R1
279,0,0.43698077454360973,Male,E2,30-39,R1
192,0,0.23908455934106493,Female,E2,30-39,R2
217,1,0.5776014811550636,Male,E4,30-39,R1
220,0,0.6051637279726768,Male,E5,30-39,R1
258,0,0.47902130369387347,Male,E1,40-49,R4
210,0,0.33484908688720383,Male,E1,40-49,R1
278,0,0.303491655961463,Male,E3,18-29,R1
162,0,0.10570305734850644,Female,E5,18-29,R2
163,0,0.15567918222367688,Male,E6,30-39,R1
75,0,0.09872793160875529,Female,E2,40-49,R1
281,0,0.26539518077255925,Female,E2,50-64,R2
165,1,0.5836307386739868,Male,E3,40-49,R2
148,0,0.42818722205639836,Female,E6,18-29,R3
94,0,0.31742487273517106,Male,E3,40-49,R3
82,0,0.23730495106236313,Female,E1,18-29,R4
189,0,0.24650149690206333,Male,E1,50-64,R3
135,0,0.42024770775187187,Female,E1,30-39,R1
170,0,0.1474440299027993,Female,E3,40-49,R3
199,0,0.01916169968204589,Female,E4,30-39,R2
269,0,0.21786452255644875,Female,E4,18-29,R1
99,0,0.3878806773928071,Male,E3,18-29,R2
204,0,0.6376687102345381,Male,E1,30-39,R3
271,0,0.2862012500288543,Male,E6,18-29,R1
137,0,0.24700911431577832,Female,E1,18-29,R2
77,0,0.01,Male,E2,30-39,R1
87,1,0.8639177897376569,Male,E4,40-49,R1
101,0,0.6686989569307512,Male,E1,30-39,R3
188,0,0.584743958752295,Female,E3,40-49,R2
77,0,0.33516389967658206,Male,E3,40-49,R1
251,1,0.7709540176345443,Female,E6,30-39,R1
106,0,0.10114825660240319,Male,E1,50-64,R1
19,1,0.4707431729297332,Male,E3,30-39,R1
1,1,0.33661632076476417,Male,E6,30-39,R2
7,0,0.5403281515509323,Male,E2,50-64,R3
188,1,0.3616299805467162,Female,E4,18-29,R3
104,0,0.23079969383462554,Male,E6,50-64,R1
84,0,0.28438660756630485,Female,E4,18-29,R1
183,0,0.6915710053840814,Male,E1,30-39,R1
20,0,0.4842437860475125,Female,E1,18-29,R3
162,0,0.6848977345919822,Male,E3,30-39,R1
185,0,0.1633899896218429,Female,E1,30-39,R4
9,1,0.3404433854235194,Male,E5,18-29,R2
52,0,0.21285236227539608,Male,E2,18-29,R1
117,0,0.10504950178996987,Male,E5,30-39,R1
91,1,0.7258168758909385,Male,E1,40-49,R1
285,1,0.6192064196453533,Female,E5,30-39,R1
132,0,0.22331075400708034,Male,E3,30-39,R2
194,0,0.22339183280307218,Male,E1,40-49,R3
45,0,0.23520187677948906,Female,E4,50-64,R1
241,0,0.5175720152918472,Male,E3,30-39,R1
65,0,0.644706736820687,Male,E4,40-49,R4
230,0,0.4742925248350319,Female,E2,40-49,R2
142,1,0.2563416453577843,Female,E2,30-39,R4
122,0,0.3611452487225305,Male,E4,30-39,R3
142,0,0.36758273747984205,Male,E3,50-64,R1
160,0,0.5142172207203608,Male,E2,18-29,R1
76,1,0.6065476360270192,Female,E4,40-49,R1
36,0,0.5839927825526938,Male,E3,30-39,R2
89,0,0.5871153965125232,Male,E1,40-49,R1
296,1,0.6037960771772201,Male,E3,40-49,R3
83,0,0.1390307947705529,Male,E1,18-29,R3
200,0,0.15980185608018624,Male,E6,40-49,R2
78,1,0.8131870631295043,Male,E5,18-29,R1
251,0,0.5693549937748511,Male,E3,18-29,R2
144,0,0.30965086170201844,Male,E6,30-39,R3
170,1,0.5014989310839141,Male,E1,18-29,R1
63,1,0.33792972806828125,Male,E4,50-64,R1
182,0,0.3644413307078776,Female,E2,30-39,R2
148,0,0.5637996223130196,Female,E3,30-39,R1
213,0,0.32426440392460104,Male,E5,18-29,R3
73,0,0.3099830255236743,Male,E1,40-49,R1
182,0,0.3545388042478801,Male,E2,30-39,R2
251,0,0.37233790295874636,Male,E2,30-39,R3
140,0,0.08964213434074375,Male,E4,30-39,R1
54,0,0.18328788019490777,Female,E3,18-29,R1
21,0,0.1457386353572976,Female,E4,30-39,R2
258,0,0.36473111153798526,Male,E2,18-29,R1
151,0,0.44080536081494787,Male,E6,40-49,R3
53,0,0.27443598245252987,Female,E1,18-29,R3
88,0,0.1356935836064358,Female,E3,18-29,R1
225,0,0.10356776233735512,Male,E1,30-39,R3
111,0,0.3787130571850493,Female,E3,18-29,R1
183,0,0.20236089723634904,Female,E3,40-49,R1
243,0,0.5223109161479957,Female,E2,18-29,R1
62,1,0.5986570567598125,Male,E1,30-39,R2
257,0,0.43151940138367806,Male,E1,18-29,R3
227,0,0.48595257612436427,Female,E4,18-29,R2
100,0,0.5127086982641071,Male,E3,30-39,R2
74,0,0.13671302334195043,Male,E2,40-49,R4
103,0,0.2815539987119076,Female,E1,40-49,R2
25,1,0.7674630276441868,Male,E6,30-39,R1
128,0,0.2688269750899106,Female,E3,18-29,R1
185,0,0.4368218681235857,Female,E5,40-49,R2
231,0,0.4054617024397055,Female,E4,50-64,R3
161,0,0.20560614936799526,Male,E5,18-29,R1
32,1,0.7290521574011986,Male,E1,50-64,R1
190,0,0.13076562472280404,Male,E4,30-39,R1
29,0,0.15647757986552813,Male,E5,40-49,R1
52,0,0.605002678871322,Male,E3,30-39,R3
288,0,0.14811991383552756,Male,E3,50-64,R2
74,0,0.13971124794502188,Male,E3,30-39,R2
172,0,0.2490372539600358,Male,E2,30-39,R4
205,0,0.3450144818951163,Male,E4,18-29,R1
246,1,0.388287238621547,Female,E1,30-39,R1
24,0,0.10200385733795013,Male,E4,30-39,R3
252,1,0.24121517149550797,Female,E2,30-39,R1
262,0,0.454126240129412,Male,E2,30-39,R2
207,1,0.39552052277689054,Male,E3,18-29,R1
128,0,0.32669039329228466,Male,E1,30-39,R1
80,1,0.43916295671638406,Female,E1,30-39,R4
185,0,0.01,Male,E2,30-39,R1
201,1,0.6500357701043786,Male,E3,40-49,R1
93,0,0.2835515988689595,Female,E3,40-49,R3
204,0,0.14089946957770663,Male,E5,30-39,R2
53,0,0.39622662448657764,Male,E1,50-64,R1
76,1,0.49683465745991195,Female,E1,30-39,R2
2,1,0.3767933321579105,Male,E1,18-29,R1
87,0,0.14627683465470814,Female,E6,30-39,R1
63,1,0.3467493166319116,Female,E1,30-39,R1
246,0,0.17731878187956082,Male,E3,50-64,R1
261,0,0.720987786429946,Male,E3,30-39,R2
261,1,0.38305580045041127,Male,E2,40-49,R2
291,0,0.18033186356785805,Male,E3,18-29,R3
188,0,0.7766399957150679,Female,E5,50-64,R3
132,0,0.23175345854446985,Male,E2,40-49,R1
174,0,0.47334287340728226,Male,E1,50-64,R4
113,0,0.6004486929156951,Female,E5,18-29,R2
142,0,0.06762365804312852,Female,E2,18-29,R2
82,0,0.12953816307715907,Male,E2,30-39,R4
207,0,0.22932117317547898,Female,E2,30-39,R1
289,0,0.20039737915210548,Male,E2,18-29,R1
47,1,0.18644519616155156,Male,E5,30-39,R2
17,0,0.4849322287610498,Female,E4,30-39,R2
113,0,0.07132187288184125,Male,E2,30-39,R2
122,0,0.7316310895828708,Male,E1,30-39,R3
123,0,0.23175467338124733,Female,E6,18-29,R2
50,1,0.471020473758484,Female,E1,40-49,R4
49,1,0.47838259860820626,Male,E4,30-39,R3
72,0,0.6325014050190064,Female,E5,30-39,R4
173,0,0.2538555087129888,Female,E2,40-49,R1
234,0,0.1991024761733864,Female,E3,18-29,R1
141,1,0.64262996501262,Female,E6,30-39,R1
61,0,0.32642776623369857,Male,E4,18-29,R2
128,0,0.06127797813857132,Male,E2,50-64,R4
165,0,0.16819095338808612,Female,E6,30-39,R4
280,0,0.5715674460209215,Female,E2,18-29,R1
110,1,0.7140784189825364,Male,E1,50-64,R1
71,1,0.08012795946929446,Male,E3,18-29,R4
152,0,0.1319768349257256,Female,E4,18-29,R1
18,0,0.19972650074554268,Male,E1,40-49,R1
100,0,0.3537671834378226,Female,E1,40-49,R1
49,1,0.7359999370945758,Male,E6,30-39,R1
84,0,0.25408140814665314,Female,E5,40-49,R2
38,0,0.5554848694085596,Male,E4,18-29,R3
84,0,0.35417104253127607,Male,E5,50-64,R2
105,0,0.3473558199032955,Female,E1,40-49,R1
25,0,0.6239582020010177,Male,E4,40-49,R3
103,0,0.16748897724821535,Male,E1,30-39,R3
144,0,0.2074601015699796,Male,E1,40-49,R4
28,0,0.1359535030981195,Male,E1,18-29,R2
265,1,0.71727764449075,Male,E4,40-49,R4
262,0,0.10005750190520266,Female,E6,30-39,R2
284,0,0.07604041302559524,Male,E5,18-29,R1
35,0,0.6765465172202655,Female,E2,18-29,R1
8,1,0.6107412728996547,Male,E1,30-39,R1
290,0,0.6261300886136959,Male,E2,18-29,R3
275,0,0.29076519282974866,Female,E2,40-49,R1
240,0,0.5831648573008825,Male,E1,40-49,R2
36,1,0.576198871227009,Male,E5,50-64,R2
200,0,0.9363638624138444,Female,E1,30-39,R3
224,0,0.29751838646046436,Female,E1,40-49,R4
86,0,0.10666162300880987,Female,E1,18-29,R1
268,1,0.5933348795468687,Male,E1,18-29,R3
226,0,0.4819543720711981,Female,E1,18-29,R3
50,0,0.47229098534708325,Female,E6,18-29,R2
173,0,0.3538792565651553,Male,E2,30-39,R1
99,0,0.14804203598759663,Female,E2,30-39,R1
235,0,0.2875938837606487,Male,E5,30-39,R3
113,1,0.7560944173102808,Female,E5,50-64,R1
258,0,0.4867644063398758,Male,E1,30-39,R1
104,0,0.6523378641585108,Female,E1,30-39,R1
199,1,0.27205790030984933,Female,E5,40-49,R3
154,1,0.3942982077474365,Female,E4,18-29,R4
125,0,0.1848832772123897,Female,E6,30-39,R2
2,1,0.4159378938692049,Female,E5,50-64,R1
295,0,0.21071956230484748,Female,E4,18-29,R1
126,0,0.4514876561076605,Female,E1,30-39,R1
100,0,0.32127219276274127,Female,E1,30-39,R3
263,0,0.5467636807322002,Female,E2,40-49,R2
0,0,0.29440249194284684,Female,E1,40-49,R1
26,0,0.07018766674027568,Male,E2,18-29,R1
141,0,0.4623614632016169,Male,E1,18-29,R2
145,0,0.3173805070444803,Male,E6,18-29,R1
256,1,0.7269422153716377,Male,E1,50-64,R1
144,1,0.14402506736684398,Female,E5,50-64,R2
211,0,0.6148806272850539,Female,E5,30-39,R3
234,0,0.4863229100528698,Male,E5,18-29,R4
78,0,0.08359051988237506,Female,E5,18-29,R1
289,0,0.012981758150838452,Male,E3,40-49,R2
282,1,0.6389801435577794,Male,E4,50-64,R3
212,0,0.1967992453229083,Female,E1,30-39,R2
13,0,0.3279304767228172,Female,E1,30-39,R1
82,0,0.05971611429419328,Male,E2,30-39,R2
39,0,0.20138366504064426,Male,E6,30-39,R4
201,0,0.0825679292590617,Female,E3,30-39,R2
7,0,0.39202757163376817,Male,E2,50-64,R2
104,1,0.7750758880981211,Male,E4,30-39,R1
0,0,0.3361457281518729,Male,E4,40-49,R4
230,1,0.48812176698378684,Female,E2,40-49,R2
112,0,0.19985495035133782,Male,E2,40-49,R3
202,0,0.20979134207392003,Male,E2,18-29,R3
50,1,0.6773864946282657,Female,E5,30-39,R3
293,0,0.3376319686446434,Female,E3,18-29,R3
129,0,0.16304167654435195,Female,E1,18-29,R1
260,0,0.19611037008177645,Male,E4,40-49,R1
296,0,0.32778220842702377,Male,E2,40-49,R1
13,0,0.6252837233804556,Male,E1,18-29,R1
289,0,0.44252120899508857,Male,E5,18-29,R4
87,1,0.671156520315286,Male,E1,18-29,R1
280,0,0.5301563073637364,Male,E6,30-39,R4
258,1,0.414250786134175,Male,E4,50-64,R2
23,1,0.3694162021435937,Male,E5,50-64,R3
180,1,0.1710339566458151,Female,E5,40-49,R1
24,0,0.2551591700574293,Male,E1,30-39,R4
103,0,0.0717274173039834,Male,E6,30-39,R3
264,0,0.39687018353994635,Male,E2,40-49,R3
16,0,0.41978393183023477,Male,E1,18-29,R2
175,1,0.7447157826841064,Female,E1,40-49,R2
228,0,0.2054722914853514,Male,E1,30-39,R1
200,0,0.45325359245137503,Male,E2,40-49,R2
0,0,0.49983149871075705,Female,E4,30-39,R1
203,0,0.24921240210443962,Male,E6,30-39,R2
27,0,0.20075651122044263,Female,E2,40-49,R2
241,0,0.10929880726679087,Male,E2,18-29,R4
298,0,0.49641457014861307,Male,E1,50-64,R2
289,1,0.5875974897474248,Female,E4,30-39,R1
232,1,0.5926629179095644,Male,E1,30-39,R1
101,0,0.22530462090325418,Male,E4,50-64,R1
260,0,0.38986092537762274,Male,E4,18-29,R1
174,0,0.14552546380406034,Male,E3,18-29,R2
143,0,0.10938910649999893,Female,E2,18-29,R1
176,0,0.4674365504014336,Male,E1,18-29,R2
50,1,0.48721175556750423,Male,E2,30-39,R2
37,0,0.4563943663263596,Male,E2,30-39,R4
160,0,0.34918861917797317,Female,E3,18-29,R1
169,1,0.7610064619860206,Male,E5,18-29,R3
127,0,0.7564274017642189,Male,E3,18-29,R3
209,0,0.5099822534068291,Male,E1,18-29,R1
48,0,0.3995893359215845,Male,E2,40-49,R1
134,0,0.45429362316159155,Male,E3,50-64,R3
49,0,0.12795010093874032,Female,E6,40-49,R3
124,1,0.6027352108535359,Male,E4,30-39,R1
77,0,0.4988410106627861,Male,E3,30-39,R3
212,0,0.5270850385571245,Male,E3,18-29,R1
282,1,0.6585917665662371,Male,E1,40-49,R1
210,0,0.6206588318859961,Male,E1,30-39,R2
296,0,0.37832856930308384,Male,E5,18-29,R3
35,0,0.2711671191789063,Male,E2,18-29,R4
211,0,0.13997896614395702,Male,E1,30-39,R3
86,0,0.24387358608265114,Male,E4,30-39,R1
216,0,0.6346736308140206,Female,E2,30-39,R1
149,0,0.3342612343318524,Male,E1,40-49,R2
219,1,0.7997182070662252,Male,E4,30-39,R1
35,0,0.7784685870738602,Female,E1,40-49,R1
155,1,0.2985443907198253,Female,E4,18-29,R2
122,0,0.6255436513587449,Male,E1,40-49,R1
53,0,0.49174944363111356,Male,E3,30-39,R1
63,0,0.30772741655833247,Female,E4,18-29,R1
263,0,0.11094402378921683,Female,E2,18-29,R3
197,0,0.3728276280010177,Male,E3,50-64,R3
264,0,0.34581174656334296,Male,E6,40-49,R1
183,0,0.08633140259124467,Male,E2,50-64,R2
212,0,0.5165520716857547,Male,E3,40-49,R1
265,0,0.5563488133769775,Male,E6,50-64,R1
280,0,0.19916232666290812,Female,E1,30-39,R3
16,0,0.19405842313412125,Female,E2,40-49,R3
293,0,0.11907664140710508,Male,E1,50-64,R2
175,0,0.5109493405970655,Female,E4,18-29,R3
151,0,0.31589700872393045,Female,E1,50-64,R4
250,0,0.4516886732453118,Male,E3,18-29,R1
227,0,0.3213135436551659,Male,E4,18-29,R1
83,0,0.16558844636249007,Male,E5,30-39,R4
184,0,0.42619051903665633,Male,E3,40-49,R1
189,0,0.09822363714248403,Male,E3,30-39,R1
34,0,0.43377720408856946,Female,E1,30-39,R1
13,0,0.5180038267228295,Female,E2,18-29,R3
94,1,0.14452400557211847,Male,E1,30-39,R2
216,0,0.265382217261877,Female,E2,40-49,R3
20,0,0.24695711288045186,Female,E3,30-39,R1
225,0,0.2238356497905017,Male,E2,40-49,R3
266,0,0.39905544911913104,Male,E2,50-64,R1
113,0,0.7494302243812728,Female,E1,30-39,R4
6,1,0.6369540872114304,Female,E1,18-29,R1
209,0,0.3661142609800298,Male,E3,30-39,R1
161,0,0.13305578596380307,Male,E2,18-29,R4
225,0,0.4385516365139269,Female,E3,18-29,R2
53,0,0.31494621243821813,Female,E4,18-29,R1
119,0,0.3583499619514723,Male,E3,40-49,R1
44,0,0.1860564930914285,Male,E2,30-39,R1
30,0,0.4812536105131076,Male,E1,30-39,R3
49,1,0.3724036061008037,Male,E5,30-39,R2
153,0,0.32121501409328024,Female,E3,40-49,R1
263,0,0.5501817349918391,Male,E1,40-49,R1
63,0,0.5986518865524085,Male,E1,18-29,R1
148,1,0.2665229956765849,Male,E6,18-29,R3
195,0,0.176969316693546,Female,E4,40-49,R3
102,0,0.3182876788862596,Male,E4,18-29,R1
1,0,0.05218265157810856,Male,E2,30-39,R1
299,0,0.2931216260893965,Male,E2,18-29,R3
207,1,0.8556941412423883,Male,E3,30-39,R1
163,1,0.8250350248843611,Male,E1,18-29,R2
100,0,0.35503483633439625,Male,E6,30-39,R2
90,0,0.6636161886374882,Male,E4,50-64,R1
93,0,0.6966658217495579,Male,E2,30-39,R2
111,0,0.14595487193522813,Male,E3,50-64,R1
182,0,0.3773605604986756,Male,E2,40-49,R4
208,1,0.7524923056607202,Male,E6,30-39,R1
227,1,0.6605163995075715,Female,E2,30-39,R3
36,1,0.4961834048563467,Male,E3,50-64,R2
95,0,0.03077264879801296,Male,E3,30-39,R3
227,0,0.03307884293736627,Female,E2,40-49,R1
204,0,0.5298181680612926,Male,E3,50-64,R1
265,0,0.7758559324481675,Male,E1,40-49,R2
38,0,0.7563752861801165,Male,E4,18-29,R2
142,1,0.8206148937097808,Male,E1,30-39,R3
65,0,0.30242484557411,Male,E2,50-64,R2
131,1,0.5909109307263802,Male,E6,30-39,R3
229,0,0.22736289816058408,Male,E3,18-29,R3
42,0,0.22439825853520218,Female,E5,18-29,R1
152,0,0.4054251302161066,Male,E1,40-49,R1
126,0,0.4822087682435375,Female,E1,18-29,R2
11,0,0.3509529020401629,Male,E5,40-49,R4
229,0,0.4752207128313897,Male,E6,40-49,R2
242,0,0.1258651482305461,Female,E4,40-49,R1
124,0,0.3675448759102264,Female,E4,30-39,R1
25,0,0.3638771113377314,Female,E4,30-39,R4
185,0,0.4476076551979483,Female,E4,40-49,R2
299,0,0.4782119621311482,Male,E3,50-64,R1
13,0,0.12022838972321936,Male,E2,40-49,R3
116,0,0.46786565050298634,Female,E2,30-39,R1
65,1,0.651176477673779,Female,E5,30-39,R2
287,1,0.6475404700014971,Female,E4,40-49,R3
61,0,0.46438032945292784,Male,E1,18-29,R1
262,0,0.16271576175623947,Male,E2,30-39,R1
294,1,0.25321370378887675,Female,E2,40-49,R1
239,0,0.44926349317869924,Male,E2,30-39,R3
13,1,0.7498205743826168,Female,E1,18-29,R1
35,0,0.2756273365829486,Female,E1,40-49,R1
64,0,0.530321080877826,Female,E3,30-39,R2
283,0,0.10499933258601918,Female,E1,18-29,R1
9,0,0.4898624548127954,Male,E1,40-49,R2
196,1,0.2666572747671776,Male,E1,30-39,R3
191,0,0.7113548523565806,Female,E5,18-29,R3
101,0,0.01575363218096771,Female,E3,40-49,R1
195,1,0.2898470123551585,Male,E2,30-39,R1
6,0,0.01,Male,E2,30-39,R2
103,0,0.403988168106083,Male,E4,30-39,R1
237,0,0.5769267655904864,Male,E1,30-39,R2
10,0,0.3845944059079548,Female,E2,30-39,R1
185,0,0.5055726571327583,Female,E2,30-39,R2
130,0,0.4667633261221797,Female,E1,18-29,R1
268,0,0.7311953038232932,Female,E1,50-64,R2
51,0,0.7654303729203285,Male,E4,18-29,R2
284,1,0.6567283920223278,Female,E5,18-29,R1
128,0,0.8364851104564736,Male,E5,30-39,R1
184,1,0.7163218173161651,Male,E1,40-49,R1
111,0,0.4017367040699839,Female,E2,18-29,R1
222,0,0.44343839055042916,Female,E1,18-29,R1
66,0,0.5472372847739618,Female,E1,30-39,R2
210,0,0.2920517005939531,Male,E1,40-49,R2
252,0,0.1662710530926421,Female,E3,18-29,R4
167,0,0.3011598973908567,Female,E1,50-64,R1
207,1,0.5733732947718364,Male,E6,30-39,R4
144,1,0.2075227489686544,Male,E1,40-49,R3
141,0,0.15829331538536898,Female,E6,18-29,R3
139,1,0.6594993023282699,Male,E3,40-49,R1
119,1,0.5917550208098665,Female,E1,30-39,R2
262,0,0.6343031894343217,Male,E4,30-39,R1
32,0,0.08771227864894496,Male,E2,40-49,R1
288,0,0.39227573081395106,Female,E5,40-49,R1
180,0,0.14574697966997163,Female,E3,30-39,R1
90,0,0.15485939970871826,Female,E3,30-39,R1
151,0,0.30182034011119724,Female,E3,30-39,R1
170,0,0.21026902386564483,Male,E6,50-64,R2
271,0,0.20758247932025664,Female,E4,40-49,R1
250,0,0.38091748255962044,Male,E3,18-29,R3
290,0,0.6611355559475133,Male,E6,40-49,R1
30,1,0.8006297621296321,Male,E6,30-39,R2
242,0,0.22440470755325723,Male,E1,30-39,R2
297,0,0.3278558099032178,Female,E3,18-29,R3
260,0,0.20035661667656227,Female,E6,18-29,R3
87,1,0.34706337335194454,Male,E4,18-29,R2
148,0,0.1062869853200434,Male,E1,18-29,R2
219,0,0.5523126690663154,Male,E3,18-29,R3
112,0,0.4906726230765423,Male,E4,30-39,R3
94,0,0.1925807201049132,Male,E5,40-49,R1
143,0,0.07765867857898787,Female,E1,40-49,R3
257,1,0.4898530308391476,Male,E1,30-39,R1
159,1,0.31346229243123275,Female,E1,30-39,R2
136,0,0.15186163181661594,Male,E2,18-29,R1
245,0,0.1998000503123548,Female,E2,30-39,R2
27,1,0.4290125590432579,Male,E4,40-49,R1
45,1,0.6425657885298407,Male,E2,18-29,R2
82,0,0.3420948455352161,Male,E3,18-29,R2
180,0,0.3802096235835001,Female,E4,30-39,R1
103,0,0.18438105988712541,Female,E3,18-29,R3
271,1,0.5836276353353986,Male,E5,40-49,R3
133,1,0.8228744755191161,Female,E3,30-39,R2
66,0,0.219189549647306,Female,E3,30-39,R2
149,0,0.4990667600236799,Female,E6,18-29,R1
86,0,0.27347230190407507,Male,E1,40-49,R2
290,0,0.13861893712456744,Female,E1,18-29,R3
252,0,0.32625016713549737,Female,E1,30-39,R2
217,0,0.08183367716459031,Male,E2,40-49,R2
195,0,0.5779320568194963,Male,E2,30-39,R2
4,0,0.4137885896010987,Male,E6,40-49,R1
289,0,0.22953381088955022,Female,E1,30-39,R4
188,0,0.1607358471021094,Male,E2,18-29,R1
192,0,0.30257927239044363,Female,E1,40-49,R2
165,0,0.1466534022856547,Female,E4,30-39,R3
284,1,0.5764603163425108,Male,E3,30-39,R2
105,0,0.47501262036657577,Female,E1,30-39,R2
248,0,0.3644460788277833,Male,E6,30-39,R1
284,0,0.1758403016798843,Male,E1,30-39,R1
202,1,0.38724815224408676,Male,E2,50-64,R2
264,0,0.149656232766947,Male,E3,50-64,R1
56,0,0.3399946177290324,Male,E2,30-39,R4
31,0,0.7111195117884074,Male,E2,40-49,R1
64,0,0.5019141586981709,Male,E6,40-49,R1
44,1,0.5847601546019938,Male,E3,30-39,R2
258,0,0.45171939987782234,Female,E5,30-39,R1
113,0,0.16911029996134383,Male,E2,40-49,R1
100,0,0.3596610425252082,Male,E4,18-29,R1
226,0,0.22819283976063157,Female,E2,18-29,R2
205,0,0.8333271728541525,Male,E4,30-39,R2
299,0,0.37120632505653944,Female,E4,18-29,R4
130,0,0.6632921648813438,Male,E4,40-49,R1
11,0,0.6168386707041452,Female,E2,30-39,R4
137,1,0.7111973515285431,Female,E3,30-39,R4
25,0,0.07799673897178935,Female,E2,30-39,R4
3,0,0.6751808161124608,Male,E5,30-39,R1
110,1,0.2011785766912695,Male,E6,30-39,R3
246,0,0.5436206073242662,Male,E2,18-29,R1
45,0,0.07175586033081016,Female,E1,18-29,R2
93,0,0.4838441492369239,Female,E1,18-29,R4
174,0,0.2642854258787518,Female,E3,18-29,R2
101,0,0.2280447018014213,Male,E2,18-29,R1
52,0,0.6402125654124623,Female,E1,18-29,R2
21,0,0.1526552975584516,Female,E3,50-64,R1
229,1,0.4612365986214264,Female,E1,30-39,R3
187,0,0.33816435447767085,Female,E2,40-49,R1
120,1,0.8636415468326698,Male,E5,50-64,R2
233,0,0.367805056043319,Female,E6,50-64,R1
125,1,0.6757898231494199,Female,E4,18-29,R3
153,0,0.12542784060932183,Male,E6,40-49,R3
244,0,0.5530649678219792,Male,E1,50-64,R2
143,0,0.26422720517995235,Male,E1,18-29,R1
177,0,0.1959124342444861,Male,E2,50-64,R2
231,0,0.7148697431427394,Male,E4,40-49,R2
153,0,0.5017203465272243,Male,E2,18-29,R1
29,1,0.43538597590616934,Female,E5,18-29,R2
13,0,0.42344927328370835,Male,E2,18-29,R2
162,0,0.38896238566274954,Female,E3,18-29,R4
67,0,0.19372214315927955,Female,E4,18-29,R2
224,0,0.3121055605868145,Male,E1,40-49,R1
136,0,0.09294044137099566,Male,E2,18-29,R2
109,0,0.33989988002496285,Female,E4,50-64,R3
252,1,0.4748250732299429,Male,E6,30-39,R4
262,0,0.4348051811873396,Female,E5,50-64,R1
11,1,0.3512830380900863,Male,E5,50-64,R3
137,0,0.1637820621141395,Female,E3,18-29,R1
151,0,0.6246401381734179,Male,E6,40-49,R3
34,0,0.6240797702399133,Female,E4,30-39,R3
281,0,0.13297647115926176,Female,E1,40-49,R2
293,0,0.01175094980460823,Male,E3,30-39,R4
296,0,0.5159071340694894,Male,E2,40-49,R2
136,0,0.4738531259383179,Female,E2,18-29,R3
30,0,0.5014275987783886,Female,E2,18-29,R1
225,1,0.7483391955177084,Female,E3,30-39,R1
222,0,0.4421095759533511,Male,E4,18-29,R1
23,1,0.1693767725722171,Male,E1,40-49,R1
182,0,0.8281212679302283,Female,E1,30-39,R2
242,0,0.46106157427282835,Female,E1,30-39,R1
11,0,0.271562117258652,Female,E2,30-39,R1
45,0,0.19440307990549435,Female,E4,40-49,R3
205,1,0.5380967910126397,Male,E1,18-29,R3
37,0,0.548929404926172,Male,E1,40-49,R3
156,1,0.27660260438619316,Female,E3,30-39,R3
82,0,0.07333417976177503,Male,E1,30-39,R3
9,1,0.4043919774625926,Female,E6,18-29,R3
127,0,0.3030574477610663,Male,E1,40-49,R1
139,0,0.19640400303185518,Female,E5,18-29,R2
145,1,0.22151946850640084,Male,E1,18-29,R3
9,1,0.5538852053285883,Male,E1,30-39,R3
128,0,0.47445129899969274,Female,E2,50-64,R1
145,0,0.09786549465655905,Male,E2,40-49,R1
10,1,0.7007114473462729,Female,E5,30-39,R1
21,0,0.3001455073408788,Female,E4,18-29,R3
179,0,0.3018822558023604,Male,E1,40-49,R1
16,0,0.1585417491683996,Female,E3,50-64,R1
222,0,0.08906548269974127,Male,E3,40-49,R1
157,0,0.40661943885138796,Female,E4,40-49,R1
293,0,0.2988794013320142,Male,E1,50-64,R2
285,0,0.2745822693727891,Female,E3,30-39,R2
166,0,0.2386620159338594,Female,E1,40-49,R3
228,0,0.29267353005711116,Female,E4,30-39,R1
279,1,0.8804769059669421,Female,E3,18-29,R3
70,0,0.22102490346768694,Male,E1,18-29,R2
285,0,0.42085295689273416,Male,E1,40-49,R1
225,0,0.4269624105589722,Male,E4,18-29,R3
63,0,0.41490523580004773,Male,E6,30-39,R4
17,1,0.5014319227837332,Male,E1,30-39,R1
19,0,0.23234337660242255,Female,E3,18-29,R4
279,0,0.1945431926881566,Male,E6,18-29,R1
50,0,0.1782071769618906,Male,E4,18-29,R1
5,1,0.41570461384914076,Male,E1,18-29,R1
223,0,0.4448930395282297,Male,E5,30-39,R4
216,0,0.10703772323509134,Female,E3,18-29,R1
78,0,0.09354702073438848,Male,E2,30-39,R4
101,0,0.5600463103561761,Male,E6,18-29,R1
33,1,0.5977784987450805,Male,E1,40-49,R2
100,0,0.40939792482332127,Male,E6,18-29,R3
283,0,0.1271262950375762,Female,E3,30-39,R2
142,0,0.4452764897365439,Male,E6,18-29,R2
205,0,0.47539837788660677,Female,E3,40-49,R1
122,0,0.4986791627820888,Male,E4,40-49,R2
287,0,0.5263853613735472,Male,E1,30-39,R4
86,0,0.350383505653876,Male,E3,30-39,R1
98,0,0.49621703253911903,Male,E2,30-39,R2
199,1,0.31329065541426204,Male,E3,18-29,R1
57,0,0.11331038283523054,Male,E1,50-64,R1
3,1,0.2723758913952482,Male,E6,18-29,R3
41,0,0.4494537814765436,Male,E3,30-39,R1
180,1,0.7228211070751244,Male,E2,18-29,R2
283,0,0.1387324518061083,Female,E2,30-39,R3
138,0,0.31621286183716213,Male,E1,30-39,R3
49,0,0.47495306832583206,Male,E6,18-29,R1
275,0,0.31660926944099443,Female,E6,18-29,R2
240,0,0.5457813843713722,Male,E5,30-39,R1
237,0,0.16926467002179268,Female,E2,18-29,R3
63,0,0.381093931315719,Male,E5,30-39,R1
49,0,0.298811801465244,Male,E2,40-49,R1
258,0,0.262240311941648,Male,E5,30-39,R4
294,0,0.7875700315960613,Female,E5,40-49,R1
17,0,0.35449444977317696,Male,E6,30-39,R1
41,0,0.7531102210477897,Female,E1,18-29,R1
114,0,0.339668232419866,Male,E1,40-49,R3
282,0,0.26731488030653383,Male,E4,30-39,R2
120,0,0.6301726827934737,Female,E1,50-64,R1
63,1,0.3901140270242495,Male,E6,40-49,R4
292,0,0.5329203638430142,Female,E4,18-29,R1
122,0,0.6001181470361366,Male,E1,30-39,R2
269,0,0.47669580249547644,Female,E5,40-49,R1
138,0,0.22150813502757277,Female,E3,30-39,R3
115,0,0.39999289192791837,Male,E3,40-49,R1
31,0,0.23828112687143993,Male,E3,30-39,R4
127,0,0.14860401014638858,Female,E6,40-49,R4
193,0,0.06774288801541836,Male,E3,30-39,R1
214,0,0.19842229511283227,Female,E4,30-39,R3
1,0,0.4499524114745169,Male,E3,18-29,R1
192,0,0.2669925225517595,Male,E3,18-29,R1
173,0,0.36335977755428245,Male,E1,30-39,R1
268,0,0.2852703086936803,Female,E4,40-49,R1
253,0,0.4863421847648865,Male,E3,30-39,R4
206,0,0.06500047898122584,Female,E5,40-49,R2
176,0,0.14977354610247295,Male,E4,30-39,R1
154,0,0.11944334480787794,Female,E3,30-39,R2
250,0,0.1430939888367267,Female,E6,18-29,R2
270,0,0.31877820795848544,Male,E4,40-49,R2
62,0,0.2384471768066685,Male,E6,18-29,R3
99,0,0.6611271101930917,Female,E3,18-29,R1
144,0,0.628657001053448,Female,E1,18-29,R3
110,1,0.08343443703841044,Female,E2,18-29,R2
53,0,0.31980431579157453,Male,E4,40-49,R1
105,0,0.17185718303238134,Male,E6,18-29,R2
187,0,0.428968510467729,Male,E4,40-49,R4
146,0,0.3890894564091993,Female,E3,30-39,R4
163,0,0.3806434569170495,Male,E3,30-39,R2
10,1,0.30900962251859904,Male,E2,18-29,R1
195,0,0.7374668460705596,Male,E1,30-39,R1
135,1,0.38905689080397476,Female,E1,18-29,R2
288,1,0.33120542162208544,Male,E4,18-29,R1
94,0,0.14484843769203304,Male,E3,40-49,R4
154,0,0.2456264230404017,Female,E4,30-39,R3
72,0,0.24971537686864814,Male,E5,18-29,R1
151,1,0.3233485973907473,Female,E1,40-49,R3
74,0,0.3940546505016279,Female,E2,18-29,R1
34,0,0.4556425007644424,Male,E1,40-49,R2
239,0,0.6022969141202419,Female,E5,40-49,R3
153,0,0.1142048778673439,Female,E3,30-39,R2
115,0,0.18416811261432597,Male,E1,18-29,R1
68,1,0.22225481999723248,Female,E2,50-64,R4
294,0,0.5394353036982307,Female,E4,40-49,R3
163,0,0.3303613668312662,Male,E1,30-39,R2
123,1,0.6934317781040678,Female,E3,40-49,R4
238,0,0.20560758963854092,Female,E5,30-39,R1
209,0,0.3458418228811726,Male,E5,30-39,R3
93,0,0.4141941884811815,Female,E3,18-29,R1
91,1,0.7269862246894877,Female,E3,30-39,R4
191,1,0.4190457409917443,Male,E1,30-39,R1
247,0,0.167254786954093,Male,E1,30-39,R3
105,1,0.40664689308142554,Female,E2,18-29,R1
63,0,0.2046985582404373,Male,E1,18-29,R1
91,0,0.2902916791319765,Female,E5,30-39,R1
82,1,0.7641517604814291,Female,E1,18-29,R3
175,1,0.5082839844489423,Male,E5,18-29,R1
87,0,0.6081298121470747,Female,E2,30-39,R1
286,0,0.14403452291369045,Male,E2,18-29,R2
38,0,0.29788312161225605,Male,E1,30-39,R1
108,0,0.6501314477927775,Female,E3,30-39,R1
225,0,0.5928706665026133,Female,E1,30-39,R2
58,0,0.523949174798144,Male,E2,50-64,R1
129,1,0.6286140946124366,Female,E4,18-29,R3
169,1,0.5694049376749397,Male,E1,30-39,R1
37,0,0.34012140018718784,Male,E3,30-39,R1
176,0,0.40228919188232926,Female,E1,50-64,R4
160,0,0.09531365403031977,Male,E1,50-64,R3
211,0,0.655222833754381,Male,E2,30-39,R2
146,0,0.24544412525120063,Female,E1,50-64,R2
230,1,0.3548880102978922,Female,E5,18-29,R1
151,1,0.36553580936000957,Male,E3,40-49,R3
178,0,0.18356659463364378,Male,E5,40-49,R1
213,0,0.1040720649039033,Male,E4,50-64,R1
213,0,0.22157250317683383,Male,E2,50-64,R2
19,0,0.3222210769825369,Male,E6,30-39,R2
115,0,0.22580300902196698,Female,E1,40-49,R4
147,0,0.17193745920554382,Female,E1,18-29,R1
181,0,0.4256764786662463,Male,E1,40-49,R1
15,0,0.5242829332285532,Male,E2,40-49,R1
21,1,0.6304607597201345,Female,E5,18-29,R2
292,0,0.11331550444010859,Male,E5,18-29,R1
25,0,0.2584140532247698,Female,E2,40-49,R1
197,0,0.5708032222961071,Male,E3,30-39,R1
79,0,0.3662407139548387,Male,E2,18-29,R3
50,1,0.41789680071888263,Female,E3,30-39,R1
84,0,0.5034007632603941,Male,E3,40-49,R3
275,0,0.01,Male,E3,18-29,R4
142,1,0.3761977364517535,Female,E3,40-49,R1
52,0,0.3172541187961686,Male,E2,30-39,R2
5,0,0.4391320676510067,Male,E2,30-39,R2
106,0,0.2584820870467469,Male,E1,30-39,R1
268,1,0.21194573436159306,Male,E2,18-29,R1
14,0,0.5711727267083238,Male,E4,50-64,R2
145,1,0.3938045469308815,Male,E5,18-29,R2
111,0,0.3016600870690672,Male,E3,30-39,R3
49,0,0.3433193797718251,Female,E1,30-39,R1
219,0,0.36005121918843763,Male,E1,18-29,R1
147,0,0.3188508982087144,Male,E5,18-29,R1
36,0,0.11514017167737477,Female,E3,40-49,R3
296,0,0.35113067809462545,Female,E4,50-64,R2
233,0,0.43383024037039747,Male,E4,30-39,R3
149,1,0.5179638232529069,Female,E2,50-64,R2
128,1,0.39453965588053175,Male,E3,30-39,R1
176,0,0.042713231729356906,Male,E1,18-29,R2
240,1,0.584906628069433,Male,E1,40-49,R1
30,0,0.4370934368391398,Male,E1,30-39,R2
52,0,0.602174191195403,Male,E2,40-49,R1
50,1,0.6732312857736085,Male,E1,30-39,R1
270,0,0.3153996334481027,Male,E5,30-39,R1
136,0,0.3804599583241922,Male,E1,30-39,R2
218,0,0.44484822116391853,Male,E1,18-29,R3
55,0,0.28605725041417673,Male,E1,18-29,R1
14,0,0.1483825281991664,Female,E3,40-49,R2
101,0,0.15094251920493293,Male,E4,50-64,R1
143,0,0.22766808490470336,Male,E3,30-39,R3
104,0,0.07361774142361494,Male,E2,40-49,R2
19,0,0.5262599736583463,Female,E5,18-29,R3
139,0,0.24246265143649193,Male,E1,30-39,R1
216,0,0.6725034894992548,Female,E4,30-39,R2
80,1,0.8248161884025692,Female,E4,30-39,R3
108,0,0.36064730421693675,Female,E1,30-39,R2
209,1,0.8244310901289515,Male,E1,18-29,R3
232,0,0.5786872706314612,Female,E1,18-29,R1
91,0,0.2924456378305504,Male,E1,40-49,R1
264,0,0.21877162889345073,Male,E6,40-49,R3
204,0,0.01,Male,E2,18-29,R1
52,0,0.5734040183111736,Female,E1,30-39,R2
72,1,0.6850026735595276,Male,E1,30-39,R3
243,0,0.1057845210255005,Male,E2,30-39,R3
167,1,0.2730126527408292,Male,E1,30-39,R4
115,0,0.26908757285974366,Female,E2,18-29,R1
234,0,0.4766177900771127,Male,E1,50-64,R2
114,0,0.3735734346242193,Male,E1,50-64,R1
179,1,0.4979531181138176,Male,E1,18-29,R1
196,0,0.1868412370272363,Female,E3,30-39,R1
58,0,0.34356348739294595,Male,E2,18-29,R3
292,1,0.5117869805746289,Female,E3,30-39,R2
180,1,0.6495537338650437,Male,E5,30-39,R3
204,0,0.3219973290164923,Male,E4,18-29,R1
140,0,0.1540390072961387,Male,E1,30-39,R3
66,0,0.1553293673895094,Female,E1,40-49,R2
184,0,0.2764197435815499,Male,E2,18-29,R2
0,1,0.7038645051777247,Female,E2,18-29,R1
166,0,0.23520087018647168,Male,E6,30-39,R2
33,0,0.4106475872733288,Female,E2,18-29,R3
57,1,0.40941896268661454,Male,E5,30-39,R1
88,1,0.5594280941487878,Female,E5,18-29,R4
260,1,0.47819607451564083,Female,E5,30-39,R1
20,0,0.31219781830522825,Female,E3,30-39,R1
99,0,0.2863211885180995,Male,E3,18-29,R1
19,0,0.38903265531080544,Female,E5,50-64,R2
120,0,0.4860739396219306,Female,E6,18-29,R2
283,1,0.8913216551138988,Female,E2,18-29,R2
62,0,0.35340773276435206,Female,E2,50-64,R4
45,0,0.46443087846617326,Male,E3,18-29,R1
196,0,0.34604407752073807,Male,E2,30-39,R2
100,0,0.3084771679448783,Male,E1,40-49,R2
156,0,0.14288093702046645,Male,E1,18-29,R2
289,1,0.4380846649125361,Female,E2,40-49,R4
28,0,0.32551188085489396,Male,E3,40-49,R3
160,0,0.2773474708949578,Male,E5,30-39,R3
262,0,0.3965282616149052,Female,E1,30-39,R3
207,0,0.3982259190933947,Male,E3,18-29,R1
292,0,0.5576938601717378,Male,E1,30-39,R4
86,0,0.3023319833933548,Female,E4,30-39,R2
200,0,0.4691358730567358,Female,E5,18-29,R1
199,0,0.7163951785577284,Female,E4,30-39,R2
201,1,0.5985743132244542,Male,E3,30-39,R1
48,1,0.30226655170171257,Female,E5,18-29,R1
226,0,0.25938117609086075,Female,E5,40-49,R1
103,0,0.08334167167062359,Female,E3,18-29,R3
42,0,0.322486445342285,Female,E4,30-39,R1
271,0,0.5337248180849294,Male,E2,30-39,R3
145,0,0.30015055426916426,Female,E5,30-39,R3
218,0,0.6471814385554017,Female,E3,30-39,R3
110,0,0.46587401749379087,Male,E3,18-29,R1
138,0,0.13414892971601733,Male,E4,30-39,R2
11,0,0.3331134843086477,Female,E2,18-29,R3
137,0,0.5302162381388473,Female,E3,30-39,R2
168,0,0.4780494493101484,Male,E2,18-29,R4
222,0,0.4677093782172549,Male,E5,50-64,R4
168,0,0.8968741268407671,Female,E1,30-39,R1
119,0,0.3357352264073184,Female,E2,18-29,R1
26,0,0.2644713600598586,Male,E3,30-39,R1
129,0,0.35598695459679564,Male,E4,40-49,R2
221,0,0.28622562817797514,Female,E1,40-49,R4
170,0,0.2048591959761935,Female,E1,40-49,R2
64,0,0.48607328291031526,Male,E5,40-49,R1
167,0,0.2882520326097174,Female,E1,30-39,R4
164,0,0.4036176425037933,Female,E1,30-39,R2
138,0,0.7190921034150997,Male,E4,18-29,R1
187,0,0.3822524246674559,Female,E1,30-39,R1
181,0,0.22538126307405637,Male,E1,18-29,R2
234,0,0.4334633567456997,Female,E3,40-49,R3
44,0,0.20064184102100918,Female,E3,40-49,R4
169,0,0.19858271536894195,Male,E1,30-39,R2
221,0,0.10080951181404561,Female,E1,30-39,R4
118,0,0.3410829454295856,Male,E1,18-29,R1
48,0,0.2191889340119589,Male,E1,30-39,R1
152,0,0.6563685104882853,Female,E2,50-64,R2
242,0,0.6283466569912228,Female,E4,30-39,R3
15,0,0.26986197637023435,Female,E6,18-29,R1
171,0,0.4751951964812966,Male,E2,18-29,R2
27,1,0.5219614233509391,Female,E5,40-49,R1
280,1,0.5726453515536075,Female,E1,30-39,R1
209,0,0.27657302481781343,Male,E5,30-39,R1
125,1,0.48044975942271406,Male,E1,30-39,R1
229,0,0.8082522186398461,Female,E4,40-49,R3
197,1,0.5543555073086367,Male,E4,40-49,R2
225,1,0.5231119322954423,Male,E1,40-49,R3
22,0,0.5681726253062677,Male,E1,50-64,R2
171,0,0.11746759419084327,Male,E6,40-49,R1
91,0,0.19343059068730234,Female,E3,40-49,R2
91,0,0.8037804107482204,Female,E4,30-39,R1
48,0,0.6522975090982255,Male,E1,30-39,R1
136,0,0.38965026515313744,Male,E3,30-39,R2
200,0,0.7801507724654403,Female,E3,50-64,R1
206,0,0.38406081614938675,Female,E1,18-29,R1
36,0,0.32451897178306127,Male,E2,18-29,R2
84,0,0.4151917795076809,Male,E4,18-29,R4
149,0,0.2992894598682321,Male,E2,18-29,R3
15,1,0.49990613992934135,Female,E6,40-49,R1
75,0,0.44987740810044125,Female,E5,30-39,R2
112,0,0.5634240348130525,Female,E5,18-29,R3
50,0,0.19708951329485022,Male,E1,40-49,R2
32,1,0.7552454714063934,Female,E3,40-49,R1
244,0,0.1967918934550581,Female,E3,30-39,R1
176,0,0.10391519286923334,Male,E4,30-39,R4
73,0,0.22441752170607204,Female,E6,18-29,R3
146,0,0.474228400635455,Male,E2,50-64,R2
23,0,0.25720953539321684,Female,E1,30-39,R1
214,0,0.6078818425116782,Female,E2,50-64,R1
117,0,0.37116872264781475,Female,E1,18-29,R2
127,0,0.34062300916758664,Female,E3,50-64,R4
63,1,0.796622296388165,Male,E1,40-49,R2
198,0,0.2628854970706361,Female,E3,18-29,R3
214,0,0.6493818701446215,Male,E1,40-49,R1
177,1,0.573710850246483,Male,E6,40-49,R3
185,0,0.1706695009813745,Female,E5,40-49,R2
244,0,0.21483468673712688,Female,E5,30-39,R1
284,0,0.5732916157589868,Male,E1,40-49,R3
75,0,0.2254783743338062,Male,E3,18-29,R4
255,0,0.25556745739016845,Female,E3,18-29,R3
38,0,0.22486046859185962,Male,E3,40-49,R4
91,1,0.8224410818999585,Female,E4,30-39,R4
211,0,0.4294647333927212,Female,E2,40-49,R1
258,0,0.6980960381183735,Female,E6,18-29,R1
205,0,0.442391207745404,Male,E2,30-39,R4
75,0,0.4350355327890243,Male,E1,18-29,R4
128,0,0.23773719171995195,Female,E1,30-39,R1
256,0,0.03237247048949951,Female,E3,30-39,R3
104,0,0.4464562442403428,Female,E1,30-39,R2
43,0,0.32220536317912296,Female,E6,30-39,R1
210,0,0.4074378518293588,Male,E3,30-39,R2
278,0,0.18917940076726752,Male,E3,18-29,R2
283,0,0.4881360653493107,Male,E4,18-29,R1
169,1,0.11246037088995499,Female,E3,18-29,R2
122,0,0.10391526912133027,Male,E1,30-39,R2
137,0,0.3694560709922158,Female,E3,30-39,R2
21,0,0.40029482927666016,Male,E4,30-39,R2
120,1,0.30649217959697406,Male,E1,18-29,R3
93,0,0.06732978125559753,Male,E4,30-39,R1
113,1,0.32638809144957576,Male,E1,40-49,R1
251,0,0.24558471775914975,Female,E6,40-49,R3
47,1,0.4390901851966806,Male,E1,30-39,R1
238,1,0.38671993283902034,Male,E1,30-39,R1
189,1,0.6493376514406631,Female,E1,40-49,R1
272,0,0.10279856194485748,Female,E3,50-64,R1
106,0,0.8408608287202037,Male,E1,30-39,R4
93,0,0.37432129706771894,Female,E2,30-39,R1
264,0,0.6153665001370442,Male,E2,30-39,R4
39,1,0.6841483328939739,Male,E5,30-39,R2
37,1,0.5199521094685391,Male,E5,40-49,R3
230,0,0.1347145599787643,Male,E6,40-49,R1
140,0,0.6945855706255962,Male,E4,18-29,R2
132,0,0.5215620900429122,Male,E3,18-29,R3
175,1,0.6745889631143309,Male,E2,18-29,R1
212,0,0.32744512391558733,Female,E2,30-39,R1
218,1,0.5654374604280168,Male,E1,18-29,R3
99,0,0.32387811249290793,Female,E5,18-29,R1
196,0,0.46400107499431903,Male,E1,50-64,R1
71,1,0.47260432827390697,Male,E3,50-64,R2
127,0,0.01,Female,E2,30-39,R2
75,0,0.6092011646317914,Male,E4,30-39,R1
219,0,0.1907676787803251,Male,E3,30-39,R1
5,0,0.2809347537893107,Male,E5,18-29,R2
212,0,0.30562398609012276,Female,E4,30-39,R1
232,0,0.40624997644324856,Male,E3,40-49,R1
114,0,0.15492810264632145,Male,E4,30-39,R2
15,1,0.5890542417130766,Male,E2,30-39,R3
128,0,0.23353716573375785,Female,E2,40-49,R1
248,0,0.2866018108683351,Female,E1,40-49,R1
106,0,0.40270068394991604,Male,E2,30-39,R1
161,0,0.1619692587297735,Female,E6,40-49,R3
233,0,0.36806515329886486,Male,E2,30-39,R2
292,0,0.2032338492397011,Female,E1,40-49,R1
42,0,0.4244053955981143,Male,E2,30-39,R1
23,0,0.23809514464145856,Male,E6,30-39,R2
244,1,0.3689331408793398,Male,E2,40-49,R4
249,0,0.1984461140196241,Female,E3,30-39,R1
176,0,0.4923844116532589,Female,E1,18-29,R3
67,0,0.3924838840786246,Male,E1,30-39,R1
111,0,0.48830204284466305,Female,E5,30-39,R1
169,0,0.45642644301838287,Female,E1,40-49,R2
282,0,0.38717088144800316,Male,E3,40-49,R4
8,1,0.5202223575257524,Female,E6,40-49,R1
287,0,0.19726114294908648,Male,E3,40-49,R4
237,0,0.1261957559771786,Female,E1,40-49,R1
290,1,0.466840205584154,Female,E4,30-39,R1
114,0,0.2744567658244889,Female,E1,30-39,R2
30,0,0.19633176280328718,Male,E1,30-39,R3
248,0,0.22463782478138689,Male,E3,30-39,R3
147,0,0.15758402889602835,Male,E1,40-49,R1
130,0,0.019897031404989787,Female,E3,18-29,R4
276,0,0.21914033268602812,Male,E1,40-49,R1
182,0,0.6896663164716906,Male,E1,18-29,R4
2,0,0.2296947160804105,Female,E1,18-29,R1
238,0,0.6111893324662707,Female,E4,30-39,R1
89,0,0.5473788362124848,Male,E5,50-64,R2
150,0,0.5574988510590009,Female,E4,18-29,R2
137,0,0.5440986917481035,Male,E4,18-29,R3
63,0,0.6322178000606427,Male,E5,18-29,R2
83,1,0.6382954077777379,Male,E1,18-29,R4
143,0,0.36234695353439106,Female,E6,30-39,R3
171,1,0.7016899472434351,Female,E1,30-39,R1
226,0,0.08351694305375597,Female,E3,50-64,R3
160,0,0.16183618092997595,Female,E4,40-49,R1
224,0,0.5011647435686802,Male,E3,50-64,R1
253,0,0.4060096283106886,Male,E3,50-64,R2
68,1,0.42750076848583507,Male,E1,30-39,R2
71,1,0.5476328811734291,Male,E1,50-64,R1
22,0,0.09397686050765029,Male,E3,30-39,R3
226,0,0.29753910178461035,Male,E4,50-64,R1
28,0,0.16941887338268746,Male,E5,50-64,R2
148,0,0.1847316107161845,Male,E5,30-39,R1
296,1,0.4203639771652469,Female,E5,30-39,R1
289,0,0.5439259230981665,Female,E1,18-29,R3
219,0,0.3452474649857759,Female,E1,18-29,R2
257,0,0.5307157248939908,Male,E2,30-39,R1
159,0,0.45193041268057627,Male,E3,18-29,R2
6,1,0.6995410935970946,Female,E1,30-39,R3
49,0,0.4073322672119222,Male,E1,30-39,R2
119,0,0.01,Female,E2,18-29,R1
148,0,0.5444584510784004,Male,E6,40-49,R4
76,0,0.6021913180906265,Male,E3,30-39,R3
229,0,0.8471145725943765,Male,E1,18-29,R1
146,0,0.43833539437824315,Male,E5,30-39,R2
199,0,0.45943041862239525,Female,E2,30-39,R4
298,0,0.5556309991060805,Male,E2,18-29,R1
176,1,0.5087496297433237,Male,E4,30-39,R1
173,0,0.4513517263952042,Female,E5,30-39,R1
135,1,0.652694140906856,Female,E1,40-49,R4
20,1,0.7734361214206061,Male,E1,30-39,R1
9,0,0.2799846238781961,Male,E4,30-39,R2
224,1,0.3610914205801212,Female,E1,40-49,R1
148,0,0.4702232158432403,Male,E2,18-29,R1
60,0,0.11052639615419657,Male,E2,18-29,R1
103,0,0.37913840271906074,Male,E3,30-39,R1
138,0,0.5076851199300918,Male,E5,40-49,R2
83,0,0.2721571025811688,Male,E4,50-64,R2
190,0,0.24578369411992648,Female,E1,40-49,R1
290,1,0.25324282669784737,Female,E6,30-39,R1
273,1,0.5771385489813512,Female,E4,30-39,R1
95,1,0.731121352392068,Male,E3,40-49,R3
102,0,0.08598767023209156,Male,E6,30-39,R2
298,1,0.3198415896825985,Male,E2,30-39,R1
199,0,0.10594443045642148,Female,E1,40-49,R3
26,0,0.5964724966498117,Female,E4,18-29,R1
10,0,0.12917638312026503,Male,E2,18-29,R1
146,0,0.40183130752974,Male,E2,40-49,R1
18,1,0.5344289076272883,Female,E6,18-29,R1
217,1,0.3922898189318497,Female,E1,30-39,R1
127,0,0.41396014217729815,Female,E6,50-64,R2
21,0,0.19945533272345153,Female,E1,30-39,R2
176,0,0.3072315825494542,Male,E3,18-29,R3
85,1,0.22289798243484102,Female,E1,30-39,R1
85,0,0.4477559151845182,Female,E4,40-49,R2
242,0,0.30422388135185835,Female,E2,30-39,R2
222,0,0.5867453415361015,Male,E3,40-49,R2
158,0,0.35428668102715427,Female,E2,30-39,R1
96,1,0.462434398169064,Male,E1,40-49,R3
235,0,0.2003783810128724,Female,E2,40-49,R2
81,0,0.28292308038314967,Male,E5,40-49,R4
262,0,0.20382051372290377,Female,E4,18-29,R3
208,0,0.3262292191327364,Female,E5,50-64,R2
174,0,0.24870474763544412,Female,E4,50-64,R3
212,0,0.579996506786762,Female,E1,40-49,R3
272,0,0.27278982030369464,Female,E3,40-49,R3
292,0,0.10110364908922054,Male,E1,30-39,R1
169,0,0.573069826267439,Female,E5,18-29,R3
39,0,0.5917118280056396,Male,E1,30-39,R2
212,0,0.37936084379589075,Female,E6,18-29,R2
28,0,0.17145369728994952,Male,E4,40-49,R2
171,0,0.6890265612211732,Male,E1,30-39,R1
249,0,0.632751192331728,Female,E5,30-39,R3
283,1,0.731096720528583,Female,E3,30-39,R1
82,1,0.7218356721021497,Male,E6,18-29,R1
210,0,0.20818136166646162,Female,E6,18-29,R1
271,0,0.36879815381049713,Male,E3,30-39,R1
116,0,0.5173679198885669,Female,E3,40-49,R1
171,0,0.4309177595497313,Female,E4,30-39,R1
281,0,0.360486007659073,Male,E3,40-49,R2
180,0,0.06735456838027969,Female,E3,40-49,R1
100,0,0.14377136907475224,Female,E4,18-29,R1
1,1,0.5611252376389481,Male,E4,50-64,R3
7,0,0.385109569248398,Male,E6,40-49,R3
169,0,0.30637120122203065,Female,E3,40-49,R4
19,0,0.3244663672759168,Female,E1,40-49,R2
261,0,0.632043301346461,Female,E5,40-49,R1
38,0,0.01,Female,E2,40-49,R3
298,1,0.5586937233015646,Male,E5,50-64,R1
214,0,0.01,Female,E3,50-64,R2
114,0,0.649979218616768,Male,E2,50-64,R2
135,0,0.09038825110809723,Male,E5,30-39,R3
50,0,0.1273366613193967,Male,E2,50-64,R1
45,0,0.32626344008056213,Female,E1,40-49,R1
271,0,0.6958274604498633,Female,E5,30-39,R1
6,0,0.35173375747476127,Female,E1,40-49,R3
124,0,0.20121587704051203,Male,E6,30-39,R1
180,0,0.53123760962432,Female,E1,40-49,R4
135,0,0.16460807469875574,Male,E1,30-39,R1
277,1,0.23499542509529525,Male,E5,40-49,R1
140,0,0.09846915188833866,Female,E5,30-39,R1
206,0,0.2851715579191756,Female,E1,40-49,R4
164,0,0.328908622031506,Female,E5,18-29,R4
223,1,0.6622033181916672,Male,E1,30-39,R3
18,1,0.7132692342190237,Female,E2,50-64,R1
255,0,0.44766781049419274,Male,E5,50-64,R1
4,0,0.3484908829068744,Male,E1,40-49,R2
74,0,0.49300134286594827,Female,E1,18-29,R2
230,0,0.18689482481999883,Male,E5,30-39,R4
123,0,0.3290952864432496,Male,E5,30-39,R1
189,0,0.11205526889801369,Male,E2,18-29,R1
170,0,0.284792198803482,Female,E1,18-29,R1
118,0,0.6649445227020179,Male,E2,30-39,R1
223,1,0.6521033890314133,Female,E3,30-39,R3
196,0,0.4910232075937858,Male,E2,30-39,R1
29,0,0.45393302690008236,Male,E3,30-39,R3
213,0,0.2492017368946763,Male,E6,30-39,R1
59,0,0.1543115021074374,Female,E2,40-49,R1
87,0,0.37622253180212745,Female,E6,18-29,R2
299,0,0.5338468124801145,Male,E4,30-39,R2
117,0,0.17646368171919619,Male,E3,50-64,R1
153,0,0.6155456614350704,Female,E1,40-49,R1
74,1,0.546086121619213,Male,E4,30-39,R1
168,0,0.6465643904873434,Male,E5,40-49,R1
41,1,0.11425789655277552,Female,E1,40-49,R3
23,0,0.5686879062413364,Female,E4,18-29,R1
177,0,0.3193866169689141,Female,E2,30-39,R2
133,0,0.17407951923562795,Female,E4,30-39,R4
221,0,0.38214088530072055,Female,E1,30-39,R2
39,0,0.17820811197495806,Female,E4,18-29,R2
182,0,0.24662934101139367,Male,E5,40-49,R2
13,0,0.3150649647958177,Male,E1,50-64,R1
76,0,0.4224895877964093,Male,E1,18-29,R3
48,0,0.5983869541076544,Female,E2,40-49,R3
192,0,0.6748997233939615,Male,E5,18-29,R1
69,0,0.805198812136015,Female,E4,18-29,R3
123,0,0.2077869251084259,Male,E6,30-39,R4
109,0,0.09432888654887547,Female,E1,30-39,R1
133,0,0.33964424635776674,Female,E2,30-39,R2
293,0,0.10257180410390433,Male,E6,40-49,R1
3,0,0.2422265097191894,Female,E1,30-39,R2
141,0,0.2837814898617533,Male,E2,40-49,R4
233,0,0.21957180639713866,Male,E4,30-39,R1
163,0,0.29842266786779936,Male,E2,18-29,R3
269,0,0.7757056377639805,Female,E5,40-49,R3
122,0,0.4682098505238508,Male,E6,30-39,R1
87,0,0.46615121158508066,Female,E1,50-64,R4
129,0,0.059215086031813115,Male,E1,50-64,R2
108,1,0.4556037578983765,Male,E3,30-39,R1
58,0,0.4465156900490848,Female,E4,18-29,R1
147,0,0.030697251707304366,Male,E2,30-39,R2
249,0,0.1862792667764937,Male,E2,30-39,R1
119,0,0.656139144261652,Male,E1,18-29,R1
245,0,0.6238685772540244,Male,E5,18-29,R4
110,0,0.023419693572160408,Female,E6,30-39,R3
255,0,0.4876814277003825,Female,E1,30-39,R1
223,0,0.6263684970164429,Female,E2,40-49,R2
178,0,0.330013497464097,Male,E1,40-49,R2
196,0,0.1616345600229603,Female,E2,30-39,R1
88,0,0.3348639844957122,Female,E2,40-49,R4
96,0,0.1006641261860245,Male,E3,18-29,R1
125,1,0.3763376293344596,Male,E1,18-29,R3
190,0,0.3625158821527028,Female,E6,50-64,R2
117,0,0.4697705267404533,Male,E4,30-39,R4
205,0,0.14229402579776002,Male,E1,30-39,R2
118,0,0.632024501772452,Female,E1,30-39,R1
132,0,0.17479415947658258,Male,E4,18-29,R1
214,1,0.5624376974752325,Male,E3,30-39,R4
78,0,0.33162865816213993,Female,E3,18-29,R1
277,0,0.3339694731461579,Male,E4,30-39,R1
258,0,0.31335270706595486,Female,E4,18-29,R1
237,0,0.23167859038314784,Female,E4,18-29,R2
1,1,0.7976014437123565,Male,E6,30-39,R4
43,0,0.5589038919818042,Female,E2,30-39,R2
215,0,0.2644252705692353,Female,E2,18-29,R1
176,0,0.5737878277088722,Female,E1,18-29,R3
242,1,0.4153251543163275,Female,E1,40-49,R1
1,1,0.6223802814616576,Male,E5,50-64,R3
63,1,0.37093091672622075,Male,E2,30-39,R3
88,0,0.13267185087269834,Male,E2,40-49,R1
171,0,0.7213019445380886,Male,E4,40-49,R1
160,0,0.4879689177000128,Female,E1,40-49,R2
294,0,0.6038483353169901,Male,E2,30-39,R2
136,0,0.204726845141131,Male,E3,18-29,R2
90,0,0.45763492902139286,Female,E4,30-39,R3
209,0,0.08952886412505985,Female,E4,18-29,R1
184,1,0.48062945166782356,Male,E2,18-29,R1
160,0,0.09123843575820396,Male,E3,40-49,R3
124,0,0.3756633232717979,Male,E1,40-49,R1
6,0,0.39030284775504526,Female,E5,50-64,R1
132,0,0.4692921635489049,Male,E2,50-64,R2
168,1,0.4518772807570766,Male,E1,30-39,R3
225,1,0.6905744302375275,Female,E2,50-64,R3
134,0,0.5421833515971614,Male,E1,40-49,R2
163,0,0.11507453704877024,Male,E1,30-39,R4
216,0,0.43457274609800495,Female,E6,30-39,R1
83,1,0.4574282874979505,Female,E4,30-39,R3
105,0,0.14262158896851596,Female,E2,30-39,R1
222,0,0.4958962896817092,Male,E3,18-29,R1
244,0,0.5229451790519293,Female,E3,40-49,R1
167,0,0.19388092419181452,Male,E1,18-29,R2
243,0,0.3896306772902123,Male,E3,30-39,R1
92,0,0.11778344735544896,Male,E2,40-49,R1
284,0,0.39956993132701535,Male,E1,30-39,R4
179,0,0.1873882709126284,Female,E6,40-49,R3
235,1,0.6227527457826727,Female,E3,30-39,R2
222,0,0.3861786105458729,Male,E1,40-49,R2
260,0,0.76264577253367,Female,E3,40-49,R1
19,0,0.31099703585700234,Female,E4,18-29,R1
26,1,0.44918306991805407,Male,E1,18-29,R2
49,0,0.3689462082110441,Male,E2,30-39,R2
205,1,0.2542040785262012,Male,E1,30-39,R2
105,1,0.8811559730383065,Male,E1,40-49,R2
139,0,0.4012865404430106,Female,E2,50-64,R2
74,0,0.08249093031351928,Male,E6,30-39,R3
296,1,0.6528846970802434,Male,E6,30-39,R3
169,0,0.544291005204948,Female,E2,40-49,R2
284,0,0.19593322980512487,Female,E2,40-49,R1
14,0,0.3639420421935518,Male,E1,30-39,R2
189,0,0.2233876721296827,Male,E1,30-39,R2
275,0,0.2632510337962547,Female,E3,40-49,R4
267,1,0.6310398908339698,Male,E5,50-64,R2
220,0,0.312123596007402,Female,E3,40-49,R1
56,0,0.6095050944717023,Female,E3,30-39,R3
125,0,0.01,Female,E2,18-29,R2
265,0,0.42497336792659335,Male,E1,30-39,R1
45,1,0.3200590389038452,Female,E6,40-49,R3
31,0,0.6957101142742533,Female,E6,30-39,R1
18,0,0.01,Male,E2,30-39,R1
57,1,0.8834779919151181,Female,E1,30-39,R3
221,0,0.4487391608616363,Female,E4,18-29,R3
158,0,0.5116844943071294,Male,E2,50-64,R3
169,1,0.6104107309387004,Female,E5,30-39,R1
166,0,0.6425835520497698,Male,E1,50-64,R1
124,0,0.3387306281073309,Male,E1,50-64,R2
72,0,0.19588810696962,Male,E1,30-39,R1
94,0,0.4126301380534096,Female,E1,30-39,R4
118,0,0.7685350077671494,Female,E3,50-64,R1
16,0,0.4196198797745116,Male,E5,40-49,R2
187,1,0.34960603498346027,Male,E2,50-64,R1
227,0,0.25746684436816925,Male,E1,50-64,R1
11,1,0.5075913901277378,Female,E1,30-39,R1
63,1,0.5762340326148104,Female,E3,30-39,R2
193,0,0.1861638146677298,Female,E1,30-39,R1
80,0,0.4328186272411283,Female,E1,18-29,R1
26,0,0.6853992410489577,Male,E1,30-39,R4
69,0,0.534655837548459,Male,E1,40-49,R1
286,0,0.3939698564968998,Female,E1,50-64,R1
169,0,0.5231835076367582,Male,E6,30-39,R1
277,0,0.6615821830860876,Male,E1,50-64,R4
87,0,0.05625028517855321,Female,E6,30-39,R1
259,0,0.5225551496242238,Female,E4,30-39,R1
32,0,0.20951780101196288,Female,E1,18-29,R2
239,0,0.18630018513073604,Female,E3,18-29,R1
261,0,0.62722014310677,Female,E2,30-39,R2
19,0,0.4012129352337337,Male,E2,30-39,R3
51,0,0.3284469653332491,Female,E2,18-29,R1
185,0,0.48153046980304876,Male,E4,50-64,R1
64,1,0.5552118613506988,Female,E1,30-39,R4
248,0,0.812594946387524,Male,E4,50-64,R1
222,0,0.4980661322524381,Male,E1,18-29,R4
250,0,0.2016952213563451,Male,E3,50-64,R2
137,0,0.5259177074733682,Male,E6,50-64,R1
265,1,0.5698584575122451,Male,E3,30-39,R4
280,0,0.1087547950660449,Male,E1,40-49,R2
247,0,0.6679007762204916,Female,E2,40-49,R1
268,0,0.6839663011143085,Male,E3,18-29,R1
269,0,0.34830703986181716,Female,E1,18-29,R2
168,0,0.23871093730893822,Female,E4,30-39,R1
3,0,0.5198859677088121,Female,E4,18-29,R4
49,0,0.19385456450962563,Female,E5,50-64,R2
111,0,0.10698816653068674,Male,E4,18-29,R1
92,1,0.6361471124810173,Female,E1,30-39,R3
229,0,0.24068638958766378,Male,E2,30-39,R1
199,0,0.5683024114406279,Male,E3,40-49,R3
127,0,0.21189471705588217,Female,E5,18-29,R2
89,0,0.49367527228897345,Female,E1,50-64,R4
211,0,0.26565411518126714,Female,E6,40-49,R1
153,0,0.19260157592658075,Male,E4,30-39,R1
73,0,0.6203382980742438,Female,E6,18-29,R2
36,0,0.4208478427150996,Male,E3,50-64,R3
271,0,0.24296494282380277,Female,E5,40-49,R3
168,0,0.284053652709072,Male,E4,30-39,R1
242,0,0.24220496431051247,Male,E3,18-29,R1
282,0,0.47037552918722236,Female,E4,40-49,R3
241,0,0.06615022004254333,Female,E1,18-29,R3
186,0,0.15349551458920374,Female,E2,40-49,R2
89,1,0.3715791590510778,Male,E5,40-49,R1
86,0,0.3623226355070857,Male,E1,30-39,R2
99,0,0.01,Male,E3,30-39,R1
34,0,0.3938587894693357,Male,E1,40-49,R1
289,0,0.34628286688267024,Female,E2,18-29,R3
179,0,0.28574752930684616,Male,E6,18-29,R3
79,0,0.29233279877809154,Female,E6,40-49,R1
165,0,0.13614329925709925,Male,E4,18-29,R1
278,0,0.2582295065337393,Female,E1,30-39,R1
226,0,0.30730994801988293,Female,E3,40-49,R2
211,0,0.3935297282442018,Male,E1,30-39,R1
0,1,0.6200114107624994,Male,E5,30-39,R1
292,0,0.5628066692815455,Male,E3,18-29,R1
45,1,0.5960028282730786,Male,E5,30-39,R2
267,0,0.32328764230389173,Female,E2,50-64,R3
184,0,0.3273165402443789,Male,E5,40-49,R3
128,0,0.16905116461896105,Male,E1,18-29,R1
172,1,0.5320388711956116,Male,E1,40-49,R2
120,1,0.7366420345458067,Male,E4,30-39,R4
210,0,0.2639364031998381,Male,E3,30-39,R4
127,0,0.3772107399375868,Female,E5,30-39,R1
268,1,0.25614960528070124,Male,E4,18-29,R1
280,0,0.3740289510302308,Female,E1,18-29,R1
230,0,0.29615297285305775,Female,E6,50-64,R3
103,0,0.0376122100892451,Male,E5,18-29,R4
183,0,0.01,Male,E2,40-49,R1
143,0,0.2840227934154563,Male,E5,30-39,R3
298,0,0.44211618897331667,Male,E5,30-39,R1
42,0,0.405238411442083,Female,E1,50-64,R1
101,0,0.35706105894237505,Female,E1,18-29,R1
186,0,0.4850204205535478,Female,E3,40-49,R1
72,0,0.1070723565292587,Female,E2,30-39,R1
119,0,0.6461976252230847,Female,E3,30-39,R1
80,1,0.8048935100026856,Female,E2,18-29,R4
13,0,0.2972313567689578,Female,E4,18-29,R1
188,0,0.22803415706225857,Male,E5,18-29,R2
175,0,0.44021614563031475,Male,E4,30-39,R4
35,0,0.40100624904138665,Male,E2,18-29,R4
189,0,0.6064646527240298,Female,E6,40-49,R3
122,0,0.19396868188826477,Female,E1,18-29,R1
65,0,0.6265184433979112,Male,E1,18-29,R1
103,1,0.5521713441283911,Female,E1,50-64,R2
80,0,0.20087117246473335,Female,E5,30-39,R2
35,1,0.5873449158697936,Male,E1,30-39,R3
71,0,0.28443800062517133,Male,E5,50-64,R4
248,0,0.4038145815190579,Female,E4,30-39,R1
0,0,0.7194685103040186,Male,E4,18-29,R2
250,1,0.38957357415967586,Male,E2,40-49,R1
138,0,0.5221152513135456,Male,E2,30-39,R3
75,0,0.2659724269175773,Male,E4,30-39,R1
54,0,0.5947000764161404,Female,E1,18-29,R1
26,0,0.2690011189346027,Male,E2,30-39,R2
149,0,0.03761848705636452,Male,E2,30-39,R1
188,1,0.2988158114499953,Female,E2,30-39,R2
148,0,0.7779939036130669,Male,E5,50-64,R3
61,0,0.1833103023793058,Female,E2,18-29,R1
46,0,0.627582715136618,Female,E3,50-64,R3
175,0,0.5532193188714867,Female,E4,18-29,R1
48,0,0.035026803980345675,Male,E1,18-29,R2
117,0,0.16996541969902115,Male,E1,30-39,R2
166,0,0.6289898580866645,Female,E5,18-29,R1
258,0,0.4459222856824275,Female,E2,50-64,R1
43,1,0.7313189625875188,Male,E1,50-64,R3
93,0,0.18972956984369965,Male,E1,30-39,R1
194,0,0.6567657939286718,Male,E2,30-39,R3
155,0,0.4152343627392002,Female,E1,18-29,R2
205,0,0.5159379450516697,Male,E4,40-49,R1
24,0,0.36650481991438216,Male,E2,40-49,R2
73,0,0.2239765688377966,Female,E3,30-39,R3
109,0,0.09202894246719237,Male,E5,30-39,R1
261,0,0.09871056196556523,Male,E1,18-29,R2
270,0,0.23663586111066384,Female,E4,18-29,R1
71,0,0.22886068476396154,Male,E2,50-64,R1
43,0,0.3284003405475694,Male,E1,40-49,R2
60,0,0.13914547597219235,Male,E4,40-49,R1
225,0,0.06365416840103555,Male,E2,30-39,R1
84,1,0.7366851780639645,Male,E4,30-39,R1
135,1,0.229134506142239,Male,E6,30-39,R1
106,1,0.47814523170068685,Male,E1,18-29,R3
169,0,0.3430039562016887,Female,E1,40-49,R2
266,0,0.13219133892522636,Male,E3,40-49,R1
268,0,0.24558479723478724,Male,E3,30-39,R2
181,0,0.2296434558843087,Male,E3,18-29,R2
270,0,0.5345879329772932,Female,E5,30-39,R4
226,0,0.8745363276619531,Male,E4,18-29,R2
130,0,0.7464324717181533,Male,E4,18-29,R1
198,0,0.35404163709357084,Male,E2,18-29,R1
298,0,0.6708075261704125,Male,E4,50-64,R3
51,1,0.5041575052759677,Male,E4,18-29,R1
85,0,0.10763716826495981,Female,E1,40-49,R2
217,1,0.4719865028470076,Female,E1,30-39,R3
66,1,0.2888658913737379,Female,E3,40-49,R1
140,0,0.1778178230897564,Female,E4,50-64,R1
184,0,0.33503752627014477,Female,E5,30-39,R4
32,0,0.2800053606660619,Female,E1,50-64,R1
177,0,0.25383259883472714,Female,E4,18-29,R1
246,0,0.3049276749558764,Male,E2,50-64,R3
156,1,0.7268043270657152,Male,E2,30-39,R2
292,0,0.21110516195533582,Female,E2,40-49,R1
92,0,0.15404734512606322,Female,E5,18-29,R1
110,0,0.4693949876414063,Female,E2,18-29,R1
130,0,0.37493774508637234,Female,E4,40-49,R1
208,1,0.24117261015043115,Female,E1,40-49,R1
163,0,0.6703812049342927,Male,E4,30-39,R3
192,1,0.48953587247807445,Female,E6,30-39,R3
7,0,0.22535361773833007,Male,E6,50-64,R1
90,0,0.8194197317129356,Female,E4,30-39,R1
19,0,0.7611020818655915,Male,E6,18-29,R2
198,0,0.06457582925615749,Female,E3,18-29,R3
11,0,0.24611724555647155,Male,E3,40-49,R2
184,1,0.34996901581209267,Female,E6,50-64,R3
251,1,0.33077814370978476,Male,E4,30-39,R1
232,0,0.4811335736299219,Female,E6,30-39,R2
185,1,0.8126492179280929,Female,E3,30-39,R3
241,0,0.4081239715810541,Male,E6,18-29,R3
93,1,0.26703107830207473,Male,E1,18-29,R2
196,0,0.014038929887832185,Female,E3,18-29,R2
172,0,0.49336984002268774,Male,E2,18-29,R2
135,1,0.5041868329854003,Male,E1,18-29,R1
263,1,0.5319468600469794,Female,E1,30-39,R1
142,0,0.3300576861625315,Male,E3,40-49,R2
29,0,0.3157591780291227,Female,E1,40-49,R1
149,0,0.5783734896377185,Male,E3,50-64,R2
58,0,0.25591514259756315,Male,E2,40-49,R2
282,0,0.19921419918951594,Male,E3,50-64,R1
98,0,0.2349926191114696,Male,E1,30-39,R4
213,1,0.5859850278970892,Male,E1,40-49,R3
137,0,0.23211283727647772,Female,E1,18-29,R3
9,1,0.39546355838788166,Male,E6,18-29,R3
107,0,0.23058212228002314,Female,E1,30-39,R1
283,0,0.43612149548336965,Male,E2,30-39,R1
254,0,0.3768258325446501,Male,E1,30-39,R1
175,1,0.7285969461358127,Male,E4,50-64,R3
163,0,0.22258172714136906,Male,E6,50-64,R1
108,0,0.7789980436034265,Male,E1,30-39,R1
22,0,0.44050282842638844,Female,E2,40-49,R3
275,0,0.3037092778446592,Male,E1,40-49,R1
78,0,0.6141598595297019,Male,E3,18-29,R4
23,0,0.1905195035514615,Male,E1,18-29,R4
152,0,0.21870617412798676,Female,E5,18-29,R1
26,0,0.21358178835786232,Male,E5,40-49,R2
227,0,0.6302948631091929,Female,E3,18-29,R1
194,0,0.2067581614983332,Female,E3,40-49,R1
188,0,0.3571548943380012,Male,E1,18-29,R4
230,1,0.3324381955721419,Male,E2,40-49,R2
298,1,0.8146168027325453,Female,E3,50-64,R1
77,0,0.39146782330738494,Male,E3,18-29,R1
96,1,0.5280109493201485,Female,E2,40-49,R3
162,0,0.05743917174777076,Male,E3,18-29,R2
185,1,0.5824577560374012,Female,E3,30-39,R2
8,1,0.4085238478232386,Male,E6,30-39,R3
287,0,0.24860597540143048,Female,E4,40-49,R4
154,0,0.7603211604117303,Male,E2,30-39,R2
134,0,0.43455446904080397,Male,E1,40-49,R1
186,1,0.6255818741783924,Male,E1,40-49,R2
48,1,0.7262686972122988,Male,E5,18-29,R4
131,0,0.1346132009918823,Female,E6,50-64,R1
68,0,0.2759009300154031,Female,E1,40-49,R4
3,0,0.16864051254471624,Female,E3,30-39,R1
120,0,0.7493740066081198,Female,E1,30-39,R1
40,0,0.20281884324394578,Male,E3,18-29,R1
37,1,0.6036924016644696,Female,E1,30-39,R2
42,0,0.51703902138814,Male,E2,18-29,R1
142,0,0.250518616454712,Male,E2,18-29,R1
239,0,0.25721872751986846,Male,E4,18-29,R1
291,0,0.202514828193017,Female,E1,30-39,R3
241,0,0.14673087903037726,Male,E3,18-29,R1
263,0,0.31016825439223367,Male,E4,50-64,R3
159,1,0.10874809891888573,Male,E2,30-39,R1
178,0,0.01,Female,E2,18-29,R3
175,0,0.1717101608002664,Female,E1,30-39,R2
281,0,0.13532960001882965,Female,E1,40-49,R1
103,0,0.29781622171386135,Female,E1,18-29,R4
188,0,0.3565020573871724,Male,E1,18-29,R3
287,0,0.4716151886877697,Male,E3,30-39,R3
24,0,0.3202887520299366,Female,E3,40-49,R2
224,0,0.2597305575401746,Female,E2,30-39,R2
196,0,0.4823054958563596,Female,E2,40-49,R2
241,0,0.626581973317245,Male,E6,30-39,R4
176,0,0.5447108281204336,Male,E4,30-39,R2
196,1,0.6184177585428839,Male,E5,18-29,R1
193,0,0.25066290969210364,Female,E3,30-39,R2
135,0,0.21878551709777716,Male,E2,30-39,R1
77,0,0.5964387988458427,Female,E5,18-29,R1
99,0,0.36760087155688626,Male,E3,30-39,R1
219,0,0.08682675974119736,Male,E1,30-39,R2
186,0,0.0365982096849724,Male,E6,30-39,R1
160,0,0.15252573286311383,Male,E2,50-64,R1
47,0,0.43060857156347887,Male,E3,50-64,R2
290,0,0.15232041322490597,Male,E2,18-29,R2
172,0,0.6015039873804762,Male,E3,30-39,R1
38,0,0.12036150964940415,Male,E2,30-39,R4
264,0,0.5232485682030114,Female,E2,30-39,R4
157,0,0.5843777071372104,Male,E5,50-64,R2
143,0,0.46357781046145957,Female,E4,30-39,R1
255,0,0.37518014515700976,Female,E4,40-49,R1
112,0,0.3182841571776195,Female,E1,50-64,R2
50,1,0.7702146138029031,Female,E4,50-64,R2
50,0,0.09353150596745881,Male,E4,40-49,R1
231,0,0.3035514258122028,Male,E6,18-29,R3
69,0,0.7403237470917552,Female,E4,40-49,R1
280,0,0.01,Female,E2,40-49,R3
270,0,0.235658963958048,Male,E3,40-49,R3
221,0,0.2950261759314678,Male,E2,30-39,R2
250,1,0.6317893806213548,Female,E1,30-39,R2
195,0,0.5316617740387342,Female,E1,18-29,R2
268,1,0.6646296956400175,Female,E3,50-64,R4
64,0,0.44258431260632536,Male,E3,30-39,R2
72,0,0.12345987168458414,Male,E2,40-49,R2
278,1,0.5878317418112574,Female,E3,50-64,R4
65,0,0.5283173136150474,Male,E2,30-39,R1
24,0,0.4740488975199219,Female,E2,30-39,R4
2,1,0.3472885670535706,Female,E3,30-39,R1
109,0,0.41155828735497324,Female,E1,30-39,R1
142,0,0.3279335379507107,Male,E2,18-29,R3
16,0,0.4692254717575716,Male,E3,50-64,R1
187,0,0.4860814449682476,Male,E1,40-49,R3
140,1,0.5756036885206188,Male,E2,18-29,R3
210,0,0.6828788616317099,Female,E5,40-49,R1
221,1,0.5733002284487094,Male,E3,18-29,R1
66,1,0.526586228536256,Female,E2,30-39,R4
150,0,0.08893419356474369,Male,E1,40-49,R1
221,0,0.1271389441755466,Female,E1,18-29,R1
70,0,0.484543730981387,Female,E1,40-49,R3
287,1,0.43383819539161006,Female,E6,30-39,R4
189,0,0.2501410534026373,Female,E3,18-29,R1
70,0,0.47010158281135683,Male,E1,30-39,R2
221,1,0.4101004418848441,Female,E3,30-39,R1
44,0,0.29170454752163427,Male,E3,18-29,R3
76,0,0.20536856147885735,Male,E2,30-39,R1
39,1,0.5082798782297598,Female,E3,40-49,R4
98,0,0.11837970567492724,Male,E5,18-29,R1
4,1,0.7170372822156835,Female,E1,18-29,R2
61,0,0.233894490519846,Female,E1,18-29,R2
131,0,0.4132436952514073,Male,E3,40-49,R1
136,0,0.27910251799585534,Female,E3,30-39,R2
242,0,0.5324274078274029,Male,E5,18-29,R1
17,1,0.451916122425363,Male,E4,18-29,R3
115,0,0.2990212551258552,Female,E5,40-49,R4
125,0,0.28681459786824465,Male,E6,18-29,R2
57,0,0.1712854872398127,Male,E4,30-39,R2
25,0,0.09405375629406697,Male,E2,30-39,R4
298,0,0.24085654658767097,Female,E2,40-49,R1
78,0,0.20249143769465747,Male,E1,50-64,R4
20,1,0.3147956476857135,Female,E1,18-29,R1
297,1,0.39979998274786205,Male,E5,18-29,R3
171,0,0.3341164181774087,Male,E1,30-39,R1
20,0,0.35977795607298285,Female,E4,30-39,R1
270,1,0.24189462956817048,Female,E3,18-29,R1
88,0,0.5272335985311857,Male,E1,18-29,R1
125,1,0.04040529901061711,Female,E1,40-49,R2
114,0,0.38209596416788655,Female,E2,50-64,R3
56,1,0.6372645456774161,Female,E4,18-29,R2
249,0,0.25780579047465574,Female,E2,18-29,R3
43,1,0.6350822784488905,Male,E1,18-29,R3
34,0,0.3121871797723586,Male,E2,18-29,R1
99,0,0.47320982037622233,Female,E5,30-39,R1
278,0,0.1491758417992314,Male,E3,18-29,R2
74,0,0.06462573944254074,Female,E6,30-39,R1
216,0,0.22664276912688178,Female,E2,30-39,R1
299,0,0.3429949489161317,Female,E2,30-39,R2
269,0,0.6515507442974348,Male,E6,40-49,R2
172,0,0.25621966282848524,Female,E4,50-64,R4
245,0,0.6872482405362884,Male,E1,40-49,R3
18,0,0.21863649011459596,Male,E6,30-39,R1
176,0,0.01,Female,E1,30-39,R1
290,0,0.21542729002934122,Female,E1,40-49,R4
15,0,0.5723854215045683,Male,E3,18-29,R2
25,0,0.5070475417055662,Male,E2,18-29,R3
271,0,0.1754081933039487,Female,E2,18-29,R2
276,1,0.6521489073959879,Male,E1,18-29,R1
174,0,0.2707193063307136,Female,E4,18-29,R1
151,0,0.4670519436340122,Male,E3,30-39,R1
50,0,0.4203975702465182,Female,E2,30-39,R2
292,0,0.1280439831260147,Male,E3,18-29,R2
285,0,0.3429818474848117,Female,E3,18-29,R1
221,1,0.8145115027057048,Female,E5,18-29,R3
49,0,0.3143333028129414,Male,E3,30-39,R2
184,0,0.34041788369308884,Female,E1,18-29,R1
58,0,0.01,Male,E3,30-39,R4
207,0,0.47731496659500916,Female,E1,30-39,R4
181,0,0.2643761790883582,Female,E2,30-39,R1
47,1,0.2089693255816649,Male,E4,40-49,R3
221,0,0.3213513190268721,Male,E1,30-39,R2
248,0,0.029239420976241506,Female,E2,50-64,R3
39,0,0.5176543884496522,Female,E5,18-29,R1
129,0,0.2292456300678416,Male,E1,18-29,R2
118,0,0.047675794716368895,Female,E1,40-49,R1
165,0,0.2271791414765954,Female,E4,18-29,R4
134,1,0.592487126592853,Male,E3,30-39,R2
139,1,0.3059404100439893,Male,E2,50-64,R2
137,0,0.06054481857477556,Male,E2,18-29,R3
161,0,0.5236748125604921,Male,E2,30-39,R1
143,0,0.6150594885980483,Female,E1,40-49,R1
18,0,0.42875353618568657,Female,E3,18-29,R2
135,1,0.526191110796483,Female,E1,50-64,R1
257,0,0.44503331397852836,Male,E3,30-39,R4
5,1,0.5732070396632712,Female,E1,30-39,R2
26,0,0.4363391962967902,Female,E1,30-39,R1
280,0,0.19186020160853193,Female,E3,30-39,R2
74,0,0.5528132732628804,Male,E2,30-39,R3
173,1,0.2846513285817932,Female,E1,18-29,R1
90,0,0.40254825118021526,Female,E5,30-39,R1
211,0,0.20904338836543473,Female,E2,40-49,R1
150,0,0.3047761869845699,Female,E1,18-29,R1
198,0,0.41118961162551587,Male,E1,30-39,R1
210,0,0.3763066928567003,Male,E2,50-64,R2
287,1,0.5633348692947676,Female,E2,18-29,R1
210,0,0.6327639413768718,Male,E4,30-39,R1
166,0,0.26287207137935886,Male,E4,50-64,R1
144,0,0.19973265480836583,Male,E2,18-29,R1
105,0,0.3775095676750023,Male,E1,30-39,R3
187,0,0.42713967857326557,Male,E6,18-29,R4
225,0,0.3208586198796398,Female,E2,30-39,R1
66,0,0.32266905164808174,Male,E2,18-29,R3
54,0,0.46800677287002945,Female,E4,30-39,R1
112,0,0.09462596073898542,Female,E1,30-39,R1
178,0,0.3044510729814028,Female,E1,40-49,R1
148,0,0.23278168083802964,Male,E1,50-64,R1
221,1,0.5563794804169799,Male,E1,30-39,R4
150,0,0.42674670618371724,Male,E3,30-39,R1
170,0,0.6647303254329626,Female,E6,18-29,R1
57,0,0.1719401688759809,Male,E2,18-29,R4
252,1,0.3267804066332464,Female,E4,50-64,R4
77,0,0.1631529646994595,Female,E3,50-64,R1
43,0,0.22916256795426104,Male,E3,30-39,R3
50,1,0.7268625527887307,Female,E5,18-29,R3
244,0,0.3184781601998128,Female,E1,40-49,R1
138,0,0.48084963014695453,Female,E1,30-39,R3
282,0,0.3007915392236245,Female,E1,40-49,R3
120,0,0.10868104285230974,Male,E1,18-29,R2
254,0,0.25500073848223176,Female,E2,30-39,R1
297,0,0.1594515332175778,Male,E3,18-29,R1
114,0,0.45387751646303304,Male,E5,18-29,R1
98,0,0.31591018210601435,Male,E1,40-49,R2
45,0,0.24136427503970942,Male,E3,30-39,R2
196,1,0.5799622529466026,Male,E3,18-29,R1
178,1,0.5523665326335427,Male,E4,30-39,R3
30,1,0.4512033912333341,Male,E5,40-49,R1
77,0,0.42099411931354797,Male,E4,30-39,R2
54,0,0.4486823236602803,Male,E2,18-29,R3
210,0,0.4468727704651492,Male,E3,18-29,R1
52,1,0.6281213205740972,Male,E5,18-29,R2
94,0,0.6210264817517311,Female,E1,30-39,R1
246,1,0.37839939180238846,Female,E3,18-29,R3
215,0,0.4241915468439691,Male,E2,40-49,R3
133,0,0.6416974170332691,Female,E3,30-39,R1
117,0,0.33276339958660534,Male,E3,18-29,R2
176,1,0.29320981592380596,Female,E4,18-29,R2
142,1,0.2458574320483491,Male,E2,18-29,R1
249,0,0.40415523276558224,Male,E1,40-49,R2
273,0,0.4711172188900775,Male,E1,40-49,R1
111,1,0.4375403293589858,Male,E2,18-29,R2
119,0,0.48072964381650035,Female,E6,18-29,R2
200,0,0.10180650213084787,Male,E6,40-49,R2
15,1,0.5060636505314398,Male,E6,30-39,R1
248,1,0.666669215529778,Male,E3,30-39,R2
288,0,0.09935013828696163,Male,E2,40-49,R2
5,0,0.302387885255135,Female,E4,40-49,R1
49,1,0.38827520631038703,Female,E2,30-39,R3
15,1,0.11730582296860002,Female,E1,30-39,R1
87,0,0.17768859488712319,Female,E1,30-39,R3
128,1,0.4204906530761003,Female,E1,50-64,R2
229,0,0.15962066610500125,Female,E1,30-39,R2
235,0,0.5249111733456729,Male,E3,50-64,R2
0,0,0.0998613109771805,Male,E2,18-29,R1
42,0,0.46676616400522025,Female,E6,18-29,R3
227,0,0.3447654809998345,Female,E2,30-39,R1
36,0,0.44427525191054684,Female,E1,30-39,R3
147,0,0.17472893341071735,Male,E4,30-39,R1
160,1,0.3132353692157013,Female,E1,50-64,R1
200,0,0.42607623724152005,Male,E2,40-49,R2
144,0,0.42366667915900336,Male,E4,40-49,R1
100,0,0.6973163735923441,Male,E4,18-29,R1
259,0,0.3888256168570908,Female,E1,30-39,R1
90,1,0.7005147528358148,Female,E1,30-39,R2
272,0,0.4566078360488366,Male,E1,30-39,R1
286,1,0.4547760210130783,Male,E1,18-29,R3
77,1,0.5877337225572274,Female,E5,40-49,R1
268,0,0.2609148725225543,Female,E3,30-39,R1
27,0,0.36845764908678824,Male,E5,40-49,R4
191,0,0.3097268065504899,Male,E2,30-39,R2
262,0,0.4102618144577743,Female,E3,18-29,R2
104,0,0.36127032910269413,Male,E1,30-39,R1
128,0,0.16052952444650395,Male,E2,30-39,R3
29,0,0.3072799594179701,Male,E2,30-39,R1
277,0,0.01,Male,E6,40-49,R4
19,0,0.17204477100625412,Female,E5,40-49,R1
294,0,0.2681903418408067,Female,E2,18-29,R1
82,0,0.1780369754411466,Male,E5,40-49,R2
166,0,0.3766186503534227,Male,E1,18-29,R3
220,0,0.27353682561006765,Female,E3,18-29,R4
154,1,0.6171394024309074,Male,E6,40-49,R3
77,0,0.34306178068882204,Female,E6,50-64,R2
276,1,0.35944949222912764,Male,E1,30-39,R1
77,0,0.5532257543105963,Female,E4,18-29,R1
143,0,0.5135166361725725,Male,E1,30-39,R2
158,0,0.05346962206831056,Male,E5,18-29,R1
65,0,0.34554978651397655,Male,E3,18-29,R2
230,0,0.336939198990704,Male,E5,30-39,R3
255,0,0.34861449980093523,Male,E6,18-29,R3
294,0,0.3482864646471788,Male,E3,40-49,R1
248,1,0.5068153033246661,Male,E1,50-64,R2
288,0,0.20480405863063775,Female,E5,30-39,R3
192,0,0.033058526876401206,Male,E6,30-39,R1
170,0,0.5386309461615266,Male,E5,50-64,R4
254,0,0.4401237892295186,Male,E2,40-49,R3
193,0,0.31315732847621314,Male,E2,40-49,R1
251,0,0.5491018759733786,Male,E5,50-64,R4
100,0,0.07016867038928201,Male,E3,50-64,R3
44,0,0.17573128978548166,Male,E3,18-29,R4
44,0,0.41810618534276545,Male,E3,40-49,R3
291,1,0.6349642753889608,Male,E1,50-64,R3
188,0,0.5409656673601806,Female,E1,30-39,R1
284,0,0.49900452368184334,Male,E4,18-29,R3
46,1,0.2661866660440501,Male,E4,50-64,R1
192,0,0.3827308269000892,Male,E2,40-49,R4
267,0,0.32851569136020486,Female,E2,50-64,R2
295,0,0.37314367110409835,Male,E4,40-49,R4
44,0,0.4787106982577949,Male,E6,18-29,R3
40,0,0.28235926347368706,Male,E3,18-29,R1
200,1,0.3123039362042888,Female,E1,50-64,R1
119,0,0.5297038787200815,Male,E4,50-64,R1
16,0,0.14021782942396252,Male,E1,18-29,R2
255,0,0.27332851880302655,Female,E3,18-29,R1
206,0,0.6775269277471756,Female,E1,18-29,R1
105,0,0.7535947219357364,Male,E1,18-29,R1
59,0,0.2561045969254754,Female,E2,50-64,R3
176,0,0.5068864900366856,Male,E6,50-64,R4
196,0,0.38200875436846027,Female,E1,30-39,R4
90,1,0.36645766983309774,Female,E5,40-49,R4
251,0,0.28578950077424287,Female,E6,30-39,R1
272,0,0.2339314505606795,Male,E6,30-39,R3
7,0,0.10678273918307692,Male,E6,30-39,R3
276,0,0.01,Male,E1,18-29,R3
103,0,0.5913352594619204,Female,E6,18-29,R4
88,0,0.23232273951968613,Female,E5,40-49,R3
39,0,0.18629232143567315,Female,E1,40-49,R2
112,0,0.5476169547367667,Male,E5,30-39,R1
80,1,0.6744464349740882,Male,E3,50-64,R2
99,0,0.055747464876962756,Male,E2,30-39,R2
104,0,0.16145017975786694,Female,E5,30-39,R3
178,0,0.2307799043206216,Male,E4,40-49,R3
291,1,0.3646196290028947,Male,E4,30-39,R1
113,0,0.10633222192694505,Male,E5,18-29,R3
109,0,0.22816778737083562,Male,E6,18-29,R1
19,0,0.4149534735633997,Female,E4,40-49,R2
207,1,0.5051157338817214,Male,E1,40-49,R3
143,0,0.023311467758518452,Female,E3,50-64,R3
81,0,0.19367359705706821,Female,E5,40-49,R1
157,0,0.17823900855783162,Female,E1,18-29,R1
74,0,0.5337143688364635,Female,E2,18-29,R1
223,0,0.22836349441624307,Male,E1,18-29,R1
117,0,0.1646074820301845,Female,E2,30-39,R1
106,0,0.40496908020484396,Female,E1,18-29,R2
184,0,0.3057033911073564,Female,E6,18-29,R1
274,0,0.34450607424569657,Male,E2,30-39,R1
176,1,0.295900992759513,Female,E2,40-49,R3
100,0,0.5231357106068213,Male,E2,30-39,R2
119,0,0.04556017562889583,Male,E3,50-64,R4
184,0,0.36500411919502096,Female,E2,18-29,R2
54,0,0.04971104371290345,Female,E6,50-64,R4
272,0,0.425692891871188,Female,E5,30-39,R1
249,0,0.3799061542814016,Female,E6,30-39,R3
59,1,0.09757795331083187,Male,E2,40-49,R1
167,0,0.4062678040861657,Female,E1,18-29,R3
18,1,0.806572355848829,Female,E4,18-29,R2
178,0,0.3541093987589894,Female,E2,18-29,R1
21,0,0.6015010867098027,Male,E2,30-39,R1
218,1,0.47083530061354356,Male,E4,30-39,R3
19,0,0.07516754931078905,Male,E2,18-29,R2
63,0,0.1814168010343864,Female,E4,18-29,R3
45,0,0.021158155694600937,Female,E3,30-39,R1
285,0,0.47302315767134473,Female,E2,30-39,R1
24,0,0.7464070637468023,Female,E2,18-29,R3
237,1,0.7041206970792164,Male,E1,50-64,R2
255,0,0.7924579931128118,Male,E1,30-39,R3
238,0,0.2996187910698103,Male,E1,18-29,R1
265,0,0.5366642592504685,Female,E1,30-39,R1
224,1,0.42515591107684253,Male,E5,18-29,R1
0,0,0.47001884403001626,Female,E4,18-29,R3
61,0,0.1720458750638451,Female,E1,50-64,R1
163,0,0.01,Male,E1,40-49,R2
195,0,0.32710440103651844,Male,E1,30-39,R1
193,0,0.1054396418003801,Female,E5,18-29,R2
73,0,0.7352898851953727,Male,E1,30-39,R3
198,0,0.30203335912789947,Male,E1,50-64,R1
158,1,0.7187505724077821,Male,E2,18-29,R2
103,1,0.3647757462297325,Male,E4,30-39,R1
267,0,0.01,Male,E3,18-29,R1
203,0,0.3004071079753109,Male,E5,30-39,R3
160,0,0.5259647160832636,Male,E5,30-39,R1
23,0,0.11721711762891525,Female,E2,18-29,R3
19,0,0.6738033355544454,Female,E4,30-39,R1
252,0,0.37232019845132847,Male,E6,18-29,R2
223,0,0.5255158648100889,Female,E4,18-29,R1
277,1,0.5663069014211212,Male,E5,18-29,R3
292,0,0.7703548525321262,Male,E5,18-29,R2
290,1,0.6024751595725276,Female,E1,18-29,R2
234,0,0.395587394952774,Male,E5,50-64,R1
197,0,0.26886899356887856,Female,E1,18-29,R3
199,0,0.4037940590657854,Female,E1,30-39,R1
166,1,0.5033785161089085,Male,E1,18-29,R1
22,0,0.2875721091865842,Male,E3,50-64,R2
69,0,0.5956446864836075,Female,E3,40-49,R3
85,1,0.5335199340748079,Male,E6,30-39,R1
248,0,0.21279112006858117,Male,E6,50-64,R3
14,0,0.21127513104190168,Male,E1,30-39,R2
141,0,0.38026917815203,Male,E4,18-29,R1
122,0,0.38583222957230123,Female,E3,18-29,R1
173,0,0.5493341374697627,Female,E1,30-39,R1
190,0,0.3267718678228113,Female,E6,30-39,R1
73,0,0.49789042945580225,Female,E2,50-64,R3
246,1,0.347595540368404,Female,E1,18-29,R3
158,0,0.6638647007237355,Male,E6,40-49,R1
113,0,0.41610021673904185,Female,E6,30-39,R1
157,0,0.152005698324027,Female,E4,18-29,R2
111,0,0.06968822720011653,Female,E2,50-64,R2
233,1,0.7524995397416492,Male,E1,30-39,R1
58,0,0.14494720016747206,Male,E1,30-39,R2
12,0,0.22989666846774115,Female,E3,30-39,R1
15,1,0.42837464853597024,Female,E5,40-49,R2
62,0,0.29671668742153723,Female,E2,18-29,R3
207,0,0.48854870042704884,Female,E6,18-29,R1
92,0,0.255768305264929,Male,E1,40-49,R1
131,0,0.3889319989582269,Male,E3,50-64,R1
135,0,0.4017596406462412,Female,E1,40-49,R1
173,0,0.30098711733252964,Female,E2,18-29,R1
201,0,0.42929388444592,Female,E6,30-39,R2
210,0,0.06013034161024053,Female,E4,18-29,R1
194,0,0.31035086194510086,Female,E4,18-29,R2
120,1,0.4552769878452731,Male,E1,18-29,R2
138,0,0.4605922940664138,Male,E1,18-29,R3
254,1,0.8133716871567179,Male,E1,18-29,R1
166,0,0.37828175752100146,Female,E3,50-64,R2
144,0,0.48555547367007507,Female,E1,18-29,R2
5,1,0.7275383980702596,Male,E3,30-39,R4
161,1,0.5170899865474795,Male,E3,50-64,R2
271,1,0.41516790487507554,Female,E6,18-29,R1
244,0,0.2764535724381602,Male,E5,18-29,R3
176,0,0.7237889353603673,Female,E2,50-64,R2
89,0,0.46258187927226135,Male,E2,30-39,R3
17,1,0.8109453500356125,Male,E1,30-39,R1
219,0,0.40190072332412496,Male,E5,50-64,R2
265,0,0.07845355270342781,Female,E3,18-29,R3
81,1,0.3597671720633762,Male,E5,40-49,R3
257,0,0.5201766954509737,Male,E1,30-39,R1
228,0,0.3948180918808479,Female,E4,40-49,R1
15,0,0.27730707507256386,Male,E1,18-29,R3
183,0,0.3465978230802726,Male,E1,30-39,R1
129,0,0.06632689345450736,Male,E3,18-29,R1
286,0,0.28946488023452344,Female,E1,30-39,R2
253,1,0.4443458109631003,Male,E3,18-29,R2
142,0,0.39743813768547387,Female,E3,30-39,R1
277,1,0.6376893128113856,Female,E1,18-29,R2
218,0,0.5258585776047536,Female,E1,30-39,R3
145,0,0.5509335114667868,Female,E5,30-39,R3
19,1,0.7642405887917809,Female,E6,30-39,R1
275,0,0.43218572046384746,Male,E5,50-64,R3
214,1,0.20301744910474664,Male,E3,40-49,R1
62,1,0.8969684745981618,Female,E4,30-39,R3
162,1,0.6699022096727013,Male,E5,30-39,R1
78,1,0.5932737077270106,Male,E3,50-64,R1
69,0,0.14706878840788648,Female,E3,40-49,R2
20,1,0.8549569974832109,Female,E1,18-29,R4
240,0,0.6253063724727672,Female,E1,40-49,R1
56,0,0.4026600758729829,Male,E1,40-49,R3
59,0,0.2669486322905477,Female,E1,30-39,R2
234,0,0.01,Male,E4,18-29,R3
151,0,0.2088418405651044,Male,E4,30-39,R2
36,0,0.30371775384841815,Female,E2,30-39,R1
193,0,0.0481026179035517,Male,E2,50-64,R2
158,1,0.5181901774761916,Male,E1,50-64,R2
26,0,0.6194327255218681,Male,E1,18-29,R2
239,0,0.13950310432085197,Male,E3,18-29,R1
170,0,0.23277802421049476,Female,E1,30-39,R2
254,0,0.5937653932848248,Male,E4,30-39,R2
34,0,0.48102138648864434,Male,E2,30-39,R1
83,1,0.4338415552551697,Male,E1,18-29,R1
273,0,0.6495450286092314,Female,E3,18-29,R1
297,0,0.6406463811333498,Male,E4,40-49,R2
67,0,0.3097081410353387,Female,E2,18-29,R1
61,0,0.3209879799716958,Female,E3,40-49,R1
172,0,0.5173641332877416,Male,E4,18-29,R1
133,0,0.34064026297330596,Male,E1,40-49,R1
281,0,0.6840731075874394,Male,E6,40-49,R2
291,0,0.15458414077068655,Male,E2,30-39,R1
133,0,0.09281222738727841,Female,E3,40-49,R1
181,0,0.1996019023069551,Female,E2,40-49,R1
3,0,0.2682268610060841,Female,E1,30-39,R4
56,1,0.24715958076528535,Female,E1,50-64,R1
114,0,0.36312133315144807,Male,E4,30-39,R1
119,0,0.5146414376547203,Female,E4,30-39,R2
178,1,0.5408289808994036,Female,E1,30-39,R1
94,0,0.1283895311585802,Female,E2,50-64,R2
162,0,0.11124589515512062,Female,E2,40-49,R1
98,0,0.26259710420446936,Male,E2,40-49,R1
288,1,0.6350606495471222,Male,E2,30-39,R1
51,1,0.40238486698745424,Male,E2,18-29,R3
28,0,0.14624366364118255,Male,E1,30-39,R3
136,0,0.47753739756552765,Female,E4,40-49,R3
34,0,0.31602442097159916,Male,E1,40-49,R3
194,0,0.5561736259297086,Female,E5,18-29,R2
114,0,0.048735319425940116,Male,E1,18-29,R2
98,1,0.277244426862528,Male,E6,40-49,R2
130,0,0.5895225540928121,Male,E1,50-64,R1
154,1,0.625404644142058,Female,E1,30-39,R1
244,0,0.32811743449058284,Female,E5,30-39,R1
250,0,0.4132947374057073,Male,E2,30-39,R2
52,1,0.6227343441517165,Female,E4,30-39,R2
116,1,0.08747937810624871,Male,E6,30-39,R2
6,0,0.3100228172069031,Male,E5,30-39,R1
61,0,0.5639373943655579,Female,E1,50-64,R3
210,0,0.15868865230751855,Male,E1,50-64,R1
39,0,0.274953835039609,Male,E2,30-39,R2
133,0,0.3173020391504927,Male,E2,40-49,R1
45,0,0.029796469964860864,Male,E1,30-39,R1
12,1,0.6481334736885517,Male,E1,18-29,R1
134,0,0.48702587717289725,Male,E5,50-64,R1
278,0,0.1134576245232127,Female,E4,18-29,R2
52,0,0.39949624227499125,Male,E1,18-29,R1
13,0,0.6095545975167503,Female,E2,30-39,R4
114,0,0.17032233349707576,Male,E1,18-29,R3
143,0,0.3634988462775028,Male,E4,18-29,R4
16,0,0.11564721778424789,Female,E1,50-64,R2
108,0,0.24007059086973762,Female,E3,30-39,R1
232,0,0.5595919865159144,Female,E6,18-29,R4
286,1,0.6405005723799986,Female,E2,50-64,R3
17,0,0.199367871543073,Female,E2,30-39,R4
126,0,0.3312883765604154,Female,E1,40-49,R2
78,0,0.2645407081930668,Female,E2,30-39,R4
63,0,0.325075525433564,Male,E3,18-29,R1
175,0,0.3685376663552814,Male,E4,18-29,R3
258,0,0.21732295723926728,Male,E1,40-49,R1
142,0,0.2824230098345726,Female,E1,18-29,R1
156,0,0.6009128863747591,Male,E6,18-29,R4
76,1,0.4261185317445739,Female,E5,18-29,R3
47,0,0.17822452806539582,Female,E4,50-64,R1
65,0,0.3812592944306336,Female,E6,30-39,R3
40,0,0.26329286981720434,Female,E2,18-29,R2
290,0,0.059730037165334426,Male,E1,50-64,R2
180,0,0.017104688199779963,Male,E3,30-39,R2
40,0,0.35345401485132993,Female,E1,18-29,R4
18,0,0.45401920537483825,Male,E5,30-39,R3
258,0,0.13168209385248686,Female,E2,30-39,R1
103,0,0.6373035467399842,Male,E3,30-39,R3
35,0,0.3668086680523566,Male,E4,30-39,R1
204,0,0.2694655646435019,Male,E1,50-64,R3
44,0,0.4235348399543866,Male,E1,18-29,R2
214,0,0.33204779611984053,Female,E4,30-39,R1
66,1,0.58780955574177,Female,E5,40-49,R1
197,0,0.07920852206251229,Female,E3,18-29,R2
296,1,0.6557307397340583,Female,E6,40-49,R1
42,1,0.4751217751090017,Male,E5,40-49,R3
232,0,0.22125074399268516,Female,E1,30-39,R2
5,0,0.5718639874753911,Female,E1,30-39,R3
65,0,0.804226456169166,Male,E1,50-64,R1
194,0,0.21196302257696284,Female,E2,30-39,R4
59,0,0.18366212474636906,Female,E3,18-29,R1
113,0,0.01,Male,E6,40-49,R4
246,1,0.6162101484419927,Female,E5,30-39,R1
165,1,0.6716432387029098,Male,E1,40-49,R1
238,0,0.5031596281241194,Female,E5,30-39,R3
38,0,0.6245469937241154,Male,E6,30-39,R1
64,0,0.2920128799933208,Male,E6,40-49,R1
42,0,0.01,Female,E2,18-29,R3
239,0,0.226661644884083,Male,E3,30-39,R4
49,0,0.03491815574203301,Male,E1,18-29,R1
257,0,0.3143247545216616,Male,E1,40-49,R2
213,0,0.34986020978280286,Male,E5,50-64,R3
117,0,0.2758935298320359,Male,E5,30-39,R1
61,0,0.23637535815717947,Female,E1,40-49,R1
247,1,0.8677336280754648,Female,E1,30-39,R1
63,1,0.3312237222074991,Female,E1,30-39,R4
271,0,0.3363021428352836,Male,E3,30-39,R3
245,0,0.13327535882427272,Male,E1,18-29,R1
271,0,0.691403510922072,Male,E3,40-49,R1
111,0,0.3577077494274984,Female,E2,30-39,R1
200,0,0.6127311628988864,Male,E1,30-39,R1
242,1,0.051949840469057346,Male,E2,30-39,R3
14,1,0.34766633042739803,Male,E1,30-39,R1
150,0,0.21036439666376935,Male,E4,30-39,R2
191,0,0.12806159355016455,Male,E5,40-49,R3
172,1,0.3163998442595958,Male,E1,40-49,R3
107,1,0.17755517183585773,Female,E3,18-29,R1
107,0,0.45001347248428647,Male,E1,30-39,R2
22,1,0.6809468416983314,Female,E1,40-49,R2
141,0,0.62964438082982,Male,E1,30-39,R1
289,0,0.12687899461057842,Male,E2,30-39,R4
121,1,0.17375969454309573,Female,E3,18-29,R4
110,1,0.5945694379798661,Male,E4,30-39,R1
163,0,0.14097323867397094,Female,E5,30-39,R2
289,0,0.2355705130348417,Male,E2,40-49,R1
267,0,0.455876147480919,Female,E2,18-29,R1
82,0,0.16484965585689637,Male,E1,18-29,R1
185,1,0.7025592961579201,Male,E1,30-39,R1
75,0,0.12340513243097845,Female,E3,50-64,R1
174,1,0.3840948331484928,Male,E6,40-49,R4
81,0,0.01,Male,E2,18-29,R3
188,0,0.7106072741651166,Male,E6,40-49,R3
170,0,0.32043113665003736,Female,E1,50-64,R3
5,0,0.4003507276519623,Female,E1,40-49,R2
199,0,0.5731924896446581,Male,E2,30-39,R3
69,0,0.35451015840159017,Male,E5,50-64,R1
243,0,0.34017984371243126,Male,E2,50-64,R3
124,0,0.2546708445828935,Female,E3,40-49,R1
154,0,0.4036298501163809,Female,E2,30-39,R1
292,0,0.17557045720454817,Male,E2,18-29,R3
287,1,0.7807679771134663,Male,E1,18-29,R1
222,0,0.23108946933969965,Male,E1,30-39,R1
277,1,0.4783654609995785,Male,E4,18-29,R1
273,0,0.5282014142809194,Male,E4,18-29,R1
95,0,0.23164351885444084,Female,E3,40-49,R3
167,0,0.4876334831471448,Female,E6,30-39,R1
49,0,0.37757688238886755,Male,E4,18-29,R3
260,0,0.38702973586238154,Female,E1,18-29,R1
205,1,0.1944866856503031,Female,E3,30-39,R3
139,0,0.44288702040214856,Female,E2,18-29,R1
250,0,0.6039870393444748,Male,E2,40-49,R2
271,0,0.6050101593069553,Male,E1,50-64,R3
217,0,0.11655032539524643,Male,E2,40-49,R2
297,0,0.3816241823056924,Female,E2,40-49,R1
72,0,0.5565790483551166,Female,E3,40-49,R3
199,0,0.4195892924033841,Male,E5,40-49,R1
159,0,0.40775273618570324,Female,E3,30-39,R2
144,1,0.6175496324482512,Male,E4,40-49,R3
192,0,0.7059007329405825,Male,E5,30-39,R2
213,1,0.6056532208224658,Male,E1,30-39,R2
157,0,0.4720459112213078,Male,E6,30-39,R1
285,0,0.13168489149643994,Male,E6,18-29,R3
77,1,0.4312325577010201,Male,E2,40-49,R2
139,0,0.5109124692378686,Male,E3,18-29,R2
174,0,0.04488169953169788,Male,E1,50-64,R2
207,0,0.5545953965387848,Male,E2,40-49,R4
270,0,0.20247839353668873,Male,E4,30-39,R1
14,0,0.44077936603758056,Male,E4,50-64,R1
255,0,0.5472226984107845,Female,E6,30-39,R1
174,0,0.3479920889042546,Male,E1,30-39,R4
225,0,0.2159174056699084,Female,E2,30-39,R2
91,0,0.360659548322552,Female,E2,50-64,R2
18,1,0.5858833738576888,Male,E4,30-39,R3
229,0,0.6436673200720764,Male,E1,30-39,R1
257,1,0.5173406206323676,Male,E1,18-29,R1
87,0,0.356717376756093,Male,E4,30-39,R3
120,1,0.6679565089606494,Female,E5,40-49,R2
180,0,0.5365053043306586,Male,E1,18-29,R1
186,0,0.30522801547239137,Male,E2,30-39,R1
149,0,0.431943581549181,Male,E4,18-29,R4
248,1,0.477916427957164,Male,E4,18-29,R1
299,0,0.4975694939246392,Male,E2,40-49,R1
228,1,0.4375987588241601,Male,E2,18-29,R2
261,1,0.5917548165902224,Female,E1,18-29,R1
177,0,0.10623686100771605,Male,E6,50-64,R3
26,0,0.40821569299663074,Male,E4,30-39,R4
292,0,0.46683512959096884,Male,E5,30-39,R4
273,0,0.5846991606174188,Female,E1,30-39,R2
252,0,0.2597972431155058,Female,E2,18-29,R1
229,0,0.0574661019094128,Male,E5,40-49,R3
224,1,0.24567952385907937,Female,E2,30-39,R3
33,0,0.26137350593115893,Male,E2,30-39,R3
105,0,0.5619419224787868,Female,E1,40-49,R4
224,0,0.4100083480149985,Male,E4,18-29,R4
196,0,0.05829086584809362,Male,E4,30-39,R2
276,0,0.2104320294910375,Male,E1,30-39,R1
63,0,0.3424215110874412,Male,E2,30-39,R1
90,0,0.3371873887568292,Male,E3,30-39,R3
41,0,0.27017745152845335,Male,E2,40-49,R3
166,0,0.11995021426792335,Female,E3,40-49,R3
214,0,0.31381390527461867,Female,E1,30-39,R1
45,0,0.4794851393084736,Female,E2,18-29,R1
284,0,0.06481381677998868,Male,E3,30-39,R1
110,0,0.4612282383516063,Female,E3,30-39,R3
26,1,0.18106965586750862,Female,E5,40-49,R1
147,0,0.20055905803404478,Male,E4,50-64,R3
263,1,0.8301059332047601,Male,E3,50-64,R1
129,0,0.8380477034605177,Male,E1,40-49,R3
205,0,0.2889525463536285,Male,E2,50-64,R3
56,0,0.39150962193630906,Female,E3,30-39,R4
109,0,0.046372567644807676,Male,E3,50-64,R2
294,0,0.354899298213202,Male,E6,30-39,R1
298,0,0.2699673605895654,Male,E4,18-29,R1
5,1,0.7374337038069807,Male,E2,18-29,R3
43,0,0.3287041490923369,Male,E2,18-29,R1
52,1,0.41937757067509407,Male,E1,40-49,R1
60,0,0.2849486931570688,Male,E1,30-39,R1
89,0,0.5779508517614087,Male,E4,30-39,R1
174,1,0.603498401326753,Male,E5,30-39,R1
74,1,0.6589195790293499,Male,E6,30-39,R3
160,0,0.3742778879302533,Male,E2,18-29,R1
18,1,0.5718501941232295,Male,E1,30-39,R1
153,1,0.172889314979269,Male,E5,30-39,R3
120,1,0.7676426405628337,Female,E2,30-39,R1
147,0,0.5947011020819113,Male,E2,18-29,R4
71,0,0.27217950801301455,Male,E1,30-39,R2
47,0,0.6265501484629934,Male,E5,40-49,R3
99,0,0.6335993989509703,Male,E2,30-39,R1
175,0,0.6083454107714061,Male,E3,40-49,R1
32,1,0.6192265335647533,Female,E5,18-29,R1
251,0,0.32401046727058347,Male,E4,30-39,R1
259,0,0.1096573580324894,Male,E6,30-39,R4
274,0,0.16091488353756125,Male,E1,30-39,R4
235,0,0.171587593922874,Male,E6,50-64,R2
8,0,0.5100478209218943,Male,E1,30-39,R3
4,1,0.6307633957047117,Male,E4,50-64,R1
294,1,0.7493841448979215,Female,E4,30-39,R1
9,0,0.22903987652018998,Male,E3,30-39,R2
214,0,0.474781569306289,Male,E1,30-39,R2
199,0,0.23067101631062298,Male,E3,30-39,R1
200,0,0.16034156363905297,Female,E2,50-64,R2
81,1,0.5723059152287491,Male,E5,30-39,R1
263,0,0.41064883027518106,Male,E1,30-39,R1
106,0,0.3686969007408792,Female,E1,40-49,R3
142,0,0.5035816700482393,Female,E4,30-39,R2
145,0,0.2635140452519425,Male,E2,18-29,R3
5,0,0.4971821506841357,Male,E5,40-49,R4
283,0,0.30739631116470867,Female,E3,30-39,R2
68,0,0.5444525709045117,Male,E1,40-49,R1
36,0,0.6552779100868932,Female,E1,40-49,R1
97,0,0.3364866095596773,Female,E4,40-49,R1
107,0,0.7713928013025781,Male,E1,30-39,R4
259,0,0.5345781044694229,Male,E2,30-39,R1
228,1,0.6922786230039857,Male,E1,40-49,R1
86,0,0.01,Female,E6,30-39,R3
176,0,0.10195332027194541,Female,E1,18-29,R2
278,0,0.2850193304401415,Male,E4,18-29,R1
109,1,0.6046632327327479,Female,E1,40-49,R2
274,0,0.22403681596053218,Female,E1,30-39,R2
153,1,0.6359198127627418,Male,E5,30-39,R1
61,1,0.7774766232264542,Male,E1,18-29,R1
10,1,0.5616534386440792,Male,E3,18-29,R2
135,0,0.22682183922774557,Male,E3,30-39,R1
104,0,0.01,Male,E3,40-49,R1
55,0,0.2214965685317285,Female,E3,30-39,R1
208,1,0.2814825489247564,Female,E1,30-39,R3
265,0,0.5823130326140138,Female,E4,40-49,R1
5,0,0.5368428074877704,Male,E6,30-39,R1
286,0,0.892360925170133,Female,E5,50-64,R3
146,1,0.3858965953101684,Female,E1,30-39,R1
195,0,0.08261117109914395,Female,E4,40-49,R3
52,0,0.14263209036103702,Male,E1,18-29,R4
36,1,0.7243239195995091,Male,E3,18-29,R3
56,0,0.6726103330721983,Female,E4,40-49,R1
97,0,0.29652920160259477,Female,E1,30-39,R2
90,0,0.08077095325659987,Female,E5,30-39,R4
157,0,0.20861490309982883,Male,E5,40-49,R4
64,0,0.42655149771826745,Female,E3,18-29,R2
70,1,0.6565694201277674,Male,E1,40-49,R1
33,0,0.5837099766778343,Female,E1,50-64,R2
49,0,0.3572658724191042,Female,E2,18-29,R4
85,0,0.38121363530048763,Male,E1,50-64,R2
81,0,0.29874747789520345,Male,E6,18-29,R2
229,1,0.5368903033671807,Male,E1,30-39,R3
268,0,0.01,Female,E3,40-49,R1
174,0,0.3409088302114874,Female,E1,18-29,R1
100,1,0.38897942234365057,Male,E1,40-49,R3
231,0,0.6559981455669182,Female,E1,30-39,R1
152,0,0.18459951016098558,Female,E3,18-29,R2
251,1,0.7047824784100712,Male,E4,40-49,R3
69,1,0.7390392363652859,Male,E3,40-49,R3
214,0,0.2614486201810825,Male,E1,30-39,R1
110,0,0.4134148113594657,Male,E1,50-64,R2
61,1,0.5525174095934562,Male,E3,30-39,R1
247,0,0.07167488776912581,Female,E1,50-64,R1
114,0,0.42303639423564904,Male,E3,30-39,R1
115,1,0.27837886319476873,Male,E1,40-49,R3
89,1,0.07103196092262574,Male,E2,18-29,R4
181,0,0.47351623777949553,Male,E2,50-64,R3
225,0,0.2645673954806902,Female,E1,40-49,R1
86,0,0.3559878127490985,Female,E1,18-29,R4
185,0,0.14850596174717295,Female,E4,30-39,R3
21,0,0.6851894008608174,Female,E2,50-64,R1
189,0,0.01,Male,E2,18-29,R3
266,0,0.4440116033297694,Male,E4,18-29,R1
260,0,0.491578845498114,Male,E1,50-64,R3
12,0,0.5705169788706943,Male,E4,40-49,R1
71,0,0.5170976206381108,Male,E1,40-49,R1
234,0,0.23061672527688926,Male,E1,18-29,R1
81,1,0.4105077490419389,Male,E5,50-64,R2
48,0,0.28045377268946425,Female,E4,30-39,R1
196,1,0.3405263041662243,Female,E3,30-39,R1
76,0,0.401871436292862,Male,E1,40-49,R2
254,1,0.6743726140976165,Female,E4,30-39,R4
263,0,0.403077437133335,Female,E2,30-39,R1
3,0,0.5820429892480241,Female,E1,18-29,R2
294,0,0.19172846094431778,Male,E1,18-29,R2
273,1,0.23853907344443231,Male,E1,40-49,R1
170,0,0.22794123975896832,Female,E2,50-64,R4
80,0,0.49424340017482987,Female,E3,40-49,R2
14,0,0.019768949505738972,Male,E2,30-39,R1
97,0,0.28341771430762963,Male,E3,18-29,R2
260,1,0.41831835880071633,Male,E3,30-39,R3
192,0,0.10774474592332293,Male,E2,40-49,R4
153,1,0.11437040568637673,Female,E3,18-29,R3
274,0,0.2342044910275348,Female,E2,18-29,R3
246,0,0.30611937024462726,Male,E1,18-29,R1
19,0,0.36904803335871494,Female,E1,50-64,R1
263,0,0.7896582878737776,Female,E1,40-49,R3
140,0,0.5828040284662165,Female,E3,30-39,R1
51,0,0.22491467371784812,Male,E4,18-29,R4
243,0,0.31372542487932426,Female,E1,30-39,R1
135,1,0.5702832448914196,Male,E2,30-39,R1
148,0,0.5208369728701536,Male,E4,40-49,R3
146,0,0.6560372885897219,Female,E2,18-29,R1
180,0,0.13133626294861112,Male,E4,40-49,R2
246,0,0.4567875909445154,Female,E4,50-64,R1
214,0,0.5791252464994052,Male,E1,30-39,R2
120,1,0.04621464180923258,Male,E6,30-39,R1
188,1,0.30370203171714766,Male,E4,40-49,R1
101,0,0.2522474934538172,Male,E5,40-49,R3
4,0,0.41514669316242714,Female,E1,18-29,R1
120,1,0.6862782951042791,Male,E2,40-49,R1
266,0,0.5789300511928742,Female,E4,18-29,R3
275,1,0.629733108596283,Male,E1,18-29,R1
73,0,0.35000289197856166,Female,E1,18-29,R3
69,0,0.5629878927781626,Male,E5,18-29,R1
128,0,0.3808821389635171,Male,E6,30-39,R2
258,1,0.43528838439026835,Male,E1,18-29,R1
253,0,0.6517402316065547,Male,E6,18-29,R1
67,0,0.3898110742900726,Female,E4,30-39,R2
105,1,0.6332052463154525,Male,E1,30-39,R4
193,0,0.17786845979106022,Male,E1,30-39,R1
131,0,0.4974673950860137,Male,E5,40-49,R1
10,1,0.6828522831712038,Female,E4,30-39,R2
181,0,0.24346205895177625,Male,E1,18-29,R1
219,0,0.09999162779554413,Female,E3,18-29,R2
105,0,0.5761358349031224,Female,E1,18-29,R1
162,0,0.28682589134693454,Female,E3,18-29,R1
83,0,0.5169903413916085,Male,E2,30-39,R2
294,0,0.09999214525495273,Male,E2,18-29,R3
156,0,0.20170113366103262,Male,E1,18-29,R1
2,0,0.01,Female,E3,50-64,R4
53,0,0.2958558464590011,Male,E6,40-49,R1
107,0,0.6094861322425406,Male,E3,30-39,R1
118,0,0.01,Female,E2,40-49,R3
220,0,0.4209242535596596,Male,E1,18-29,R1
63,0,0.3107858010529896,Male,E5,40-49,R2
103,0,0.14188410392255765,Male,E1,18-29,R2
37,0,0.3854833550107156,Male,E2,30-39,R1
111,0,0.05001116088680516,Male,E2,40-49,R1
291,1,0.7850540881597886,Male,E1,40-49,R1
164,0,0.328596770871846,Male,E2,50-64,R1
247,0,0.20810486852094612,Female,E4,50-64,R1
131,0,0.4115578780390535,Male,E1,18-29,R1
287,0,0.229620829786808,Female,E2,18-29,R3
290,0,0.4538772851107928,Male,E1,30-39,R1
125,0,0.540608672392348,Male,E2,40-49,R1
255,0,0.4794589509271819,Male,E2,40-49,R2
78,0,0.020751356287217065,Male,E6,40-49,R1
127,0,0.5741818033477005,Female,E1,30-39,R3
269,0,0.48511473038474945,Male,E3,30-39,R1
213,0,0.2328311259323868,Female,E3,40-49,R1
76,0,0.05362519557909047,Female,E3,50-64,R1
61,1,0.14958514437719003,Male,E6,18-29,R1
128,0,0.2504967384680895,Female,E4,30-39,R1
172,0,0.44167786888142124,Male,E4,30-39,R4
186,1,0.7016120694894159,Female,E1,30-39,R2
1,0,0.8749325582752572,Male,E1,40-49,R3
63,0,0.15289911846840673,Female,E4,30-39,R4
148,1,0.6785294116533009,Male,E5,18-29,R1
145,1,0.5097578633522903,Female,E1,30-39,R1
281,1,0.6120511737261524,Female,E3,40-49,R3
237,0,0.25992594023149124,Male,E6,18-29,R1
231,1,0.5665961449856567,Male,E1,18-29,R1
179,0,0.5737250447307688,Female,E1,40-49,R3
171,0,0.6742343479799501,Male,E2,30-39,R1
100,0,0.15124372343588513,Male,E2,30-39,R4
9,0,0.7075419903889394,Male,E2,18-29,R1
42,1,0.378020621393389,Female,E1,30-39,R2
24,0,0.22077479565564606,Male,E4,30-39,R1
134,0,0.22010784442444825,Male,E1,18-29,R1
139,1,0.8085974535215179,Male,E5,30-39,R1
139,0,0.6163647115008981,Female,E3,40-49,R1
38,0,0.35647930986284304,Male,E1,18-29,R1
83,0,0.5102950391019565,Male,E4,18-29,R2
4,0,0.11321935730833589,Male,E1,30-39,R1
116,0,0.11703411984000509,Male,E6,40-49,R1
73,1,0.5484565998129647,Male,E5,30-39,R2
113,0,0.32873453764420796,Male,E6,18-29,R1
176,0,0.5591849331670258,Male,E1,30-39,R1
32,0,0.5846676707377044,Female,E1,40-49,R2
166,0,0.482587334927861,Female,E6,30-39,R3
271,0,0.30367090657776175,Female,E1,50-64,R3
27,0,0.4939470297650441,Female,E2,30-39,R4
238,0,0.3327489994431683,Male,E1,30-39,R2
205,1,0.5061276668969875,Female,E6,50-64,R1
181,0,0.1399042855201432,Female,E2,40-49,R3
213,0,0.3446138351825564,Male,E3,30-39,R2
76,0,0.5310499116955122,Female,E1,30-39,R1
195,0,0.4660401540794175,Female,E3,18-29,R1
166,0,0.13501706698602306,Female,E5,30-39,R2
290,0,0.46451501709420834,Male,E1,18-29,R1
109,0,0.19135212931611278,Male,E2,30-39,R1
258,0,0.22754127089152681,Female,E1,40-49,R1
63,1,0.40768414928778446,Male,E3,40-49,R1
68,0,0.290704458615694,Male,E1,30-39,R2
84,0,0.22131503802196092,Male,E6,30-39,R1
106,0,0.20915351092866574,Male,E2,30-39,R1
173,0,0.31417426896158634,Female,E2,50-64,R3
160,0,0.3881091012843229,Female,E1,18-29,R1
89,0,0.4293603656333417,Male,E2,40-49,R2
9,0,0.01,Female,E2,18-29,R1
191,0,0.24597845092009452,Female,E6,30-39,R2
109,1,0.48906346615312757,Female,E1,18-29,R4
257,0,0.24503535748244032,Male,E1,30-39,R1
144,0,0.26463557521212117,Male,E6,40-49,R1
221,1,0.554090877924361,Male,E5,18-29,R3
225,0,0.597375135030837,Male,E1,18-29,R1
265,1,0.6262961079534679,Female,E4,18-29,R3
259,0,0.2483300691180045,Male,E1,18-29,R1
264,1,0.48314251336988095,Female,E1,40-49,R3
71,1,0.6633046155753569,Male,E5,50-64,R1
225,0,0.14490841042161717,Male,E5,18-29,R3
80,0,0.36253991658826595,Male,E2,30-39,R2
145,0,0.48837293476933774,Female,E4,30-39,R3
63,0,0.3287005539847717,Male,E2,30-39,R2
65,1,0.4192554496279853,Female,E1,30-39,R4
95,0,0.14545213064870405,Female,E2,30-39,R3
16,0,0.41658346659484197,Male,E4,30-39,R3
284,0,0.3911986560318099,Male,E4,18-29,R2
115,0,0.16019505647549695,Male,E2,18-29,R1
188,0,0.521630994355781,Male,E6,30-39,R1
35,0,0.5931151633505379,Male,E3,30-39,R3
38,0,0.7118563835991435,Male,E1,40-49,R3
35,0,0.5429300493627998,Female,E1,30-39,R2
18,1,0.6558824124758126,Male,E1,40-49,R1
89,0,0.1738441584710637,Female,E3,30-39,R1
18,0,0.45348335623801517,Male,E1,18-29,R1
102,0,0.4169542342858914,Female,E3,18-29,R3
149,1,0.6347317426807045,Male,E2,30-39,R2
292,0,0.5521721832759305,Male,E3,30-39,R1
54,0,0.2553257224989296,Female,E5,30-39,R1
42,1,0.46045516939880454,Male,E5,40-49,R3
243,0,0.31889311225128136,Male,E1,30-39,R3
186,0,0.01,Female,E2,30-39,R4
57,1,0.5251127520937121,Female,E3,50-64,R1
9,0,0.01,Male,E3,18-29,R1
32,0,0.4147083872355694,Male,E2,30-39,R2
253,0,0.15389690268351458,Female,E2,30-39,R4
17,0,0.595352255943929,Male,E4,30-39,R2
32,1,0.3459634609431043,Female,E3,30-39,R1
298,0,0.42814543689761714,Female,E1,30-39,R1
116,0,0.327120847075788,Male,E1,40-49,R2
67,0,0.34476714903244876,Male,E3,18-29,R2
147,0,0.6333895187972468,Male,E2,40-49,R2
182,0,0.7031709167883355,Male,E2,50-64,R4
237,0,0.2691855622225828,Male,E4,50-64,R3
7,0,0.44775339400871356,Female,E6,30-39,R2
143,0,0.38793110003286035,Female,E2,18-29,R1
157,0,0.8493380962194803,Female,E5,30-39,R3
82,0,0.15883833642896342,Male,E6,40-49,R3
105,0,0.34000505190324226,Male,E4,40-49,R2
239,0,0.01,Male,E6,50-64,R2
60,1,0.6182543457063526,Male,E1,40-49,R1
60,1,0.30097147048153167,Female,E6,30-39,R2
175,0,0.1653299887719058,Male,E3,40-49,R1
289,0,0.1084892565572847,Male,E2,30-39,R3
286,0,0.18153802190295287,Male,E1,40-49,R1
194,0,0.3923374426500335,Male,E1,40-49,R1
36,0,0.4555167314683709,Male,E5,50-64,R1
7,0,0.6260316645867525,Male,E1,30-39,R2
12,0,0.7776717658382309,Male,E1,30-39,R2
287,0,0.4288044063216733,Female,E1,30-39,R1
155,1,0.34120471177413786,Male,E1,18-29,R1
258,0,0.327933282902649,Female,E1,30-39,R1
174,0,0.5135910953614536,Female,E4,18-29,R1
60,0,0.13375889880857236,Female,E1,30-39,R1
182,0,0.5624474786852874,Male,E1,40-49,R1
294,1,0.6018035243761736,Female,E6,18-29,R4
247,1,0.461626030405128,Male,E2,40-49,R1
126,0,0.07224859267836561,Female,E3,30-39,R1
210,0,0.7288520728884986,Female,E2,18-29,R2
293,0,0.1439671944391466,Female,E2,18-29,R3
293,0,0.1521557759613928,Female,E4,18-29,R1
154,0,0.5152144053485909,Male,E1,30-39,R2
249,0,0.12776045945400732,Male,E6,30-39,R1
121,0,0.2061263104735026,Female,E2,30-39,R3
222,1,0.40963081359909603,Male,E1,18-29,R1
111,0,0.41665674167465216,Female,E2,18-29,R3
114,0,0.12891312017138837,Female,E3,40-49,R1
222,0,0.796890601195343,Male,E5,30-39,R1
51,1,0.5656694616488068,Female,E2,18-29,R1
230,1,0.5353525640269962,Male,E5,18-29,R1
220,0,0.28931511993969,Male,E1,30-39,R1
245,0,0.3442527897296433,Male,E6,30-39,R1
155,0,0.05737526817665519,Male,E2,18-29,R3
231,0,0.5113121909813785,Female,E2,30-39,R3
20,0,0.22804535365080997,Female,E4,18-29,R4
44,0,0.45863033190771807,Female,E6,18-29,R3
140,1,0.28483045201737983,Male,E5,30-39,R1
15,0,0.36083963750129366,Male,E3,40-49,R1
80,1,0.53966207401529,Female,E1,18-29,R2
90,0,0.19749349171879105,Male,E4,50-64,R1
117,1,0.423742521432769,Male,E5,18-29,R4
99,0,0.10106667293646172,Male,E2,30-39,R2
73,0,0.3922708719489671,Female,E1,40-49,R1
116,0,0.7187499256495576,Male,E4,40-49,R1
235,0,0.5502908320404611,Male,E1,30-39,R1
170,0,0.2869808012983817,Male,E1,30-39,R2
35,0,0.27793782526376304,Male,E4,18-29,R1
82,0,0.1722350929792032,Female,E3,30-39,R1
10,0,0.21317625691114206,Male,E2,30-39,R1
292,1,0.27430554452643535,Female,E3,18-29,R1
219,0,0.23672880026970997,Female,E1,18-29,R1
113,0,0.6567268780436165,Female,E4,50-64,R1
213,0,0.2480130234990175,Female,E2,18-29,R4
64,0,0.2639267948800539,Female,E1,50-64,R4
75,1,0.08153616497420468,Male,E5,40-49,R1
119,0,0.14407826203451832,Male,E1,40-49,R2
29,0,0.2555578886938257,Male,E4,18-29,R2
134,0,0.45284479832907304,Male,E2,40-49,R2
98,0,0.672173891318042,Male,E5,18-29,R3
164,0,0.5425510720628839,Female,E4,18-29,R1
187,0,0.36521851263656124,Female,E1,30-39,R1
56,1,0.186309127248678,Male,E4,18-29,R1
184,0,0.6784147878065687,Male,E6,40-49,R3
134,0,0.11862448702923675,Male,E5,18-29,R4
265,0,0.19659153372351307,Male,E2,30-39,R1
282,1,0.7834404138728576,Female,E5,40-49,R2
286,0,0.13403598874975556,Male,E1,50-64,R4
39,0,0.3789562283368165,Male,E6,50-64,R2
86,0,0.4677483395063681,Male,E6,50-64,R1
240,0,0.37651109786018794,Female,E2,40-49,R1
24,0,0.5322665554387901,Female,E4,18-29,R3
73,0,0.01,Female,E2,30-39,R2
105,0,0.1457018414311667,Female,E4,30-39,R3
98,1,0.7174590350180052,Male,E1,18-29,R2
53,0,0.38039362232721696,Female,E1,30-39,R2
267,0,0.403885453121334,Male,E5,18-29,R1
131,0,0.49095416688892946,Female,E3,40-49,R4
138,0,0.5721985944251082,Male,E1,30-39,R1
148,1,0.6522570714764542,Male,E6,30-39,R1
278,0,0.7056115411013621,Female,E6,50-64,R3
298,0,0.16437972304652784,Male,E2,18-29,R2
4,0,0.5430199677952849,Female,E1,18-29,R1
227,0,0.14866665424758105,Female,E5,30-39,R2
165,0,0.4436912135209153,Female,E1,18-29,R2
198,0,0.41504907653824874,Female,E3,30-39,R1
22,0,0.19830732046996008,Female,E5,18-29,R1
150,1,0.7482292657909405,Male,E1,50-64,R3
151,0,0.2917805058078967,Female,E5,50-64,R1
286,0,0.1893313872986762,Male,E2,30-39,R3
227,1,0.31072717647432824,Male,E5,30-39,R1
189,0,0.08212341428461373,Male,E1,18-29,R1
42,0,0.6937687116219091,Male,E2,30-39,R2
105,0,0.4763952732527352,Female,E3,40-49,R4
66,0,0.4063997523214057,Female,E4,50-64,R4
69,0,0.5933260081236409,Female,E3,18-29,R2
252,0,0.16947728629528885,Male,E3,40-49,R2
164,0,0.12323549741123785,Female,E1,50-64,R2
225,0,0.35309321219774537,Male,E1,30-39,R2
163,0,0.5611230000139292,Male,E6,18-29,R2
171,0,0.07544680143083946,Male,E1,30-39,R2
14,0,0.20374956136893851,Male,E6,18-29,R3
176,1,0.3994809142584233,Female,E4,50-64,R2
133,0,0.5720795311316033,Female,E4,40-49,R3
58,0,0.4794041925498648,Male,E2,50-64,R2
171,0,0.461397217039612,Female,E3,18-29,R1
154,0,0.49545459523370267,Male,E2,40-49,R2
75,1,0.7130382302758297,Male,E6,18-29,R1
269,0,0.3172906745924431,Female,E1,18-29,R2
283,0,0.3994354380329845,Male,E6,30-39,R4
129,1,0.4843957044042905,Male,E5,40-49,R1
38,0,0.5883893603270668,Male,E3,18-29,R1
21,0,0.1053715713506363,Female,E5,40-49,R3
264,0,0.2956669714554266,Male,E1,18-29,R2
282,0,0.6766777390072916,Male,E3,30-39,R3
179,1,0.8001776469368804,Female,E4,30-39,R1
234,1,0.5440987698691354,Male,E4,30-39,R1
30,0,0.42244703697022196,Female,E4,18-29,R1
22,0,0.3101494159447142,Male,E4,30-39,R3
96,0,0.2820404869817679,Male,E1,50-64,R2
125,0,0.3335379877671856,Female,E1,18-29,R1
114,0,0.15957730693928515,Female,E3,30-39,R2
45,0,0.24088675954587563,Female,E1,30-39,R1
17,1,0.4931378667218472,Male,E1,18-29,R1
265,0,0.28250435674773217,Male,E1,50-64,R3
165,0,0.3030914537655717,Female,E1,18-29,R2
196,0,0.13113380562969382,Male,E2,30-39,R1
167,0,0.1836287830909221,Male,E2,40-49,R3
278,0,0.5338883866582881,Male,E3,30-39,R1
56,0,0.3074534928886067,Male,E2,18-29,R1
140,0,0.19488900274360302,Male,E3,18-29,R2
84,0,0.08327914079495347,Male,E6,30-39,R2
297,0,0.09227247076708783,Female,E2,40-49,R3
212,1,0.4904633589217258,Male,E3,30-39,R2
22,0,0.20913347122890108,Male,E6,30-39,R2
16,0,0.01807504554478179,Female,E2,18-29,R3
69,0,0.20116368811488133,Female,E2,30-39,R2
79,0,0.5530029113914222,Male,E3,30-39,R1
242,0,0.22109941439301606,Female,E6,40-49,R1
292,1,0.8580992885256883,Male,E1,30-39,R4
177,1,0.558763277157476,Male,E3,40-49,R2
254,0,0.4512984761876639,Female,E2,40-49,R4
276,0,0.6676168048864151,Male,E3,30-39,R4
56,0,0.1030466614793213,Male,E1,50-64,R3
112,0,0.6882318957704684,Male,E4,18-29,R1
63,1,0.5539617495982142,Female,E6,30-39,R1
0,0,0.6765534611183636,Female,E6,30-39,R3
30,0,0.25593217554762177,Male,E1,18-29,R4
140,0,0.39556387646479885,Female,E4,40-49,R4
80,0,0.13091909056631218,Female,E2,30-39,R1
41,0,0.6255344666751689,Female,E5,40-49,R1
179,1,0.7232930641904713,Female,E1,18-29,R1
47,0,0.24806425027655077,Male,E2,40-49,R2
57,1,0.6064220846780479,Female,E5,40-49,R1
64,1,0.6210539120997202,Male,E2,30-39,R1
131,1,0.3618904683271021,Female,E2,40-49,R1
60,1,0.8017242583610992,Male,E5,50-64,R3
57,0,0.32337303905299014,Male,E3,18-29,R3
126,1,0.34567439676521244,Female,E3,50-64,R1
153,1,0.4994238272446157,Female,E1,30-39,R1
169,0,0.38060549389131865,Female,E4,30-39,R4
144,1,0.593332105067954,Female,E2,50-64,R3
247,0,0.28351312919010224,Male,E3,30-39,R3
234,0,0.10574058205922555,Male,E1,50-64,R3
8,0,0.25482720956929145,Male,E2,50-64,R1
160,0,0.2549131961306799,Female,E1,30-39,R1
18,1,0.43090379447030097,Female,E4,30-39,R4
194,0,0.5448374182138909,Female,E4,30-39,R1
103,0,0.0803065953507788,Male,E2,50-64,R1
249,1,0.4737829797634944,Female,E3,18-29,R4
126,0,0.09431121013420514,Male,E4,30-39,R3
287,0,0.758140358513088,Female,E1,18-29,R1
29,0,0.43361156846391724,Female,E3,18-29,R1
93,0,0.39322568834048716,Male,E2,30-39,R2
230,1,0.5097648908854202,Male,E2,30-39,R1
129,0,0.28884564595161205,Female,E2,50-64,R2
76,1,0.1851935368773079,Male,E5,40-49,R3
265,0,0.6235726492039579,Female,E1,30-39,R1
296,0,0.2870100580855135,Male,E4,50-64,R2
112,0,0.5528111162563049,Male,E1,18-29,R3
195,0,0.39910158092209913,Female,E3,18-29,R3
167,0,0.14459050890756697,Male,E4,30-39,R2
20,0,0.07818221876309019,Male,E1,30-39,R2
140,0,0.38280284213478477,Female,E3,30-39,R4
272,1,0.7784879061696777,Male,E4,18-29,R1
126,0,0.2881965591824746,Male,E5,30-39,R1
135,0,0.4478856606985457,Male,E3,30-39,R4
290,1,0.5458724415837906,Male,E1,40-49,R1
241,0,0.4177117717359189,Male,E1,40-49,R1
218,1,0.24763506397501614,Male,E1,18-29,R1
216,0,0.570791711342045,Male,E5,18-29,R4
119,0,0.3799943762848629,Male,E4,18-29,R3
86,0,0.1847789837451836,Male,E5,40-49,R1
291,0,0.03424154489358296,Female,E2,40-49,R1
148,0,0.4366694035533313,Female,E2,18-29,R1
51,0,0.39495836140276575,Male,E1,30-39,R1
14,0,0.25768470169383956,Male,E6,18-29,R2
8,0,0.2259236126156529,Male,E3,30-39,R4
11,0,0.33734600224039135,Female,E5,18-29,R2
137,0,0.2616999952959572,Male,E1,40-49,R2
101,0,0.6850921302148176,Male,E5,30-39,R2
16,0,0.14694734612308838,Male,E2,50-64,R1
275,0,0.3841285633336766,Male,E1,30-39,R1
291,0,0.3174979323591182,Male,E3,30-39,R4
220,0,0.3975569112584406,Female,E1,50-64,R2
251,0,0.1116925297622373,Male,E2,30-39,R2
229,1,0.5839863879785946,Male,E3,18-29,R4
284,1,0.730469587612584,Male,E4,40-49,R3
126,0,0.7229832900966229,Female,E1,30-39,R1
212,1,0.6328868941465058,Female,E2,40-49,R1
287,0,0.5134104545528072,Male,E3,18-29,R3
189,0,0.3659820282547815,Male,E1,30-39,R4
169,1,0.8061132086797279,Male,E1,18-29,R1
7,0,0.5271125815487436,Male,E1,30-39,R3
181,0,0.5692733894436052,Female,E6,30-39,R4
139,0,0.043849646229047745,Male,E4,30-39,R3
268,0,0.6496292718591634,Female,E1,18-29,R4
56,0,0.40245116206558534,Female,E2,40-49,R3
70,0,0.07541464211701673,Male,E2,30-39,R1
7,1,0.5534536773619374,Female,E1,40-49,R1
66,1,0.6027814140535257,Female,E3,30-39,R1
15,0,0.6108435766392296,Female,E6,18-29,R3
164,0,0.11996240230460928,Female,E3,18-29,R1
276,0,0.4239938984107257,Male,E1,50-64,R4
163,0,0.36544218567737313,Male,E2,50-64,R2
80,1,0.6421771140189428,Male,E1,18-29,R2
190,1,0.39208926471962313,Male,E1,30-39,R1
217,0,0.47693388734258557,Female,E2,18-29,R1
30,0,0.6567770302689769,Male,E4,30-39,R3
260,0,0.2895353158693236,Male,E4,18-29,R2
84,1,0.42313300104190815,Male,E3,50-64,R2
43,1,0.3021396698066008,Female,E6,40-49,R2
77,0,0.09247306284834308,Male,E4,18-29,R2
127,1,0.26833576117671937,Female,E5,18-29,R1
146,0,0.01,Male,E2,30-39,R4
101,0,0.43438533739996993,Female,E1,18-29,R2
176,0,0.44995974379499354,Male,E3,30-39,R2
267,1,0.649283160845824,Male,E5,50-64,R1
129,0,0.5425033562411875,Male,E4,40-49,R3
278,0,0.6379368414160792,Female,E2,30-39,R2
266,1,0.55752693212917,Female,E1,18-29,R1
152,0,0.35541501209877063,Male,E5,30-39,R1
123,1,0.43645091549383114,Female,E4,40-49,R4
111,0,0.21485589642070574,Female,E1,30-39,R1
160,0,0.48704116322471397,Male,E4,50-64,R4
91,0,0.5445315158094552,Female,E5,40-49,R2
36,0,0.42033810457277565,Male,E1,18-29,R4
129,1,0.6453393877390344,Female,E3,30-39,R2
150,0,0.6402946929800651,Male,E1,30-39,R1
99,0,0.40379017770396175,Male,E4,30-39,R2
285,0,0.46944173994202887,Male,E4,18-29,R1
233,0,0.6284898244216669,Female,E2,50-64,R4
267,1,0.5856676988060447,Female,E1,30-39,R1
77,0,0.27512686837958994,Male,E3,30-39,R2
3,0,0.4199485252531603,Male,E6,30-39,R2
144,0,0.4687202864509497,Male,E3,30-39,R3
294,0,0.2321670137196771,Male,E4,40-49,R1
110,1,0.5767789344940022,Female,E1,18-29,R2
167,0,0.2024301895091478,Male,E2,30-39,R1
234,0,0.5700566332185073,Male,E1,40-49,R1
245,0,0.4328652916830942,Male,E1,40-49,R1
5,0,0.36055270145969764,Male,E1,30-39,R2
69,0,0.22771529936373153,Male,E2,50-64,R3
287,0,0.33438987153985245,Female,E2,18-29,R2
19,1,0.4661627660066579,Male,E1,40-49,R1
224,0,0.517818426154172,Male,E2,30-39,R2
266,0,0.2813203437918638,Male,E4,30-39,R1
246,0,0.3241512228871153,Female,E2,18-29,R2
146,0,0.22529873051366442,Male,E2,40-49,R1
134,1,0.5696540901196563,Male,E1,18-29,R1
78,0,0.14979573323679551,Female,E1,30-39,R3
243,0,0.4233331609350843,Male,E5,18-29,R2
78,0,0.38600972575334846,Male,E5,18-29,R3
18,0,0.01,Female,E2,30-39,R1
114,0,0.5934422745981105,Male,E1,30-39,R1
278,0,0.20547484864357302,Female,E6,40-49,R1
66,0,0.44629185741180005,Female,E1,30-39,R3
2,1,0.5255259831912553,Male,E6,50-64,R1
74,0,0.14057353584308688,Female,E3,50-64,R2
48,1,0.319062754733734,Female,E1,30-39,R2
181,0,0.37460647063812835,Female,E3,50-64,R2
171,0,0.5528590954717982,Female,E5,30-39,R4
277,0,0.07785409997688832,Female,E2,30-39,R1
118,0,0.2936076965575117,Male,E4,30-39,R1
193,1,0.6759098325942966,Male,E4,40-49,R4
53,0,0.16842060509836917,Female,E1,30-39,R1
160,0,0.14550984205364773,Female,E1,18-29,R3
92,1,0.6808069468735941,Male,E1,30-39,R1
48,0,0.6263902278883097,Female,E6,18-29,R2
283,0,0.5430892301327337,Male,E6,40-49,R1
1,0,0.6419807372835395,Male,E1,50-64,R1
214,0,0.6974685103071541,Male,E5,40-49,R4
256,0,0.23338633219215763,Male,E5,50-64,R2
197,0,0.2185962156662514,Male,E1,30-39,R2
257,0,0.2643738993406709,Male,E5,40-49,R4
14,0,0.5184829788771851,Male,E1,18-29,R3
261,0,0.12178714704584205,Male,E1,18-29,R2
164,0,0.6395449258568532,Female,E4,50-64,R1
52,0,0.43872488950715166,Male,E1,50-64,R2
280,0,0.7032082115592723,Male,E4,30-39,R2
7,0,0.6012285690287722,Female,E1,40-49,R3
225,0,0.6946251062987931,Male,E5,18-29,R3
143,0,0.512002722382741,Male,E4,50-64,R2
8,0,0.3569400466274378,Female,E4,30-39,R1
135,0,0.23553637473394823,Female,E3,40-49,R1
236,0,0.30977516948337636,Male,E2,18-29,R3
153,1,0.7125862892641189,Male,E4,18-29,R1
123,0,0.5222914424742243,Male,E1,30-39,R2
215,0,0.2523123733102645,Female,E4,50-64,R2
2,1,0.19026479261091137,Female,E4,18-29,R3
259,0,0.09296394373895528,Male,E4,30-39,R3
123,0,0.26288583768890805,Male,E2,18-29,R4
147,0,0.43355038098553395,Male,E5,30-39,R2
24,0,0.07970974702030076,Male,E2,40-49,R2
232,0,0.3392083008311292,Female,E2,30-39,R1
87,0,0.3639482840204523,Male,E6,18-29,R2
1,0,0.3782835300925896,Male,E1,18-29,R3
215,0,0.453288103187345,Male,E1,40-49,R4
63,1,0.5039834163749973,Female,E1,30-39,R4
21,0,0.01,Female,E2,50-64,R1
73,0,0.25503031661066256,Male,E6,50-64,R3
184,0,0.7321004550457632,Male,E5,50-64,R2
116,1,0.7881761025003412,Male,E5,40-49,R1
8,0,0.5232596168429675,Male,E4,18-29,R4
258,0,0.2645892893677064,Female,E3,40-49,R1
179,1,0.8874464776272543,Female,E4,18-29,R1
52,1,0.8181342935989195,Female,E1,40-49,R1
261,0,0.2929768665084471,Female,E4,40-49,R4
250,0,0.1365541556270593,Female,E2,30-39,R2
37,0,0.485853436549278,Male,E2,30-39,R1
47,1,0.08168479169673142,Female,E3,30-39,R1
63,0,0.3834156593271598,Male,E2,18-29,R1
47,0,0.6682222998592645,Male,E1,30-39,R1
254,0,0.3845579720626124,Female,E6,50-64,R1
108,0,0.3393729532589973,Female,E2,40-49,R1
13,0,0.606729178525283,Male,E4,30-39,R3
142,0,0.44921971157781515,Female,E1,30-39,R3
51,0,0.01,Female,E1,18-29,R3
257,0,0.26314888642658424,Male,E2,40-49,R1
210,0,0.01,Female,E2,30-39,R1
177,1,0.4832491384845524,Female,E2,18-29,R2
170,0,0.4504886574343769,Female,E5,40-49,R1
86,1,0.35213355021981646,Female,E4,50-64,R4
169,0,0.36823106807683054,Male,E1,18-29,R1
45,1,0.6433434990868665,Female,E1,40-49,R2
15,1,0.4648501835923349,Male,E4,18-29,R4
171,0,0.273475483899716,Male,E5,30-39,R2
284,1,0.6544289037170566,Male,E1,18-29,R1
230,1,0.5594383312733013,Female,E4,18-29,R2
243,0,0.3527404437703565,Female,E4,18-29,R1
132,0,0.22028045504929072,Female,E3,18-29,R1
69,0,0.1533706807070686,Male,E6,40-49,R1
67,0,0.5559164366582031,Female,E2,18-29,R2
43,0,0.4914468172996002,Female,E1,40-49,R2
90,0,0.3337984783415379,Female,E2,18-29,R2
148,0,0.43199240024715685,Female,E4,30-39,R2
135,0,0.19720473095954885,Male,E4,40-49,R2
217,0,0.23461844664896983,Male,E2,18-29,R1
261,0,0.28008422192218957,Female,E2,40-49,R3
48,0,0.4665297828145254,Female,E3,50-64,R1
272,1,0.39364172098030836,Female,E1,30-39,R1
219,0,0.01,Male,E3,50-64,R1
31,0,0.6606625671972624,Female,E6,50-64,R2
47,0,0.40082487687111046,Male,E2,30-39,R1
21,0,0.2558915539937321,Female,E4,18-29,R1
221,0,0.2975494133810474,Male,E5,40-49,R3
85,0,0.32468536349921884,Male,E2,18-29,R2
52,0,0.06677146519094282,Male,E6,50-64,R2
0,0,0.08142345090873093,Male,E6,40-49,R2
164,0,0.7144322260492804,Male,E1,40-49,R3
157,0,0.6979385972121473,Male,E1,40-49,R3
58,0,0.19731742511138403,Female,E1,18-29,R1
287,1,0.41210413351092745,Male,E5,30-39,R1
13,0,0.01401303407411614,Male,E2,40-49,R1
229,0,0.2229162655205256,Male,E3,18-29,R1
96,0,0.2216894215335129,Male,E4,30-39,R4
93,0,0.3077894911376158,Male,E2,40-49,R2
10,0,0.4994759704392,Female,E2,18-29,R3
5,0,0.3166311092726297,Male,E1,18-29,R2
180,0,0.4891392602046253,Female,E3,30-39,R2
194,0,0.3519465114799592,Male,E3,18-29,R4
241,0,0.25076849062884404,Female,E2,30-39,R4
221,1,0.5777900899061369,Male,E1,18-29,R1
298,0,0.563736060344084,Female,E4,40-49,R1
259,0,0.5374249373015191,Male,E3,40-49,R1
236,1,0.42137383231284986,Male,E3,30-39,R1
258,0,0.22574763500773096,Male,E1,30-39,R1
169,0,0.27822663352059085,Male,E1,30-39,R2
220,0,0.1613490747658996,Female,E5,50-64,R3
293,0,0.4131444305129171,Female,E6,50-64,R3
165,1,0.492740473400679,Male,E1,30-39,R2
83,1,0.6648243371048661,Female,E5,18-29,R4
114,0,0.36051157904309766,Male,E1,30-39,R2
230,0,0.27705506340690783,Male,E6,18-29,R3
98,0,0.04505424328391887,Male,E3,40-49,R1
53,0,0.45637423619773876,Male,E2,50-64,R2
236,1,0.6495007577951319,Female,E1,30-39,R1
226,0,0.262526949497171,Female,E1,40-49,R4
180,0,0.4111678372262511,Male,E5,30-39,R1
62,1,0.5866290720222499,Male,E3,40-49,R1
275,0,0.2811659425728343,Female,E3,50-64,R2
276,1,0.8120174828475719,Female,E1,30-39,R2
229,1,0.563160280839529,Female,E5,18-29,R1
143,0,0.13865192295672935,Male,E2,18-29,R2
70,0,0.34610024012672724,Male,E2,40-49,R2
255,1,0.5322754471526308,Female,E3,40-49,R3
35,0,0.205744649033893,Male,E1,30-39,R2
297,0,0.41493322812384964,Female,E1,18-29,R1
2,1,0.46932391628458475,Female,E2,30-39,R1
232,1,0.7360235271890034,Female,E1,18-29,R1
23,0,0.7505652120372673,Female,E2,30-39,R1
160,0,0.3144225208795939,Male,E2,40-49,R1
108,1,0.4842369957633199,Male,E5,30-39,R2
3,0,0.2446079827874183,Male,E1,30-39,R1
277,0,0.7471663680636728,Male,E5,30-39,R1
61,0,0.11986496715723007,Female,E4,30-39,R4
97,0,0.35746325749287916,Male,E1,50-64,R1
233,0,0.8603329934317036,Male,E4,30-39,R2
9,1,0.7865137443103754,Male,E4,18-29,R3
157,0,0.7247635780912498,Male,E1,50-64,R3
254,0,0.16228107042109238,Male,E2,30-39,R1
140,0,0.40365608577272666,Female,E1,30-39,R2
135,0,0.21959559023096617,Male,E3,40-49,R1
285,0,0.46658859713142337,Female,E1,40-49,R4
159,0,0.1861869071158922,Male,E2,18-29,R3
201,0,0.19997684493888224,Female,E4,40-49,R1
191,0,0.29921015505920473,Female,E5,50-64,R2
38,1,0.8732311174481215,Male,E5,30-39,R2
29,0,0.2042227884457192,Male,E1,18-29,R2
180,0,0.5702898629950612,Male,E3,40-49,R4
155,1,0.29882698312135864,Female,E6,18-29,R2
72,0,0.13344285629866784,Female,E2,30-39,R4
86,0,0.314036089083576,Female,E3,30-39,R2
166,0,0.2953693677137297,Male,E1,30-39,R1
73,0,0.28674475208465056,Female,E1,18-29,R1
204,0,0.2565075604145185,Male,E3,30-39,R1
8,1,0.49648012493444427,Female,E5,18-29,R1
167,1,0.30815645678570686,Male,E3,50-64,R2
145,0,0.47031290015458016,Female,E1,40-49,R1
72,0,0.663880567156158,Male,E4,40-49,R3
13,1,0.6528308917107667,Female,E1,50-64,R1
99,0,0.1906120153072587,Female,E5,40-49,R1
26,0,0.05974420583606373,Male,E1,18-29,R1
176,1,0.5969478071571159,Male,E2,30-39,R3
179,1,0.37813686533272695,Male,E3,40-49,R2
212,0,0.04956820519707149,Female,E6,30-39,R4
188,0,0.17910102182818077,Male,E2,18-29,R3
160,0,0.2532683428506307,Female,E2,18-29,R3
258,0,0.33174275814480775,Female,E5,30-39,R2
155,0,0.49368852071802005,Female,E4,40-49,R1
274,0,0.48080932878808985,Male,E6,30-39,R2
5,1,0.585096845087977,Male,E5,18-29,R1
148,1,0.29674107558661134,Male,E3,40-49,R1
19,0,0.3753907172683512,Female,E5,30-39,R1
246,0,0.36975815905483267,Male,E2,40-49,R1
243,0,0.6267628889825599,Female,E1,30-39,R1
53,0,0.03463051459915787,Female,E3,30-39,R3
183,0,0.6622055399242905,Female,E6,50-64,R1
162,0,0.18553206727149552,Male,E2,18-29,R1
294,0,0.17753524524926356,Male,E3,30-39,R2
277,0,0.6069051251371023,Male,E5,30-39,R1
54,0,0.3756155530496265,Female,E5,18-29,R1
19,0,0.3316285651099856,Male,E5,40-49,R1
153,0,0.7755792635642331,Female,E5,30-39,R1
236,0,0.1630353741499142,Female,E3,40-49,R1
281,0,0.4501936584560638,Male,E1,30-39,R1
48,0,0.14295890843330034,Female,E1,50-64,R3
102,0,0.01,Female,E3,30-39,R2
12,0,0.291295708853826,Female,E2,18-29,R2
199,0,0.7324370294220409,Male,E3,18-29,R1
160,0,0.06480513630051493,Female,E3,18-29,R2
129,0,0.37425369161429056,Male,E4,50-64,R3
261,0,0.3050441487425046,Female,E6,30-39,R4
109,1,0.7942854534429971,Female,E5,40-49,R1
99,1,0.34645060975965963,Male,E1,40-49,R2
254,0,0.3940372292721844,Female,E2,40-49,R1
68,0,0.24375592149101827,Female,E3,30-39,R3
185,0,0.01,Male,E6,18-29,R1
93,0,0.24810108016545146,Female,E2,40-49,R1
99,0,0.29656088626784277,Female,E1,40-49,R2
68,0,0.22779159699097018,Male,E2,30-39,R4
252,0,0.2321927449602338,Male,E1,18-29,R4
155,0,0.4750031079874934,Male,E3,40-49,R2
275,0,0.5018961225907627,Female,E3,40-49,R1
31,0,0.23437488401547432,Female,E5,30-39,R1
295,0,0.14532161529687962,Male,E2,50-64,R1
53,0,0.11363300536385275,Female,E4,30-39,R1
68,0,0.42281223337396023,Male,E5,30-39,R1
233,0,0.1582611945377589,Male,E1,40-49,R1
93,0,0.5037636983280493,Female,E3,40-49,R2
66,0,0.12669687005092917,Female,E2,18-29,R1
8,0,0.300455604731126,Male,E4,18-29,R2
201,0,0.24656695377348525,Female,E3,18-29,R2
123,0,0.20547003884891976,Male,E6,18-29,R2
134,0,0.5806526064321128,Male,E6,30-39,R4
274,0,0.3888616239969821,Female,E2,18-29,R1
33,0,0.036232190970795324,Male,E2,40-49,R1
64,0,0.5679160297491129,Male,E2,40-49,R1
109,1,0.3761703138365055,Male,E4,30-39,R3
266,0,0.6275180425894613,Male,E4,30-39,R3
65,0,0.4054798281855313,Male,E3,30-39,R1
213,1,0.682932596500857,Male,E1,30-39,R2
231,1,0.5630226053554365,Male,E1,30-39,R1
209,0,0.5933139529051056,Male,E3,50-64,R2
269,0,0.5161740835226937,Male,E4,50-64,R1
73,0,0.5568205573298055,Male,E6,18-29,R3
206,1,0.6277520203841683,Male,E1,40-49,R3
51,0,0.2159375216670146,Female,E1,30-39,R1
148,0,0.1481916446638184,Male,E5,40-49,R1
211,0,0.35113268243868656,Female,E5,18-29,R2
291,0,0.11097945581341992,Male,E3,18-29,R3
57,0,0.20191424391589455,Male,E5,30-39,R1
57,0,0.6282098795873852,Female,E6,30-39,R4
16,0,0.7656484397454548,Female,E5,30-39,R4
24,0,0.13853298081448528,Male,E3,40-49,R1
166,1,0.22357994400293485,Male,E2,30-39,R1
63,0,0.42359659861310905,Female,E5,30-39,R3
72,0,0.34964589755236725,Female,E4,18-29,R3
146,0,0.2647843816257552,Male,E5,40-49,R3
110,0,0.4263655279143529,Female,E2,40-49,R1
223,0,0.4264629642361957,Female,E2,30-39,R3
117,1,0.5783307344666757,Female,E2,40-49,R3
28,0,0.2439935424746357,Male,E6,18-29,R1
118,0,0.0471296067152536,Male,E2,18-29,R4
282,0,0.4236083327872531,Female,E3,40-49,R2
90,0,0.48347541975957603,Female,E5,30-39,R1
149,0,0.5028528183810852,Female,E6,18-29,R2
112,0,0.24651055125016058,Male,E4,30-39,R3
241,1,0.3429039454284721,Female,E4,18-29,R1
2,0,0.6009628649644438,Female,E2,30-39,R1
209,0,0.49636792592100615,Female,E3,30-39,R2
107,0,0.20946552604134772,Female,E4,18-29,R4
27,0,0.42286681918068486,Female,E4,30-39,R1
210,0,0.5664890996007641,Male,E5,18-29,R2
247,1,0.562602825711443,Male,E1,30-39,R2
139,1,0.4800115875086998,Male,E1,40-49,R2
101,0,0.4473893220265472,Male,E2,30-39,R1
35,0,0.8203989981095331,Male,E2,30-39,R3
163,0,0.3895423172852961,Male,E3,18-29,R3
277,0,0.0954010778033415,Female,E3,18-29,R1
186,0,0.27671262922363377,Male,E1,30-39,R4
82,0,0.35112719855997077,Male,E1,30-39,R1
103,1,0.7552092151069041,Male,E4,40-49,R3
225,0,0.10022448012395271,Male,E4,18-29,R2
76,1,0.4735883463780559,Male,E1,40-49,R3
149,0,0.16700818090442734,Female,E2,40-49,R1
123,0,0.15710228901665177,Male,E6,18-29,R3
101,0,0.35200043192873665,Male,E5,18-29,R1
219,0,0.5227415758138918,Male,E5,40-49,R2
236,0,0.45209363420420107,Male,E2,40-49,R4
195,0,0.21939328020694165,Male,E2,50-64,R3
207,0,0.18900349154898125,Female,E3,30-39,R1
146,0,0.0882048067877055,Female,E6,30-39,R1
114,1,0.4403713466323942,Female,E1,30-39,R3
244,0,0.09346258037139724,Male,E1,40-49,R2
103,1,0.4883622330606782,Male,E5,50-64,R4
57,0,0.44663645845452093,Male,E2,50-64,R1
48,1,0.4085239460694484,Male,E1,40-49,R1
266,0,0.3319215070186078,Female,E2,40-49,R1
142,0,0.3793780726751789,Male,E1,18-29,R1
118,0,0.46409246279493443,Female,E6,30-39,R2
184,0,0.37765508332389813,Male,E2,40-49,R3
6,0,0.3004518039554661,Male,E5,18-29,R1
19,0,0.2604782750514232,Male,E5,18-29,R4
160,1,0.40673121849705884,Male,E2,40-49,R4
201,0,0.6720786986558939,Male,E3,18-29,R1
141,0,0.5202494605937572,Male,E1,40-49,R3
217,0,0.2053788254089613,Female,E3,40-49,R1
81,1,0.4964021686165198,Male,E2,30-39,R2
49,0,0.6565367271683331,Female,E5,30-39,R1
160,0,0.2124296088022205,Male,E5,30-39,R1
296,0,0.6223665088075292,Female,E5,50-64,R4
209,0,0.5738997655447589,Female,E2,18-29,R1
178,1,0.39692307728680615,Female,E3,40-49,R1
280,1,0.6942542740748615,Male,E1,50-64,R2
13,1,0.6770609675283463,Male,E5,18-29,R2
10,0,0.48933738850791403,Male,E1,50-64,R2
135,0,0.24116907423838177,Male,E2,30-39,R1
174,1,0.5019997671348317,Male,E6,40-49,R1
102,0,0.12487268896738875,Male,E5,40-49,R2
288,1,0.3773116091536852,Male,E5,30-39,R1
71,1,0.35691420603446317,Female,E1,30-39,R2
104,0,0.39904360867023647,Male,E1,18-29,R2
234,0,0.29264819335013537,Male,E1,40-49,R3
273,1,0.18130433511584054,Female,E4,30-39,R2
175,1,0.15530952460470943,Male,E4,30-39,R3
100,0,0.3439964595536416,Male,E3,40-49,R1
201,0,0.37495908307693127,Male,E1,40-49,R1
221,1,0.520559637416225,Female,E4,30-39,R2
189,0,0.29005877258057133,Male,E3,18-29,R2
123,1,0.6429875798096559,Female,E6,30-39,R3
22,1,0.7277474700803468,Female,E5,18-29,R3
190,0,0.4487763620214401,Female,E3,18-29,R3
189,0,0.42202552805598265,Male,E5,50-64,R1
200,0,0.19477518415192505,Female,E3,50-64,R3
182,0,0.15719393797226505,Female,E2,50-64,R1
43,0,0.4648306445817477,Male,E3,30-39,R3
13,0,0.42579204094424605,Female,E1,18-29,R3
54,0,0.09451005288553185,Female,E3,50-64,R2
11,0,0.29182030991733315,Male,E3,30-39,R1
154,0,0.25317580015812946,Male,E3,30-39,R4
198,1,0.42019865329534384,Female,E3,50-64,R3
47,0,0.17735712144253643,Male,E3,40-49,R1
195,0,0.09229138018724818,Male,E4,18-29,R1
248,1,0.5031370575444983,Female,E1,50-64,R1
91,1,0.6530939847517021,Female,E4,18-29,R1
193,1,0.7208241496786835,Male,E1,40-49,R2
243,0,0.393758675968383,Male,E4,30-39,R1
24,0,0.3741065721155158,Female,E1,40-49,R2
282,0,0.3149542801064085,Male,E3,30-39,R1
259,0,0.567375318190259,Male,E3,30-39,R3
200,0,0.47023481942925854,Female,E1,18-29,R3
239,0,0.2315507376762445,Female,E2,30-39,R1
284,0,0.16126744083820596,Male,E4,18-29,R2
257,0,0.06648915409125906,Female,E2,30-39,R1
23,0,0.33826002330353566,Female,E6,18-29,R1
1,0,0.3761574286481868,Male,E3,30-39,R2
291,0,0.30096007834414745,Male,E5,18-29,R3
28,0,0.45145870293911367,Female,E1,50-64,R2
156,0,0.4881813250884866,Male,E3,18-29,R1
45,0,0.15034049988152337,Male,E5,40-49,R4
261,0,0.6568390522432642,Male,E4,40-49,R2
26,1,0.7071463952098791,Female,E1,40-49,R1
181,0,0.4141826656726857,Male,E4,50-64,R3
194,0,0.22114156848897587,Male,E1,30-39,R3
118,0,0.4676970759414928,Male,E1,30-39,R1
288,1,0.5958770216447408,Male,E4,50-64,R3
156,1,0.593835945424357,Female,E5,50-64,R1
218,0,0.39946450003559975,Male,E1,50-64,R2
176,0,0.49702620345917875,Female,E1,50-64,R2
18,0,0.07244106182075892,Female,E2,50-64,R2
147,1,0.8977969011306673,Male,E4,18-29,R4
269,1,0.19851796812642908,Male,E2,50-64,R2
227,0,0.21868936515669715,Female,E2,30-39,R3
102,0,0.5642550920912731,Female,E5,18-29,R2
49,0,0.0994910530829248,Male,E2,30-39,R1
139,1,0.5179539828187936,Male,E4,18-29,R1
129,0,0.4598592950736364,Male,E2,18-29,R1
215,1,0.6839592000089011,Male,E4,30-39,R1
267,0,0.8425256825992817,Female,E2,30-39,R1
176,0,0.3659749394900296,Female,E1,18-29,R1
76,1,0.14368639272376268,Female,E3,50-64,R1
261,0,0.382968516876554,Male,E4,30-39,R1
29,0,0.322764955885208,Male,E4,50-64,R1
58,0,0.5339931649892391,Male,E2,18-29,R3
41,0,0.2319964267700666,Male,E6,30-39,R1
68,1,0.4838329897463439,Male,E5,18-29,R1
253,0,0.16211014974172153,Male,E1,30-39,R1
40,1,0.170598691548709,Male,E1,18-29,R2
89,0,0.48406477542078225,Male,E2,18-29,R1
75,0,0.36045837748859516,Male,E3,50-64,R3
141,0,0.01,Female,E2,18-29,R1
155,1,0.7685795912554662,Female,E6,30-39,R3
213,0,0.33771121813417626,Female,E3,18-29,R1
33,0,0.2526307182029989,Female,E4,40-49,R3
28,0,0.07873927994652054,Female,E1,18-29,R2
263,0,0.43691603903824383,Female,E3,18-29,R1
246,0,0.03076175345221241,Male,E2,30-39,R1
243,0,0.0987745143439592,Female,E4,18-29,R4
183,0,0.14309216888272086,Female,E2,30-39,R1
229,0,0.3298129632846754,Female,E2,40-49,R1
172,0,0.5278805026705464,Female,E2,18-29,R1
287,1,0.9192197198808333,Male,E4,18-29,R4
171,0,0.33360286799946426,Female,E4,18-29,R2
168,0,0.08695442932433062,Female,E1,30-39,R2
110,0,0.5017875215423778,Female,E4,18-29,R4
207,0,0.5464534822004155,Male,E2,50-64,R3
67,1,0.5552355285760583,Female,E3,30-39,R1
84,0,0.0821136221354307,Male,E1,18-29,R1
106,0,0.33984253837249945,Male,E1,40-49,R2
275,0,0.627007555723717,Male,E1,18-29,R1
9,0,0.024975194281492998,Male,E1,30-39,R3
254,0,0.1779073854642535,Male,E6,50-64,R1
171,1,0.09607000706219294,Male,E4,18-29,R3
192,1,0.30922196844183525,Female,E6,18-29,R3
140,1,0.3503877232849586,Female,E4,40-49,R1
57,0,0.738863758931599,Female,E4,40-49,R1
6,1,0.23876905595562126,Female,E1,30-39,R1
174,0,0.1306287611615368,Female,E1,40-49,R1
54,0,0.050817038829264236,Male,E1,40-49,R2
108,0,0.6547633461984121,Male,E3,30-39,R1
281,0,0.1537572512300419,Male,E3,18-29,R1
60,0,0.49637288551780656,Female,E1,50-64,R1
209,0,0.21394143139120364,Female,E2,18-29,R4
143,0,0.3278272888264383,Female,E5,30-39,R2
71,0,0.2887616458415601,Female,E3,50-64,R2
188,0,0.41711108404808994,Female,E2,18-29,R2
295,0,0.11196677072847572,Male,E6,40-49,R4
262,1,0.47560182988716865,Female,E4,30-39,R2
253,1,0.2749102672716942,Male,E6,50-64,R1
115,0,0.3255305328548774,Female,E1,30-39,R2
210,1,0.45304254658501697,Female,E4,30-39,R1
59,1,0.6820774662206628,Female,E2,30-39,R1
283,0,0.15773709052503873,Male,E2,18-29,R1
91,0,0.20047333950423013,Female,E1,30-39,R1
33,0,0.5981331019544326,Male,E3,30-39,R3
171,1,0.7041345004687372,Female,E5,18-29,R1
89,1,0.5579526866283918,Female,E4,30-39,R1
188,0,0.3735845374449761,Female,E3,30-39,R3
127,1,0.38108808817285816,Male,E1,30-39,R3
100,0,0.40021525688131854,Male,E3,18-29,R3
11,1,0.44497269724016575,Male,E5,18-29,R1
252,0,0.16218417103311275,Female,E2,40-49,R4
178,0,0.36814704355145167,Female,E2,30-39,R1
126,0,0.6938377971516067,Female,E1,18-29,R2
248,0,0.28630677135531635,Female,E3,40-49,R1
167,1,0.606582942130783,Female,E1,30-39,R1
173,0,0.44427438190400015,Male,E4,30-39,R1
240,0,0.3821822687720433,Female,E5,40-49,R1
145,0,0.24693219696711535,Female,E3,30-39,R4
265,0,0.15365486772822662,Female,E1,18-29,R1
288,0,0.10615408136082698,Female,E6,50-64,R1
141,0,0.3651101723118368,Female,E3,40-49,R3
249,0,0.24131717760303809,Male,E1,40-49,R4
9,0,0.32093954839807737,Female,E4,40-49,R1
183,0,0.3023457047825991,Male,E1,30-39,R2
226,0,0.6333120606273929,Female,E4,50-64,R3
259,0,0.5934674497944339,Female,E2,18-29,R3
48,0,0.1916474585790786,Male,E1,18-29,R2
281,0,0.41701660222615633,Female,E1,18-29,R3
174,0,0.07403985226882219,Male,E2,40-49,R1
160,0,0.49505024959911154,Male,E2,40-49,R3
268,0,0.2743659281113684,Male,E2,18-29,R1
191,0,0.39742727527182004,Male,E6,40-49,R2
182,0,0.3874292182310721,Female,E6,30-39,R1
251,1,0.4436971167448441,Female,E5,30-39,R4
259,1,0.5200002378250492,Female,E2,18-29,R1
151,0,0.35306399062605015,Male,E4,30-39,R1
127,0,0.3842923806105848,Male,E3,18-29,R1
118,0,0.12866332234276104,Female,E2,40-49,R2
33,0,0.4847883112111808,Male,E1,18-29,R4
66,1,0.556025590929208,Male,E2,40-49,R3
128,0,0.15226998168190076,Male,E6,30-39,R3
106,0,0.1762369369579146,Female,E2,40-49,R1
249,1,0.5154179652988167,Male,E1,40-49,R1
79,0,0.20313490765564352,Female,E3,18-29,R1
76,0,0.4501653636288031,Female,E3,30-39,R4
179,1,0.46068035890286463,Female,E2,30-39,R1
287,0,0.13667668536669414,Male,E6,40-49,R2
88,0,0.2779018303050793,Female,E1,30-39,R2
44,0,0.3424076957299165,Male,E3,40-49,R2
84,1,0.5465702380798653,Female,E6,30-39,R1
209,0,0.207712159999042,Male,E3,40-49,R2
195,0,0.3817095884748419,Female,E3,18-29,R2
239,0,0.33032405588832825,Male,E6,30-39,R2
80,0,0.23420590009771225,Female,E2,18-29,R3
71,1,0.42549648710112764,Male,E4,30-39,R2
151,1,0.6059090120562649,Male,E1,30-39,R1
223,0,0.4746738209380499,Male,E2,50-64,R1
141,1,0.5946377271049431,Female,E2,40-49,R3
274,0,0.30439365598032037,Male,E1,18-29,R1
53,0,0.3444079345785754,Male,E1,30-39,R1
99,0,0.7923495279488206,Male,E2,30-39,R1
53,0,0.5574587445547924,Male,E3,50-64,R1
78,0,0.6062611320812408,Female,E3,18-29,R1
64,0,0.35841790531247397,Female,E2,18-29,R1
93,0,0.43433861200499313,Female,E2,18-29,R2
205,0,0.31445290576235363,Female,E4,40-49,R2
151,1,0.7263626536454391,Male,E4,40-49,R3
135,1,0.6547648332758851,Female,E6,18-29,R1
265,0,0.4911607649217676,Male,E2,18-29,R2
48,0,0.6446870558094728,Female,E1,18-29,R1
100,0,0.3559555844933935,Male,E1,50-64,R1
189,0,0.5364868727891082,Female,E1,40-49,R2
287,0,0.4893034052491608,Male,E1,30-39,R1
133,0,0.3655750741870376,Female,E1,30-39,R1
232,1,0.6634341889706827,Male,E3,30-39,R3
15,0,0.428345115957334,Male,E6,30-39,R3
170,0,0.4799133594718394,Female,E1,18-29,R1
291,0,0.23559132877920935,Female,E3,18-29,R1
204,0,0.2796955418724501,Female,E2,40-49,R1
231,0,0.6919102191535506,Male,E4,50-64,R2
289,0,0.3884246700818226,Female,E1,50-64,R1
112,0,0.3229244218757408,Female,E2,30-39,R1
38,0,0.18414974934574244,Female,E4,30-39,R3
207,0,0.1268172108419766,Male,E3,18-29,R1
146,0,0.23433899002947675,Male,E3,40-49,R2
36,0,0.3283239392645767,Male,E1,50-64,R2
97,1,0.7098013056804092,Male,E1,18-29,R1
292,0,0.06925667184364587,Female,E3,30-39,R1
278,0,0.44565185422897696,Female,E4,30-39,R2
35,0,0.12676158147072913,Female,E4,30-39,R2
153,0,0.5354899460020971,Female,E1,40-49,R2
120,1,0.3772748025730013,Male,E5,30-39,R3
101,1,0.32749204576763985,Female,E1,40-49,R2
279,0,0.45122494256988127,Male,E1,18-29,R2
31,0,0.18767359526461067,Female,E2,30-39,R2
298,1,0.5918076413394895,Male,E1,18-29,R2
264,0,0.31932522500440835,Female,E1,30-39,R1
236,0,0.32265428983495587,Male,E4,30-39,R1
37,1,0.6244465186477375,Male,E1,50-64,R3
173,0,0.08897434274905668,Female,E3,18-29,R1
157,0,0.1396973572326199,Female,E2,30-39,R2
180,0,0.5759454087204335,Male,E6,40-49,R1
246,0,0.4278926890101897,Female,E4,18-29,R4
7,1,0.505812289436101,Male,E2,30-39,R3
200,0,0.13763993166694177,Female,E1,30-39,R1
140,0,0.10122222020218598,Female,E1,30-39,R1
249,0,0.3854448633590083,Male,E1,30-39,R1
188,0,0.12790351826789648,Female,E2,18-29,R3
175,1,0.5060734183826211,Male,E5,50-64,R2
36,1,0.37083784022010524,Female,E1,30-39,R1
222,0,0.2332519439293108,Female,E1,18-29,R1
4,1,0.6044728838690707,Male,E2,30-39,R2
174,0,0.5266748876118998,Male,E2,40-49,R1
90,0,0.4754393123711636,Male,E5,40-49,R1
141,0,0.3282974288343877,Male,E6,18-29,R2
289,1,0.1934530652745741,Female,E3,30-39,R1
235,0,0.24572629037592522,Male,E1,18-29,R3
230,0,0.49263236237378005,Male,E3,40-49,R1
96,0,0.6073254201062334,Male,E3,30-39,R1
255,1,0.13119323705308364,Female,E2,40-49,R1
53,1,0.5469848857205467,Male,E3,18-29,R3
246,0,0.09496374145793453,Female,E2,50-64,R1
34,0,0.19311937813438498,Female,E1,18-29,R3
52,0,0.4588514444365456,Male,E3,30-39,R1
27,0,0.07012753985498042,Male,E2,40-49,R1
93,0,0.40945610622570006,Female,E3,30-39,R3
210,1,0.2657221276171473,Male,E5,30-39,R3
58,0,0.2592258095576238,Female,E5,50-64,R2
80,0,0.49973131491107753,Male,E2,18-29,R3
196,0,0.45542441650607013,Female,E4,40-49,R1
273,1,0.4768067127240522,Male,E1,30-39,R2
227,0,0.5145799874212406,Male,E2,18-29,R2
45,0,0.1642334076713143,Female,E2,50-64,R1
179,1,0.266101686494508,Female,E6,30-39,R3
151,0,0.48268544189993956,Male,E6,50-64,R1
213,0,0.3114483628875544,Male,E6,30-39,R1
240,1,0.5527941037476607,Male,E1,18-29,R3
174,0,0.4379243944776282,Female,E3,30-39,R1
213,1,0.6061872038093269,Male,E4,50-64,R4
152,1,0.6080825831380027,Male,E5,30-39,R1
6,0,0.16065120550081977,Female,E6,50-64,R1
218,0,0.4836297448271856,Female,E2,30-39,R1
227,0,0.24736786352715354,Female,E3,30-39,R1
225,0,0.1051144604842798,Female,E3,18-29,R3
286,0,0.36539427493312,Female,E5,50-64,R3
264,0,0.21570154260581367,Male,E4,18-29,R3
69,0,0.3743263656242102,Male,E2,50-64,R4
42,0,0.48230132314042146,Female,E2,30-39,R3
249,0,0.5417775456607685,Male,E3,40-49,R3
8,0,0.1844077863520218,Male,E3,30-39,R3
170,0,0.28342129764285723,Female,E2,30-39,R3
62,0,0.3070115480975256,Female,E6,18-29,R1
69,1,0.36876030247620495,Male,E5,40-49,R3
194,0,0.24992262472822988,Male,E6,30-39,R1
293,0,0.35649158831520755,Female,E3,18-29,R1
82,0,0.35949911808723717,Male,E1,30-39,R3
274,0,0.26811576311617036,Male,E1,18-29,R3
99,1,0.3751786524698028,Male,E2,18-29,R3
239,0,0.43136846593130246,Male,E1,30-39,R3
109,1,0.4525329145757688,Male,E4,18-29,R3
0,0,0.2721047286765654,Male,E4,18-29,R2
3,0,0.42599416272195506,Male,E5,30-39,R1
199,0,0.5387119043177803,Male,E3,30-39,R4
266,1,0.7136886499349115,Male,E6,50-64,R3
133,1,0.18925816811402713,Male,E3,30-39,R3
236,0,0.24022232818931244,Female,E4,30-39,R3
79,0,0.3339100205137119,Male,E2,18-29,R2
38,0,0.47282052016806436,Male,E6,30-39,R1
255,1,0.6573329685925339,Male,E2,18-29,R1
209,1,0.42992001604717,Male,E4,40-49,R2
50,1,0.5462026980862347,Female,E6,18-29,R2
104,0,0.26468277975008714,Male,E6,40-49,R2
37,0,0.07580670747613352,Female,E2,18-29,R3
74,1,0.6077983093624837,Male,E1,30-39,R2
180,0,0.1164656760095508,Female,E5,30-39,R2
263,0,0.26952111312422306,Male,E1,30-39,R1
190,0,0.27691120000413477,Male,E1,40-49,R2
67,1,0.22474543575613926,Male,E6,30-39,R1
234,0,0.6636127981874477,Male,E3,50-64,R1
34,0,0.20392271651823302,Female,E2,40-49,R1
87,0,0.30649568553256523,Female,E2,40-49,R3
36,0,0.3976821073572037,Female,E2,30-39,R3
198,0,0.34854797258244963,Male,E4,30-39,R1
97,0,0.40064379685352586,Male,E2,18-29,R4
219,0,0.01,Male,E2,50-64,R1
25,0,0.22006448958671437,Male,E3,40-49,R1
289,1,0.7251955585400646,Female,E1,30-39,R2
56,0,0.37679275229679116,Male,E6,18-29,R2
297,0,0.16946414957154057,Male,E2,40-49,R3
178,1,0.46715239225878114,Female,E3,18-29,R1
226,1,0.5406445881398536,Female,E1,30-39,R2
286,0,0.232347090731936,Male,E5,50-64,R1
86,0,0.0951851086068042,Male,E2,50-64,R3
31,0,0.23275880819022635,Male,E2,40-49,R2
132,1,0.12561682943301414,Male,E1,40-49,R3
53,0,0.10074968200141457,Male,E2,50-64,R1
78,1,0.3577069973853301,Female,E2,50-64,R2
107,0,0.4962284150337479,Female,E3,30-39,R4
113,0,0.29234078980415706,Male,E1,18-29,R1
35,0,0.3803914146888261,Male,E2,50-64,R1
46,0,0.5301355049185479,Male,E5,30-39,R3
281,0,0.12357333089518713,Female,E2,40-49,R2
210,0,0.6761441735982231,Male,E4,18-29,R2
84,0,0.3899957018902961,Male,E3,18-29,R3
46,1,0.25661577117466255,Female,E5,30-39,R3
40,0,0.3333675529908134,Female,E1,18-29,R3
233,0,0.1709914690902988,Male,E2,40-49,R1
251,1,0.5411184438490859,Male,E3,40-49,R4
124,0,0.5231332214274764,Male,E5,18-29,R4
100,1,0.903490374607598,Male,E1,18-29,R2
133,1,0.4406587646782183,Male,E5,18-29,R1
72,0,0.50903363939964,Male,E4,40-49,R3
287,1,0.5338261654818409,Male,E4,40-49,R1
6,0,0.17511195286821604,Male,E1,40-49,R3
210,1,0.42801467498110213,Female,E5,40-49,R1
106,0,0.1632604736309437,Male,E3,18-29,R3
14,0,0.274652560072593,Male,E2,30-39,R1
229,1,0.698063215489558,Female,E2,18-29,R2
248,1,0.7356091414777641,Male,E5,18-29,R4
294,0,0.2392543231056948,Male,E1,30-39,R2
177,0,0.2696771487033103,Female,E2,50-64,R1
205,0,0.43292634588332496,Male,E4,30-39,R2
238,1,0.5420346302810226,Male,E1,40-49,R2
261,0,0.04032871017234929,Male,E1,18-29,R3
155,0,0.25741037870579536,Female,E2,30-39,R1
112,1,0.5554201660967719,Male,E6,30-39,R2
165,0,0.2729511167428855,Male,E4,40-49,R2
43,1,0.4702118092114138,Male,E1,18-29,R2
231,0,0.2401822979530081,Male,E1,18-29,R1
3,0,0.45716783096200586,Female,E4,18-29,R1
181,0,0.5562987584893633,Female,E4,50-64,R2
164,0,0.01,Male,E6,18-29,R3
41,0,0.13066119561752945,Male,E6,40-49,R2
137,0,0.46977407723299935,Female,E3,18-29,R3
235,0,0.5402889683904799,Female,E1,30-39,R2
284,0,0.6838777478912195,Female,E2,30-39,R1
97,1,0.309827762180118,Male,E1,18-29,R1
267,0,0.24983361874525717,Male,E3,30-39,R3
61,1,0.4481561172887749,Female,E4,50-64,R4
70,0,0.10470022151215855,Female,E2,40-49,R3
169,1,0.3922762840725144,Female,E1,40-49,R4
126,1,0.3508603459259716,Male,E1,50-64,R3
90,1,0.7811915002253343,Female,E4,18-29,R1
247,0,0.5299336006783714,Female,E2,18-29,R1
243,0,0.25862464118244616,Female,E2,18-29,R1
220,0,0.23634538046363762,Male,E2,18-29,R2
234,0,0.5303018534846917,Female,E3,50-64,R3
299,0,0.3161672943041552,Male,E3,18-29,R2
288,1,0.3708798685413104,Male,E2,30-39,R1
199,0,0.24450338275986414,Male,E3,18-29,R1
27,0,0.1935001191911644,Female,E5,30-39,R1
118,0,0.34886041869665446,Male,E2,40-49,R2
216,0,0.4816326262596399,Female,E1,40-49,R2
167,0,0.7082580857552914,Male,E6,18-29,R1
97,0,0.28565570742460866,Male,E2,40-49,R2
216,0,0.4725747849536777,Female,E4,18-29,R3
266,1,0.4391069172409016,Male,E1,18-29,R3
278,0,0.39466366147637144,Female,E1,18-29,R3
11,0,0.49684989786045985,Female,E4,18-29,R3
78,0,0.3077803072966865,Male,E3,40-49,R3
109,0,0.01,Male,E2,18-29,R1
140,0,0.35328045673489256,Male,E4,50-64,R1
121,0,0.36638019548730044,Female,E2,18-29,R1
102,1,0.4763547969170624,Male,E1,30-39,R2
212,0,0.24337145023331325,Male,E6,18-29,R2
36,0,0.5873065689418862,Female,E4,30-39,R2
50,1,0.7294558955973397,Male,E1,50-64,R1
60,0,0.45382572747033717,Male,E2,18-29,R1
226,0,0.01,Female,E3,50-64,R1
100,0,0.6429604664878059,Female,E1,50-64,R4
26,0,0.15777613673545315,Male,E2,30-39,R1
74,0,0.31407003494299507,Female,E1,18-29,R2
162,0,0.25005374687146836,Female,E1,30-39,R1
184,0,0.13139929490525915,Female,E4,40-49,R1
260,0,0.6284078043253732,Female,E2,18-29,R4
293,0,0.11262153713921531,Male,E6,30-39,R2
179,0,0.14648616646159032,Male,E1,50-64,R2
122,0,0.5012957717710265,Female,E5,40-49,R1
196,0,0.1317711779566575,Male,E1,30-39,R2
226,0,0.2746594632690288,Male,E1,18-29,R4
221,0,0.4967640296553322,Female,E4,40-49,R3
91,0,0.8967753699486667,Female,E1,50-64,R1
92,0,0.2171143361362385,Male,E4,40-49,R2
196,1,0.15069155712228832,Female,E4,18-29,R2
124,0,0.23714634514624147,Male,E5,50-64,R1
295,0,0.4747548582836589,Male,E5,18-29,R1
173,0,0.35260370638278277,Male,E3,30-39,R2
248,0,0.33971626465552185,Male,E4,40-49,R3
110,0,0.5587937634652219,Female,E2,18-29,R4
177,0,0.7368786603016834,Female,E1,18-29,R1
93,1,0.6810598413871086,Male,E4,30-39,R1
290,0,0.39120872047384286,Male,E1,18-29,R3
294,0,0.16784481424727293,Male,E5,50-64,R1
27,0,0.2577775481652523,Male,E3,40-49,R2
0,0,0.28665311172894475,Male,E1,30-39,R2
100,0,0.35588589377276736,Male,E1,50-64,R3
83,0,0.28533566518912107,Female,E1,18-29,R2
51,0,0.3453654515131146,Male,E1,40-49,R3
46,0,0.14161766417372498,Female,E1,30-39,R2
178,0,0.4042633734943669,Female,E6,40-49,R3
125,0,0.13149165358009182,Female,E2,18-29,R3
218,0,0.3404558999347516,Female,E6,50-64,R3
263,0,0.23476903850886735,Male,E5,40-49,R2
260,0,0.3952657120960815,Female,E1,50-64,R2
189,0,0.20832444207886303,Female,E3,30-39,R3
34,0,0.4847308819473789,Male,E3,30-39,R2
280,1,0.6473039003409223,Female,E1,18-29,R1
20,0,0.35440575566318194,Male,E4,30-39,R3
27,0,0.2804203449547609,Female,E2,40-49,R1
28,0,0.09747199913594758,Female,E4,40-49,R2
295,0,0.15673719657519078,Male,E4,18-29,R1
194,0,0.30795971990869175,Male,E4,30-39,R3
250,0,0.4341688265981189,Female,E4,30-39,R4
107,0,0.39309553355509724,Male,E2,30-39,R3
265,1,0.6475225043754677,Male,E3,50-64,R3
174,0,0.2477972554569084,Female,E4,30-39,R3
135,0,0.2765782411631028,Male,E3,40-49,R2
258,0,0.14584776312133393,Male,E4,50-64,R3
30,0,0.7705194499849808,Male,E5,40-49,R1
229,0,0.7154536096351576,Female,E1,30-39,R4
217,0,0.33979664219581057,Male,E1,30-39,R1
72,0,0.24267741146210325,Female,E2,30-39,R1
29,1,0.6753669160484359,Male,E5,18-29,R1
80,0,0.06018763287619579,Female,E2,30-39,R2
297,0,0.03834214193136001,Female,E6,30-39,R2
73,0,0.32011686851378474,Male,E2,40-49,R3
44,0,0.5030043632664684,Female,E6,30-39,R1
290,0,0.7198879639131877,Male,E5,30-39,R1
143,0,0.27387817460089997,Male,E3,30-39,R2
7,1,0.38154793976357293,Male,E5,40-49,R2
136,0,0.6359672452417919,Female,E1,18-29,R2
229,0,0.07195802107279192,Male,E1,50-64,R1
41,0,0.26265855964355256,Male,E1,30-39,R3
166,1,0.2494875131974993,Female,E1,30-39,R2
44,1,0.3829190436957698,Male,E3,30-39,R1
119,0,0.6379332848914825,Male,E1,40-49,R3
131,0,0.33428586042928154,Male,E1,50-64,R3
70,0,0.36851181271367367,Female,E3,18-29,R1
98,1,0.6994989140403067,Male,E4,50-64,R3
153,0,0.23096483655863806,Female,E1,18-29,R1
161,0,0.4909323280579302,Female,E5,30-39,R2
52,0,0.6248100485485487,Female,E1,30-39,R2
172,0,0.15707128187358496,Male,E4,50-64,R1
276,0,0.3719726997024661,Male,E1,40-49,R3
219,0,0.17486149349387423,Female,E5,40-49,R3
267,1,0.7583100505715225,Male,E5,30-39,R2
185,1,0.27204580917741217,Female,E6,50-64,R1
250,0,0.7481684153676273,Female,E2,30-39,R1
139,0,0.30040544211167614,Male,E5,40-49,R1
287,0,0.45093840870687896,Male,E4,30-39,R2
167,0,0.46101486241839146,Female,E6,40-49,R1
208,0,0.2827712488294513,Female,E3,50-64,R2
202,0,0.4878889746193522,Female,E5,50-64,R2
137,0,0.523252365083361,Female,E1,18-29,R2
77,0,0.307472478812257,Male,E1,18-29,R1
133,0,0.5001423902874653,Male,E1,18-29,R2
220,0,0.2749013989729456,Male,E1,40-49,R2
116,0,0.019748948408774912,Male,E1,50-64,R2
202,1,0.01,Female,E3,40-49,R2
227,0,0.4197559385467046,Female,E3,30-39,R1
195,0,0.24053375945292244,Male,E6,18-29,R3
209,0,0.3146960062746992,Male,E1,30-39,R2
80,0,0.3371229881393313,Female,E4,30-39,R1
43,0,0.2847898067813991,Male,E3,18-29,R1
91,0,0.621490220662478,Male,E3,30-39,R1
120,1,0.7397679452797086,Male,E1,50-64,R1
200,1,0.5853477081857594,Female,E1,30-39,R2
73,0,0.2784272101753639,Female,E3,40-49,R2
16,0,0.5474758728028981,Female,E6,50-64,R2
175,0,0.4808241630419598,Male,E3,40-49,R2
99,0,0.2348885465494149,Male,E3,30-39,R3
278,0,0.3687906168361608,Male,E4,30-39,R2
114,0,0.8134483376000188,Female,E1,30-39,R2
220,0,0.46275806442678485,Male,E5,18-29,R2
37,0,0.35544575136869583,Male,E1,40-49,R1
109,0,0.08462646922279578,Male,E2,30-39,R1
189,0,0.2437162212580778,Female,E2,40-49,R2
246,0,0.6294097317963416,Male,E5,50-64,R4
295,0,0.3184344788350571,Female,E5,30-39,R1
3,0,0.399068446351843,Female,E3,18-29,R2
276,0,0.2866792909353007,Female,E1,18-29,R3
98,1,0.7470432259821103,Male,E1,18-29,R4
20,1,0.41448288735188116,Male,E1,18-29,R1
148,1,0.602347903593999,Male,E4,50-64,R3
160,0,0.5380623259433427,Male,E4,18-29,R2
212,0,0.01,Male,E2,18-29,R2
102,1,0.6659057756643367,Female,E1,50-64,R2
148,1,0.6244075512360301,Female,E6,18-29,R2
294,0,0.27561964258927735,Male,E6,18-29,R1
94,1,0.43491540154025504,Male,E1,30-39,R1
193,0,0.5745322349311598,Male,E4,30-39,R1
217,0,0.37820424466600777,Female,E5,18-29,R1
240,1,0.39025492423410924,Male,E3,40-49,R2
283,1,0.47652897354899204,Male,E5,30-39,R1
8,1,0.8846050201027887,Male,E1,50-64,R1
106,1,0.6106377031139711,Male,E3,40-49,R2
169,0,0.08306565613666521,Male,E2,18-29,R1
130,0,0.25120221616741956,Male,E5,40-49,R1
70,0,0.5204211356824601,Male,E3,30-39,R1
194,0,0.4973343594836212,Female,E4,18-29,R2
116,0,0.7408602035385158,Male,E3,18-29,R1
76,0,0.21022311718378403,Female,E3,50-64,R3
144,0,0.54370764120404,Female,E4,18-29,R4
45,0,0.256092185452927,Male,E4,30-39,R3
200,0,0.7334098575918583,Male,E1,30-39,R1
181,0,0.12138387376359817,Female,E4,18-29,R1
117,1,0.3004688277571979,Female,E1,30-39,R3
107,0,0.1390435971841419,Male,E1,50-64,R1
248,0,0.4805998699716326,Male,E2,18-29,R3
293,0,0.21104355895503105,Male,E4,40-49,R4
108,0,0.5786080120673713,Female,E5,30-39,R1
241,0,0.01853772813685888,Female,E3,30-39,R3
74,0,0.33461181498725523,Male,E2,40-49,R3
47,0,0.8400976916287467,Male,E1,30-39,R1
146,0,0.3629333518183019,Male,E4,40-49,R3
162,0,0.5191402625300998,Male,E2,40-49,R1
264,0,0.4029251862031473,Male,E6,18-29,R2
149,0,0.44863390451979857,Female,E3,18-29,R4
291,0,0.018446435799669612,Female,E3,30-39,R2
266,1,0.5458009299612316,Male,E5,40-49,R2
35,0,0.1686843360320654,Female,E6,30-39,R2
107,0,0.43210346279696804,Female,E3,30-39,R3
49,1,0.4174247425538346,Female,E1,40-49,R2
221,0,0.1639514703869959,Male,E3,30-39,R1
22,1,0.19677228242504885,Male,E6,30-39,R4
41,0,0.2649843099439414,Female,E5,40-49,R1
44,0,0.22816376293849455,Male,E5,40-49,R1
278,0,0.23678775307472044,Male,E1,18-29,R3
266,0,0.6278126990618081,Male,E1,18-29,R2
168,0,0.22015411585832706,Female,E6,40-49,R4
214,0,0.32413117861774143,Male,E2,40-49,R2
75,0,0.7091701253498575,Male,E4,40-49,R1
235,0,0.48977307359714106,Male,E2,18-29,R1
226,0,0.31855457866504716,Male,E2,40-49,R1
229,1,0.4198095865744833,Female,E5,30-39,R1
148,0,0.2754529412742696,Male,E3,18-29,R3
98,1,0.1943875607117368,Male,E1,30-39,R4
205,0,0.12524875324352105,Male,E3,40-49,R2
120,1,0.24263589772321303,Male,E3,40-49,R4
170,0,0.2399879023117506,Female,E3,18-29,R3
104,0,0.1817890248431147,Male,E1,18-29,R2
165,1,0.6726696300776466,Male,E6,18-29,R3
156,0,0.5629865819868991,Male,E2,18-29,R2
228,0,0.7356471997161222,Male,E2,18-29,R3
24,0,0.6755651487220247,Male,E1,18-29,R4
8,0,0.5835619395533275,Female,E4,18-29,R1
157,0,0.40552772587438257,Male,E3,18-29,R3
231,1,0.5997075925777989,Male,E5,30-39,R1
132,0,0.14518928101935508,Male,E5,30-39,R1
173,0,0.1716376091394808,Female,E4,18-29,R2
172,0,0.3848475828348832,Male,E1,50-64,R4
111,1,0.27361261489179384,Male,E2,30-39,R2
276,0,0.7297372708198169,Female,E4,18-29,R3
99,0,0.25648222222871686,Male,E2,50-64,R1
281,0,0.518882798038595,Female,E3,30-39,R4
104,0,0.04127319818570163,Female,E1,30-39,R2
122,0,0.06103540950027696,Male,E2,18-29,R1
142,0,0.3091151511193818,Female,E3,18-29,R1
28,0,0.7610014899933709,Male,E5,18-29,R3
48,1,0.7526915027360254,Male,E1,40-49,R1
291,0,0.4268025669684598,Female,E6,18-29,R1
168,0,0.5470492985464167,Female,E1,40-49,R4
49,1,0.32126517012681394,Male,E4,18-29,R3
268,0,0.1611567609010516,Female,E2,30-39,R2
273,0,0.4135438206417259,Female,E2,40-49,R2
183,0,0.18364662399731507,Male,E1,30-39,R3
35,0,0.47493215862770827,Female,E3,18-29,R4
256,0,0.4284794045976869,Male,E5,18-29,R3
134,0,0.13257980979315814,Female,E4,40-49,R3
256,0,0.3175736692218903,Male,E1,30-39,R2
87,0,0.6121207335047743,Male,E6,18-29,R1
160,0,0.04502120678186224,Female,E4,50-64,R1
79,0,0.5178137926017162,Female,E2,30-39,R2
220,0,0.49058476131075285,Male,E3,18-29,R1
154,1,0.6761134740902482,Male,E4,30-39,R1
53,0,0.33478322776972,Female,E5,40-49,R1
157,0,0.1844503168768042,Male,E4,40-49,R2
102,0,0.40130733182360523,Male,E1,40-49,R1
234,1,0.754983187435726,Female,E1,50-64,R2
203,0,0.12859275060443826,Female,E1,50-64,R4
159,0,0.23638659361267228,Male,E6,30-39,R2
183,0,0.38562170059570194,Male,E3,18-29,R1
288,0,0.15183700393141378,Female,E4,50-64,R4
174,0,0.48325695844737343,Male,E2,30-39,R1
201,0,0.3557830796415274,Female,E2,30-39,R1
116,1,0.5474851697616376,Male,E5,50-64,R1
163,1,0.7925498600283061,Female,E5,40-49,R2
11,1,0.8002023665386282,Male,E5,30-39,R2
251,0,0.2280950087302424,Male,E5,50-64,R1
233,1,0.8671690839982369,Male,E1,30-39,R3
285,0,0.6451918857091802,Female,E4,50-64,R1
220,0,0.23502235877274794,Male,E5,30-39,R3
59,0,0.3785956767000971,Male,E2,30-39,R1
182,0,0.1591662378052343,Female,E1,18-29,R3
278,1,0.3609779638872823,Male,E1,50-64,R1
23,1,0.5629072352854617,Female,E1,40-49,R1
268,0,0.21118880171505072,Male,E2,18-29,R2
74,1,0.6181079106803535,Male,E6,40-49,R4
178,1,0.8913223933777948,Male,E3,40-49,R3
286,0,0.4810634169258508,Female,E4,18-29,R2
160,0,0.38586308836505273,Male,E2,40-49,R1
106,0,0.13227646804154386,Male,E3,40-49,R2
139,1,0.458877639444689,Female,E6,18-29,R2
157,0,0.10786028091490296,Male,E3,18-29,R2
218,0,0.421106826073999,Female,E2,40-49,R4
110,1,0.5893805967897997,Male,E1,40-49,R3
178,0,0.3423079061036927,Male,E1,18-29,R3
186,0,0.7163869897605412,Female,E5,40-49,R1
170,0,0.17432290556622249,Female,E6,30-39,R4
150,0,0.4434210000819088,Female,E1,18-29,R1
269,0,0.6942153837330131,Male,E2,40-49,R3
22,0,0.19633356045406383,Female,E3,40-49,R2
268,0,0.39101979116670005,Male,E3,30-39,R2
189,0,0.15754538403415613,Male,E6,40-49,R1
298,1,0.33449506685048114,Male,E1,18-29,R1
157,0,0.309304943809405,Female,E5,30-39,R1
125,0,0.438872206386261,Male,E1,30-39,R1
194,1,0.48895230726436956,Male,E2,30-39,R1
213,0,0.4905714154661436,Male,E6,30-39,R4
128,0,0.10016988031265125,Female,E3,30-39,R3
25,1,0.2803580245500414,Male,E4,30-39,R3
152,0,0.32227986894974153,Male,E3,18-29,R1
297,0,0.48928858740540704,Female,E1,18-29,R3
284,0,0.13987416654518425,Male,E2,40-49,R2
151,1,0.3218132697756729,Female,E5,50-64,R1
153,0,0.09763872704083434,Female,E1,30-39,R2
107,0,0.06903794829680063,Female,E2,30-39,R1
97,0,0.6077910402839882,Male,E5,30-39,R1
208,0,0.020821691579582392,Female,E2,30-39,R3
265,0,0.049046395339698554,Male,E2,30-39,R1
128,0,0.5451382057122164,Female,E3,50-64,R3
197,1,0.5910571611666894,Male,E5,18-29,R2
169,0,0.45156273721617907,Male,E4,40-49,R1
138,0,0.13037637893743223,Female,E4,18-29,R2
156,1,0.24274064374913942,Male,E1,18-29,R1
81,1,0.3276171718748648,Female,E6,30-39,R1
222,0,0.494506246734515,Female,E2,40-49,R1
232,0,0.7603426829452986,Female,E1,30-39,R1
134,0,0.5067465541138345,Male,E6,50-64,R1
90,0,0.13302075393529075,Male,E3,30-39,R3
15,0,0.38433007841076927,Male,E3,30-39,R1
50,0,0.2918057165736407,Female,E3,18-29,R3
276,0,0.3651053360722444,Female,E1,50-64,R3
50,0,0.19517769234612298,Male,E2,50-64,R1
261,0,0.25482694417744756,Male,E2,18-29,R4
48,1,0.6851114387975163,Female,E4,50-64,R4
117,0,0.3956114792285051,Female,E1,30-39,R3
112,0,0.11638817432766671,Male,E1,40-49,R1
198,0,0.01,Female,E2,18-29,R3
184,0,0.5627090662390319,Male,E1,40-49,R2
202,0,0.5661030630717463,Female,E1,18-29,R4
190,0,0.5091189871853213,Male,E3,40-49,R1
195,1,0.7128287191816456,Male,E5,40-49,R1
251,1,0.8163028685919684,Female,E1,18-29,R2
222,0,0.09062119732535197,Male,E1,30-39,R1
86,1,0.11807981370530496,Female,E2,50-64,R1
37,0,0.34322516833906674,Female,E1,40-49,R3
180,0,0.4390065115691894,Female,E3,18-29,R3
82,0,0.37232254733550435,Female,E3,40-49,R1
256,0,0.45150390100001636,Male,E1,18-29,R2
185,1,0.4192049175130372,Male,E5,18-29,R4
74,1,0.4739941833796626,Female,E1,18-29,R1
251,1,0.5797276737688765,Male,E6,30-39,R1
66,0,0.4119166442924185,Female,E3,40-49,R1
210,0,0.4766699531147901,Female,E5,18-29,R1
193,0,0.3287154597143744,Male,E3,40-49,R2
53,0,0.7684456742151426,Female,E4,18-29,R1
221,0,0.41747485275851737,Female,E5,40-49,R2
72,0,0.2785658898353461,Female,E4,40-49,R2
3,0,0.8535589986497915,Male,E1,40-49,R1
198,0,0.1858758024721859,Female,E2,18-29,R1
15,0,0.6869506895041513,Female,E2,30-39,R1
250,0,0.8793307067137361,Male,E3,30-39,R1
13,0,0.1524183574783867,Male,E4,30-39,R1
167,0,0.24411928921155285,Male,E1,40-49,R1
45,0,0.30684971768569685,Female,E4,30-39,R1
131,1,0.12437310612731826,Female,E2,30-39,R1
182,1,0.3540714695538399,Female,E4,18-29,R3
49,1,0.44691368890005423,Female,E5,40-49,R1
41,1,0.6757863342351093,Female,E1,18-29,R2
30,0,0.1050355641207642,Male,E1,18-29,R1
153,1,0.2517997152273924,Male,E4,40-49,R2
92,0,0.42499737276819577,Male,E3,30-39,R2
201,1,0.6939312000732172,Female,E3,40-49,R1
213,1,0.12582927646091713,Female,E5,30-39,R1
212,0,0.14685337460578712,Male,E3,50-64,R1
50,0,0.2988751535254566,Male,E6,40-49,R2
219,0,0.24203791032861005,Male,E6,40-49,R1
129,1,0.7160845646485455,Male,E1,40-49,R2
296,0,0.632114432611368,Male,E1,40-49,R1
289,1,0.7301305707884863,Female,E1,50-64,R1
218,0,0.34717310133369444,Female,E1,18-29,R3
245,1,0.531770177559678,Female,E4,18-29,R1
295,1,0.6186742913421631,Male,E4,40-49,R1
268,0,0.2375915740687628,Female,E3,18-29,R1
283,0,0.18887099639462707,Female,E2,18-29,R1
176,0,0.28324341827223454,Male,E5,18-29,R2
230,1,0.7105547552258621,Male,E2,18-29,R1
232,1,0.6037588029269406,Male,E5,18-29,R1
123,0,0.3247358681742818,Male,E3,18-29,R1
151,1,0.5511553249382573,Female,E4,40-49,R2
254,0,0.24223992089689736,Female,E1,30-39,R1
119,0,0.4600497649886735,Female,E4,18-29,R4
250,0,0.8808862327673235,Male,E4,18-29,R2
230,0,0.27336067760382,Female,E6,18-29,R1
117,0,0.5271299206037582,Female,E5,30-39,R1
166,1,0.4374950534501092,Female,E2,30-39,R1
160,0,0.13561989493195292,Male,E5,30-39,R3
97,0,0.3015806205243736,Male,E6,30-39,R3
25,0,0.18359330283902425,Male,E4,18-29,R1
189,0,0.11379982493860012,Male,E2,30-39,R1
225,1,0.6164766119813556,Male,E1,18-29,R2
288,0,0.24851316456539616,Male,E4,30-39,R1
256,0,0.3359618650905566,Male,E2,30-39,R2
22,0,0.4519640020203476,Male,E2,50-64,R1
57,1,0.5461539527918771,Male,E1,30-39,R2
114,1,0.08169300926964271,Female,E5,50-64,R1
194,0,0.3307605183906905,Female,E1,18-29,R2
181,0,0.20340147111455403,Female,E6,50-64,R4
224,0,0.11646180818452899,Female,E3,30-39,R1
273,0,0.3443565230677028,Male,E4,30-39,R1
206,1,0.4756907104234766,Male,E2,30-39,R2
119,0,0.5652055616544918,Female,E4,18-29,R3
290,0,0.7743859691625264,Female,E2,50-64,R1
58,1,0.7449755898667898,Male,E5,18-29,R1
85,0,0.41238536099234113,Female,E1,18-29,R1
51,0,0.186337122088362,Male,E2,30-39,R3
142,1,0.5910443916664584,Male,E4,18-29,R2
140,1,0.5232598096105706,Male,E5,30-39,R3
250,0,0.6171307506479725,Female,E5,50-64,R4
103,1,0.4699706705644948,Male,E5,50-64,R2
62,0,0.23768445135285854,Female,E6,30-39,R3
15,0,0.4104209023766618,Female,E1,18-29,R3
92,0,0.28258282600858675,Male,E2,30-39,R2
75,0,0.22756235664753444,Female,E3,18-29,R2
280,0,0.4270369135958215,Male,E2,30-39,R3
288,0,0.01,Male,E2,18-29,R1
139,1,0.6774834156194047,Male,E4,18-29,R3
124,0,0.2312368130610726,Female,E2,50-64,R3
219,1,0.5259279467544703,Male,E1,40-49,R2
125,0,0.23011139636911776,Female,E3,30-39,R3
201,0,0.39436289944994385,Male,E1,50-64,R1
67,0,0.7058346202782428,Male,E1,40-49,R1
232,0,0.1866591375424656,Female,E1,30-39,R4
116,0,0.1524255450051588,Male,E1,40-49,R2
168,0,0.4368707259588413,Male,E3,40-49,R2
167,0,0.17211385828333386,Female,E1,30-39,R3
298,0,0.36581018091446493,Female,E1,18-29,R1
55,0,0.2973468757477292,Male,E2,18-29,R1
280,0,0.05675097255796839,Male,E3,18-29,R4
176,0,0.1176950415974002,Female,E3,30-39,R1
32,0,0.1791441711036619,Male,E6,50-64,R4
252,0,0.5208837878654099,Male,E6,18-29,R1
5,0,0.3399567542868273,Female,E5,18-29,R3
133,0,0.12036787395420281,Male,E2,18-29,R3
126,1,0.7207201256404513,Male,E6,40-49,R1
59,0,0.5932829225510097,Male,E1,18-29,R2
262,0,0.2991783944173566,Female,E4,30-39,R2
103,0,0.06549514147942345,Male,E2,18-29,R3
55,0,0.5431802450393576,Male,E5,40-49,R2
287,1,0.6855191380253408,Male,E1,30-39,R4
160,1,0.4760062180320549,Male,E2,40-49,R1
179,0,0.1867681424536226,Male,E1,40-49,R2
120,0,0.2695571292781266,Female,E3,18-29,R1
249,0,0.19287541088970506,Female,E5,18-29,R1
88,0,0.0606974855932432,Male,E2,30-39,R3
263,0,0.49089321425997307,Male,E5,30-39,R1
172,0,0.18074472331463984,Male,E2,18-29,R2
168,0,0.4393425917477149,Female,E6,18-29,R1
115,0,0.19189139176575654,Male,E6,40-49,R1
201,1,0.7701495431578163,Male,E1,40-49,R1
273,0,0.4259933433777972,Female,E1,30-39,R1
121,1,0.6524370585335928,Female,E1,40-49,R3
54,0,0.014785622574644539,Male,E3,30-39,R1
104,0,0.4430517773047246,Female,E4,50-64,R2
151,0,0.20596952647469438,Female,E5,18-29,R3
143,0,0.11467153631499431,Female,E3,18-29,R3
288,0,0.5606711423042947,Female,E2,50-64,R1
117,1,0.45203725654359167,Male,E4,40-49,R1
116,0,0.378124241088907,Male,E1,18-29,R1
167,1,0.20105179775092552,Female,E5,30-39,R1
27,0,0.29552141617451205,Male,E1,30-39,R4
296,1,0.5818274972920764,Female,E5,40-49,R1
37,0,0.2981082555242946,Male,E4,30-39,R1
240,0,0.12882740478585433,Male,E3,18-29,R1
263,1,0.34478329824065806,Male,E6,30-39,R3
269,0,0.1173092475101819,Male,E2,18-29,R3
98,0,0.32525276446168744,Female,E1,18-29,R1
78,1,0.6669886323759978,Male,E1,30-39,R3
263,1,0.6439612219230084,Male,E1,18-29,R1
96,1,0.3927966867973671,Male,E4,30-39,R1
144,0,0.45724558561212797,Male,E1,30-39,R3
289,0,0.41010757879557547,Male,E5,50-64,R1
170,0,0.24397957654882846,Male,E3,40-49,R1
115,0,0.6149323313659163,Female,E3,18-29,R3
231,0,0.2199166655212873,Female,E2,30-39,R1
167,1,0.5269684551032546,Female,E4,18-29,R2
115,0,0.4691255659903998,Male,E1,30-39,R1
11,1,0.382754607768758,Male,E4,40-49,R3
61,0,0.576717956461586,Female,E3,30-39,R3
268,0,0.14822027930730675,Female,E3,18-29,R3
232,0,0.42629619077919656,Female,E5,40-49,R2
234,0,0.3107820502361177,Male,E1,30-39,R1
136,0,0.37553127326319446,Male,E4,18-29,R1
236,0,0.16116223170637464,Male,E1,50-64,R1
253,0,0.2130327107180565,Female,E3,40-49,R3
37,0,0.416718715081503,Male,E3,18-29,R1
211,0,0.5800684779612313,Male,E2,30-39,R1
43,0,0.05411831903853381,Female,E3,40-49,R3
291,1,0.44075000011889437,Male,E1,50-64,R3
123,0,0.8588008380579323,Female,E1,40-49,R1
78,0,0.1836699044581574,Male,E1,30-39,R1
263,0,0.1568355679899556,Female,E4,18-29,R2
153,0,0.7593062787703293,Female,E1,30-39,R2
21,0,0.5090539292409173,Female,E2,30-39,R1
282,0,0.6406005190102385,Male,E1,30-39,R1
20,0,0.6269439640204402,Female,E2,18-29,R1
10,0,0.2814365300383699,Male,E3,30-39,R1
225,0,0.2611133510270852,Female,E4,40-49,R1
56,0,0.17956018637713939,Male,E4,40-49,R1
235,0,0.6886849892513033,Female,E4,50-64,R2
281,1,0.5667727556446596,Male,E1,30-39,R3
153,1,0.3628208870661357,Male,E1,30-39,R3
232,0,0.21199839542254598,Female,E3,18-29,R1
145,0,0.4721433922676464,Female,E3,18-29,R2
205,0,0.013245379833141604,Female,E3,50-64,R1
51,0,0.7427440267934075,Female,E1,50-64,R1
153,1,0.49483428998770673,Male,E3,50-64,R3
55,0,0.6590306137839532,Male,E1,30-39,R3
116,0,0.44051173322975784,Male,E3,30-39,R1
44,1,0.4934900369312816,Male,E6,30-39,R1
176,0,0.1520523800316632,Male,E2,30-39,R2
76,0,0.3285889584187698,Female,E1,30-39,R2
85,1,0.7001810194067565,Female,E4,40-49,R4
258,0,0.4450615617410152,Female,E5,30-39,R1
34,0,0.5309279745016429,Female,E5,40-49,R1
175,0,0.14529792150976625,Female,E2,50-64,R3
195,0,0.4281284579797216,Female,E5,40-49,R1
183,1,0.5179052698695459,Male,E1,40-49,R1
93,0,0.13012281322893784,Male,E1,18-29,R1
296,1,0.7779902752161167,Male,E1,30-39,R3
61,0,0.4501885963894606,Male,E6,18-29,R3
97,0,0.5734999311910233,Female,E5,40-49,R2
156,0,0.24253736366314976,Male,E1,30-39,R3
148,0,0.20612819561907278,Male,E4,30-39,R1
256,1,0.29683047117383654,Male,E4,18-29,R1
245,1,0.5087308915316547,Female,E5,50-64,R1
203,0,0.060743150384641384,Female,E3,18-29,R2
189,0,0.4767781186310965,Female,E2,18-29,R1
32,0,0.3888477058401127,Male,E1,30-39,R3
85,1,0.7158518700863068,Female,E1,40-49,R1
204,0,0.1070280157471716,Female,E3,30-39,R1
57,0,0.2154298084457202,Female,E2,30-39,R2
160,0,0.313315089936613,Male,E1,40-49,R3
108,1,0.702754641273113,Male,E3,18-29,R1
126,0,0.1944783096371508,Male,E2,30-39,R3
96,0,0.8145237468804366,Male,E2,18-29,R1
78,0,0.7771231777855695,Female,E1,40-49,R3
36,0,0.2374956488921578,Female,E1,50-64,R4
271,0,0.4228275785168891,Male,E2,30-39,R1
96,0,0.169031083246426,Female,E2,18-29,R1
253,0,0.6862599182803867,Female,E6,50-64,R3
73,1,0.5815687896331356,Male,E1,50-64,R2
225,0,0.3587196371005829,Female,E4,40-49,R1
249,1,0.6712622933564278,Male,E5,30-39,R3
299,0,0.07003824346672671,Female,E1,40-49,R3
49,0,0.7221992562435656,Female,E6,18-29,R1
200,1,0.42063888898458884,Female,E2,30-39,R1
153,1,0.48221066129324824,Male,E5,30-39,R4
266,1,0.5181960969892555,Female,E1,18-29,R1
229,0,0.17009261387259678,Male,E1,40-49,R1
95,0,0.6081531845734189,Male,E4,40-49,R1
90,0,0.7236973806478021,Male,E5,30-39,R1
41,0,0.6764359109903696,Male,E2,40-49,R3
56,0,0.5268732919184534,Female,E3,30-39,R1
164,0,0.39519794558721444,Male,E4,40-49,R4
185,0,0.3392379282976239,Female,E5,50-64,R2
285,0,0.3464230804312225,Male,E1,40-49,R1
121,0,0.5543601513906886,Male,E6,18-29,R1
17,0,0.34753849708659657,Female,E5,30-39,R3
147,1,0.187930249022651,Male,E4,30-39,R2
17,0,0.4015853704358528,Female,E6,30-39,R4
27,0,0.43055274154745815,Male,E1,50-64,R4
142,1,0.4588452585279506,Female,E2,18-29,R2
298,1,0.2777023796667589,Female,E2,40-49,R2
52,0,0.3149614940801515,Male,E1,50-64,R1
65,0,0.2084796360859782,Female,E1,30-39,R2
117,1,0.6336877738182701,Female,E3,40-49,R4
230,0,0.20607874505714896,Female,E2,18-29,R3
249,0,0.3646890997847964,Female,E1,40-49,R1
295,0,0.19441714471202395,Female,E3,30-39,R3
214,0,0.07323850152067332,Male,E3,30-39,R1
93,0,0.43222901942742276,Female,E6,18-29,R4
93,1,0.7544071243982943,Male,E4,30-39,R2
299,1,0.5472778542896712,Male,E1,18-29,R1
78,0,0.2018349552417311,Female,E2,30-39,R4
103,1,0.43314674355325716,Male,E6,40-49,R1
65,0,0.41794098416960185,Male,E3,30-39,R4
143,0,0.3268477960311835,Female,E6,40-49,R3
212,0,0.37136857471103246,Male,E2,30-39,R3
143,0,0.35975579890505727,Male,E6,50-64,R3
56,0,0.2189799357757244,Female,E4,30-39,R2
102,0,0.27816312013611527,Female,E3,30-39,R3
117,1,0.4282820986235642,Female,E6,40-49,R4
81,0,0.3813523352941629,Female,E2,30-39,R2
236,0,0.15626300277939428,Female,E4,30-39,R1
51,1,0.8581086557447124,Female,E5,50-64,R1
203,0,0.2121607601606742,Male,E3,18-29,R1
243,0,0.83539369452671,Male,E1,18-29,R2
197,0,0.2932818298120926,Female,E1,40-49,R3
81,0,0.2614459042941899,Female,E1,18-29,R1
20,1,0.21417292339839225,Male,E3,18-29,R2
119,0,0.5330519334535996,Female,E3,30-39,R3
293,1,0.36370813094200716,Female,E2,40-49,R1
116,1,0.8287320101256326,Male,E5,40-49,R2
59,0,0.12308948759709229,Female,E4,18-29,R3
195,0,0.6252026237358662,Male,E3,30-39,R2
116,0,0.38130505301855316,Female,E2,18-29,R2
47,0,0.552509621433342,Male,E1,18-29,R1
189,1,0.5312456789251853,Female,E6,18-29,R2
250,0,0.7895965271320626,Female,E5,50-64,R3
281,0,0.6671809484781847,Male,E3,18-29,R1
42,0,0.18551906883389901,Female,E2,30-39,R1
59,1,0.3915919541809282,Female,E5,50-64,R1
194,0,0.3744532431993448,Female,E5,30-39,R1
298,0,0.1498081418522871,Male,E6,50-64,R3
262,0,0.2791460720899672,Female,E2,18-29,R2
294,0,0.41510367814144283,Male,E3,40-49,R2
85,1,0.6784415568466099,Male,E1,30-39,R1
239,0,0.29988665686970295,Female,E2,40-49,R1
84,0,0.12328812955025065,Female,E5,50-64,R1
76,0,0.12607657537641342,Female,E4,30-39,R2
241,0,0.7797741991647738,Male,E4,18-29,R1
258,0,0.22865176345266977,Male,E4,40-49,R4
201,0,0.19651705163883604,Female,E2,30-39,R1
76,1,0.7070922757339616,Female,E2,30-39,R2
47,0,0.3263240328447598,Male,E1,30-39,R3
23,0,0.14960378705021826,Male,E2,18-29,R1
55,0,0.5045813305586597,Male,E6,30-39,R1
158,0,0.2933342883050323,Female,E4,30-39,R1
278,0,0.24763924538366075,Male,E3,18-29,R1
116,0,0.29801944137843395,Female,E5,30-39,R2
258,0,0.4646384622565916,Male,E1,30-39,R2
127,0,0.232151869916821,Male,E4,18-29,R2
160,0,0.17097569755348896,Male,E6,40-49,R2
180,0,0.31199151476190534,Male,E3,40-49,R3
236,0,0.48785374232566975,Male,E3,50-64,R2
195,0,0.36745118875501004,Female,E2,30-39,R2
119,1,0.3777987013252457,Male,E6,40-49,R2
190,0,0.4231385512465273,Female,E1,18-29,R1
3,0,0.6021070247950461,Male,E6,30-39,R1
193,0,0.5759615879806212,Female,E6,40-49,R4
85,0,0.34978862083688067,Female,E3,40-49,R1
272,0,0.2618720771786396,Male,E2,40-49,R1
68,1,0.5968380654771532,Male,E1,30-39,R1
146,1,0.20250778809742623,Female,E4,18-29,R1
239,0,0.4425708735804019,Male,E5,30-39,R3
282,0,0.49978130809261284,Female,E4,18-29,R2
46,1,0.5902742521243843,Male,E4,18-29,R3
106,1,0.7441696241403397,Female,E1,30-39,R1
120,1,0.47011150003167845,Female,E1,50-64,R1
251,0,0.3049606576199054,Female,E1,18-29,R1
293,0,0.13172676035730305,Male,E3,40-49,R2
14,1,0.5991479715315875,Female,E2,30-39,R3
83,1,0.2516805413607908,Male,E2,18-29,R1
24,0,0.3473149158797252,Male,E1,18-29,R1
191,1,0.554256502980039,Female,E3,40-49,R3
98,0,0.6372367564991311,Female,E5,30-39,R3
205,0,0.4546927444663142,Male,E1,30-39,R2
41,0,0.3770009423181132,Male,E5,50-64,R2
274,0,0.16688484535378198,Male,E2,30-39,R3
290,0,0.4284779942164739,Female,E1,30-39,R3
288,0,0.3548181014576882,Male,E4,18-29,R1
257,0,0.2615852104788227,Female,E4,18-29,R4
280,0,0.21786223244258607,Female,E1,18-29,R1
89,0,0.5514970932604258,Female,E2,30-39,R1
174,0,0.3128438103844179,Female,E1,18-29,R2
146,0,0.3399969447347283,Male,E3,30-39,R2
290,0,0.06442557807486936,Female,E4,40-49,R2
47,0,0.26325324338314093,Male,E2,30-39,R2
20,1,0.5857939322792078,Male,E1,18-29,R1
292,0,0.2378530368093456,Female,E4,40-49,R1
8,0,0.15517466812043768,Male,E5,40-49,R1
113,0,0.2307628339592515,Female,E5,30-39,R1
218,0,0.562366794443303,Female,E1,30-39,R1
138,1,0.5247647819145731,Female,E3,40-49,R1
183,0,0.3406665760116627,Male,E4,40-49,R3
45,1,0.4652132302799961,Female,E1,40-49,R1
117,0,0.525559937160413,Male,E3,50-64,R3
256,0,0.2661308947687887,Male,E4,40-49,R2
203,0,0.5312157186631594,Male,E2,30-39,R2
230,0,0.24744476607686575,Male,E4,30-39,R1
250,0,0.26784411125536384,Female,E3,30-39,R3
9,0,0.2914943020335429,Female,E2,40-49,R1
297,0,0.6713039405125547,Male,E3,40-49,R2
157,0,0.01,Female,E2,30-39,R1
203,0,0.6721768277581966,Male,E4,30-39,R2
145,1,0.4177910129694963,Male,E2,50-64,R1
214,1,0.8375180591952316,Male,E6,18-29,R1
198,0,0.3581668332852233,Female,E6,40-49,R2
195,0,0.36640242972390447,Female,E1,50-64,R2
167,0,0.3060833588320824,Male,E3,18-29,R3
136,0,0.09398009750259204,Female,E3,40-49,R3
156,0,0.44830815621157094,Female,E2,40-49,R2
137,0,0.25068296325791123,Female,E2,30-39,R2
197,0,0.6955650600330882,Female,E5,18-29,R4
65,0,0.6020330123380849,Male,E1,18-29,R3
264,0,0.3094599048061923,Male,E3,18-29,R1
190,0,0.5472607065639276,Female,E6,18-29,R2
292,1,0.7190216849694547,Female,E1,18-29,R2
106,0,0.3967473528838547,Female,E1,18-29,R3
13,0,0.2777787342110672,Female,E3,30-39,R2
5,0,0.23800882665297854,Male,E1,30-39,R3
248,0,0.2568765734649697,Female,E4,30-39,R1
279,0,0.4289147346954142,Female,E1,40-49,R1
257,0,0.10506501887645286,Male,E1,18-29,R1
174,0,0.6854837100967393,Male,E2,18-29,R1
170,0,0.5185267427700881,Male,E1,18-29,R1
188,0,0.15443828170999666,Male,E1,18-29,R3
155,0,0.31340640018532157,Male,E2,30-39,R1
224,1,0.4695865980123886,Female,E1,30-39,R3
126,0,0.3053129120125389,Male,E1,40-49,R4
81,0,0.47878256674691805,Female,E4,18-29,R2
167,0,0.5200648156940446,Male,E3,40-49,R1
116,0,0.1298597894303487,Female,E2,18-29,R1
209,0,0.11656184406638247,Female,E2,40-49,R2
297,0,0.24798801520902608,Male,E1,18-29,R1
94,0,0.2082541698910773,Female,E3,30-39,R4
75,0,0.6886317647897127,Female,E4,40-49,R1
221,0,0.39313301635774134,Female,E6,30-39,R3
113,0,0.3833034479952412,Female,E6,30-39,R1
238,1,0.7162771862130325,Male,E3,18-29,R2
274,0,0.4858790994715593,Male,E6,30-39,R1
269,0,0.4694353458797431,Female,E6,18-29,R2
77,0,0.08822845253811,Male,E4,18-29,R1
147,0,0.5557223064475562,Female,E4,18-29,R1
42,0,0.5489967421866607,Female,E2,18-29,R3
19,0,0.22602263396138952,Male,E1,40-49,R2
51,0,0.5288438410845474,Female,E5,18-29,R4
21,0,0.32940740009068303,Male,E2,30-39,R2
54,0,0.3907824535966653,Male,E1,30-39,R2
210,0,0.7036884934144433,Female,E2,40-49,R3
66,0,0.4771524712204405,Female,E1,40-49,R1
294,0,0.08926823385274307,Female,E3,18-29,R2
3,0,0.30312326734955886,Female,E6,30-39,R3
6,0,0.4486977933946984,Female,E2,30-39,R1
11,1,0.5541035187404577,Female,E3,18-29,R1
280,0,0.5170118756889885,Male,E2,30-39,R1
202,0,0.6785310840741446,Male,E5,50-64,R2
45,0,0.2723109455988577,Female,E2,30-39,R4
218,0,0.3011423300847899,Male,E2,18-29,R3
59,0,0.7292060124734663,Female,E1,30-39,R2
217,0,0.0608892167713759,Male,E1,18-29,R1
223,0,0.49856270766140803,Female,E3,18-29,R1
149,0,0.5462059830778715,Female,E2,40-49,R2
7,0,0.35734690405233,Male,E4,50-64,R1
144,1,0.7690147965983499,Female,E1,18-29,R1
68,0,0.05248576433953994,Male,E2,50-64,R1
246,1,0.40417951552061704,Female,E1,30-39,R1
23,0,0.2453063898204322,Female,E3,40-49,R1
194,0,0.5729382037805687,Female,E3,18-29,R3
62,0,0.6256665016653631,Female,E1,18-29,R3
229,0,0.2721748723036303,Female,E3,30-39,R2
263,0,0.1438620525649957,Male,E2,30-39,R1
269,0,0.383309129597531,Male,E6,30-39,R1
82,0,0.6113542156953482,Male,E1,40-49,R2
169,0,0.45583085346176344,Female,E1,18-29,R1
198,0,0.547609833021157,Male,E3,30-39,R1
288,0,0.08842903556683593,Female,E3,30-39,R2
163,1,0.5929019501770499,Male,E4,40-49,R1
167,1,0.6900267620773347,Male,E1,30-39,R1
108,0,0.602039808795962,Female,E5,18-29,R1
254,0,0.1779582994210318,Male,E1,40-49,R4
139,0,0.15841819541297553,Female,E1,40-49,R2
190,0,0.522281912415206,Male,E4,18-29,R2
225,0,0.6959139046287932,Male,E1,18-29,R2
287,0,0.31668084328241475,Female,E2,40-49,R2
260,0,0.36460752038069166,Male,E1,30-39,R2
185,0,0.3120379095308097,Female,E1,18-29,R2
138,0,0.32327692868271063,Male,E1,40-49,R2
59,0,0.28241216312378614,Male,E2,50-64,R1
204,0,0.3646161463680877,Female,E5,18-29,R2
185,0,0.466693984634685,Female,E5,18-29,R4
44,0,0.3165427928689438,Female,E5,18-29,R2
72,0,0.2773601286858067,Female,E4,40-49,R3
157,0,0.36168106172060277,Female,E2,40-49,R1
252,0,0.5942991438232077,Male,E1,30-39,R4
192,0,0.26975525514536264,Male,E5,18-29,R2
299,0,0.5480102036972522,Male,E2,30-39,R2
126,0,0.7892479837773528,Male,E2,50-64,R1
246,0,0.40157510516941214,Female,E1,50-64,R1
180,0,0.490083621862715,Male,E3,40-49,R1
147,0,0.2543668636207458,Male,E2,50-64,R1
78,0,0.4450310536537134,Male,E4,40-49,R1
131,0,0.6724847718544631,Female,E4,30-39,R1
151,0,0.17337347872476783,Female,E3,30-39,R2
258,0,0.3601983284199716,Female,E3,30-39,R1
204,1,0.5135428368270157,Male,E3,18-29,R3
36,1,0.5188740509414931,Female,E5,18-29,R2
230,1,0.30311312405709423,Female,E6,30-39,R1
208,0,0.34701861532921247,Male,E3,50-64,R1
37,0,0.7095184247306594,Female,E5,30-39,R2
64,0,0.4082169637296303,Female,E1,50-64,R1
15,1,0.6931552616198811,Male,E1,30-39,R1
35,0,0.23192561761454647,Male,E1,50-64,R1
262,1,0.627294126999808,Male,E4,30-39,R1
266,0,0.291439277733766,Male,E2,40-49,R1
87,0,0.15028270737899413,Female,E1,40-49,R1
38,0,0.5594362442518324,Female,E4,40-49,R3
18,0,0.46730907782042513,Male,E1,18-29,R2
94,0,0.4429583583450198,Female,E6,30-39,R3
139,0,0.09697848911051493,Male,E5,18-29,R1
138,1,0.5144592465019145,Female,E4,50-64,R1
184,0,0.5157927012050871,Female,E3,30-39,R1
73,0,0.06825412342375445,Female,E2,40-49,R2
172,1,0.8537528710155327,Female,E1,40-49,R1
249,0,0.26959988524562095,Male,E3,18-29,R1
188,1,0.6868231344297205,Male,E1,40-49,R1
296,0,0.31477489710031237,Female,E3,30-39,R2
86,1,0.5596434068790882,Male,E1,30-39,R1
11,0,0.25705951663549476,Female,E2,40-49,R1
121,0,0.3173571046649091,Male,E2,18-29,R1
269,0,0.3093615090193372,Male,E2,30-39,R1
180,1,0.534764903588313,Male,E2,40-49,R1
127,0,0.6717628626705321,Female,E2,18-29,R1
147,0,0.11903788131209261,Female,E2,40-49,R2
191,0,0.23223026894684407,Female,E1,18-29,R1
226,0,0.3219906763755095,Female,E3,18-29,R1
140,0,0.43324884136753694,Male,E2,30-39,R3
44,0,0.22806558833571416,Female,E3,18-29,R3
128,0,0.14523710883363186,Male,E1,40-49,R3
109,0,0.3543533549064721,Female,E4,30-39,R1
131,0,0.31233476320074244,Female,E2,30-39,R2
79,0,0.4820186930897083,Female,E2,18-29,R1
228,0,0.6028000970216909,Female,E1,18-29,R3
59,0,0.25981034194290675,Female,E1,50-64,R1
65,0,0.5131132790249113,Male,E6,40-49,R2
10,0,0.374879387656886,Male,E3,50-64,R1
288,0,0.18694381205515642,Female,E1,30-39,R1
21,0,0.2493828120702438,Female,E5,30-39,R3
240,0,0.09113418995736444,Male,E1,40-49,R2
50,1,0.5097348927194166,Female,E6,50-64,R3
46,0,0.38719696052636715,Female,E1,18-29,R4
133,1,0.5064774993809156,Female,E5,40-49,R1
4,0,0.16825493916758896,Male,E6,30-39,R1
135,0,0.01,Male,E6,30-39,R3
99,1,0.703864541499683,Male,E2,30-39,R3
181,1,0.6436812402980087,Female,E3,50-64,R2
66,1,0.5080188855590446,Male,E1,30-39,R2
214,0,0.2342897040308711,Male,E1,30-39,R3
35,0,0.3120991719452344,Male,E4,30-39,R1
86,1,0.23831504352039992,Male,E1,30-39,R1
223,1,0.4079249897140659,Female,E2,30-39,R3
50,0,0.3096305831652685,Female,E5,18-29,R1
26,1,0.2553517725359647,Male,E6,18-29,R4
29,0,0.6588833816764974,Female,E5,40-49,R1
98,0,0.4692007747992836,Female,E1,30-39,R2
185,0,0.2733648700769254,Male,E5,40-49,R1
86,1,0.5532800703681391,Male,E4,30-39,R1
193,0,0.3239612371347502,Male,E2,40-49,R2
233,0,0.3386858003150115,Female,E4,30-39,R1
224,0,0.2652919214644188,Male,E6,30-39,R3
279,0,0.1637061840116854,Male,E4,30-39,R1
251,0,0.5293555642980743,Male,E1,30-39,R1
150,0,0.5014565596051921,Female,E2,40-49,R2
268,0,0.2284831072254501,Male,E5,30-39,R1
117,1,0.17805782045519133,Male,E1,18-29,R3
140,0,0.031246444506684436,Male,E2,40-49,R1
97,0,0.3935694813933892,Male,E3,18-29,R2
155,0,0.33932065683130763,Female,E4,50-64,R1
155,0,0.585208117476869,Male,E2,18-29,R1
67,1,0.6380846246301705,Female,E4,40-49,R3
92,0,0.14543159536177025,Male,E1,50-64,R4
159,0,0.5184312425202613,Female,E3,18-29,R2
213,0,0.11201881748202018,Female,E3,18-29,R1
226,1,0.6787456210620215,Male,E1,30-39,R2
14,0,0.5652552876031018,Male,E3,50-64,R2
238,1,0.6953879163888578,Female,E1,50-64,R1
264,0,0.1584496368331488,Male,E2,18-29,R3
212,0,0.244247977815574,Female,E1,40-49,R1
245,0,0.24910610534242728,Male,E3,30-39,R1
77,1,0.40558008288796327,Male,E1,18-29,R3
76,1,0.46033609240169093,Female,E1,40-49,R4
280,0,0.38816683038144406,Female,E6,30-39,R1
3,0,0.12284148457437065,Male,E1,18-29,R1
171,1,0.6935577385207422,Male,E1,30-39,R4
219,1,0.3731208637370922,Female,E5,40-49,R1
20,0,0.4323297809210296,Male,E4,40-49,R1
60,0,0.11682258999458306,Male,E2,30-39,R1
168,1,0.4957811910561465,Female,E5,18-29,R1
131,0,0.22837200774558641,Female,E1,18-29,R2
130,0,0.7457322460207545,Male,E2,30-39,R2
100,0,0.3144814243988946,Male,E3,40-49,R2
133,0,0.05648574330199601,Male,E3,50-64,R3
162,0,0.19409137275538563,Female,E3,30-39,R1
34,0,0.50904749829401,Female,E3,30-39,R2
270,0,0.17578089635546387,Female,E3,50-64,R4
232,0,0.2933478871216021,Male,E4,30-39,R1
110,0,0.34004617957002803,Female,E1,30-39,R2
138,1,0.7106331903982157,Female,E3,18-29,R1
224,0,0.4719315283687987,Male,E1,40-49,R1
54,0,0.32802420212008454,Male,E5,18-29,R3
173,0,0.4966815077010341,Male,E4,50-64,R3
63,0,0.46440146221717876,Male,E5,40-49,R2
33,0,0.1902122853086899,Male,E2,50-64,R2
61,0,0.37172812627161506,Male,E1,30-39,R1
211,0,0.3080057476102967,Male,E5,40-49,R4
64,0,0.29313916866233963,Female,E2,18-29,R4
242,0,0.06216047478375419,Male,E3,18-29,R1
279,0,0.38501515259283214,Male,E4,50-64,R1
136,0,0.04587137245217793,Female,E3,18-29,R2
216,0,0.6527799490616885,Male,E3,30-39,R1
121,0,0.18919987072210073,Female,E4,30-39,R3
234,0,0.5176123127692194,Female,E1,40-49,R1
228,0,0.4436602851402587,Female,E6,40-49,R3
192,0,0.16472101957545182,Male,E2,40-49,R4
208,0,0.4471673121465209,Female,E1,30-39,R3
243,0,0.20456677460042189,Male,E1,30-39,R1
74,0,0.5210217562428819,Male,E3,50-64,R2
117,1,0.40855096240226246,Male,E5,40-49,R1
264,0,0.25839064412039076,Female,E3,30-39,R2
294,0,0.6501410797778077,Female,E3,30-39,R1
270,0,0.16729215791981816,Female,E5,50-64,R1
131,0,0.5527110680842908,Male,E1,40-49,R1
234,0,0.2619393513704051,Male,E4,30-39,R2
177,0,0.5194594423323066,Male,E5,40-49,R1
78,0,0.5263537004144395,Male,E1,18-29,R2
143,0,0.7831808049801638,Female,E4,40-49,R1
284,0,0.3093115444883007,Female,E3,40-49,R1
13,0,0.05308916659787315,Male,E2,18-29,R4
221,1,0.05298892182628916,Female,E5,30-39,R1
67,1,0.42213401126963895,Female,E1,30-39,R2
8,0,0.6226541434964598,Female,E6,30-39,R2
207,1,0.4429136898861163,Male,E6,18-29,R2
254,0,0.18097735527987097,Female,E2,50-64,R1
86,0,0.3078712702417715,Male,E4,30-39,R1
151,0,0.42894990001290184,Male,E1,18-29,R3
20,0,0.3184981738615948,Female,E1,18-29,R4
2,0,0.48004806565962094,Male,E5,18-29,R1
20,0,0.30782948765597684,Male,E1,50-64,R2
48,0,0.3684793902485679,Female,E1,18-29,R3
218,0,0.11851570254965951,Male,E4,30-39,R1
70,0,0.01,Female,E3,18-29,R3
159,0,0.45798277252996034,Female,E1,30-39,R2
198,0,0.39980725323129734,Male,E1,18-29,R2
274,0,0.15888315415017315,Male,E1,40-49,R1
35,1,0.5970887357285025,Male,E3,18-29,R1
243,0,0.537785616638693,Male,E5,40-49,R1
68,0,0.23957407777728904,Female,E6,30-39,R1
144,0,0.3154449514980948,Male,E3,50-64,R2
30,0,0.5254030577072542,Male,E1,40-49,R2
52,0,0.17435842962387132,Male,E5,30-39,R2
155,0,0.3455247900241015,Female,E2,40-49,R1
91,0,0.5735156408999382,Male,E2,18-29,R1
55,0,0.31056007079679193,Female,E3,30-39,R2
210,1,0.3008109137107542,Male,E4,40-49,R2
70,0,0.5234530407376945,Male,E2,18-29,R1
180,0,0.5459138439120548,Male,E5,18-29,R2
266,0,0.7111371156224998,Male,E1,40-49,R1
278,0,0.3889742227625897,Male,E3,18-29,R1
243,0,0.1012711289609758,Male,E2,30-39,R1
140,1,0.38360779924558674,Male,E1,18-29,R1
74,0,0.43455778288514346,Female,E6,30-39,R4
144,0,0.2477843375868071,Male,E4,50-64,R3
280,0,0.7887329272010919,Male,E4,50-64,R3
10,1,0.25149020249344023,Male,E6,30-39,R2
105,0,0.7030548619500353,Female,E1,30-39,R1
277,0,0.3074528125485159,Male,E2,30-39,R1
45,1,0.28754344284243544,Male,E3,40-49,R2
211,1,0.17415753971733158,Male,E2,18-29,R1
202,0,0.2926807502740722,Female,E2,30-39,R2
59,0,0.4074616531198608,Male,E1,40-49,R1
182,0,0.4859573068826718,Female,E6,30-39,R1
235,0,0.40744837694547964,Male,E1,50-64,R3
157,1,0.6146354048047943,Male,E5,40-49,R2
162,0,0.35982429533676186,Female,E6,18-29,R2
290,0,0.4234593293054673,Female,E2,18-29,R3
238,0,0.17315292406997532,Female,E1,50-64,R3
98,1,0.5601638236295067,Female,E2,30-39,R1
69,0,0.05069221797763648,Male,E3,50-64,R1
181,0,0.3193604060252956,Male,E2,18-29,R3
110,0,0.3943955810350997,Male,E1,30-39,R1
64,1,0.47150890793400446,Female,E1,40-49,R2
100,1,0.10340777420668723,Male,E1,18-29,R1
212,0,0.5982862788514577,Male,E1,30-39,R1
135,0,0.5218164389037786,Male,E2,40-49,R1
203,0,0.31877988515912165,Male,E1,50-64,R1
226,0,0.5381705962907101,Male,E5,30-39,R3
106,0,0.2706417119132831,Female,E1,30-39,R2
269,1,0.2714603513682926,Male,E1,30-39,R3
0,0,0.5336922111640169,Female,E1,40-49,R3
26,0,0.4714864321209293,Male,E4,40-49,R2
102,1,0.5913903419228338,Female,E2,40-49,R4
253,0,0.12903820197100882,Female,E1,50-64,R1
53,0,0.15622826701699374,Male,E4,50-64,R1
123,0,0.3333107969682384,Male,E5,30-39,R1
186,0,0.4298058828281831,Female,E2,50-64,R3
54,1,0.3253651314364367,Male,E1,18-29,R1
75,1,0.7295012356432876,Female,E1,30-39,R4
9,1,0.3509494866469393,Male,E3,30-39,R3
50,0,0.21995394176229227,Male,E6,18-29,R1
204,0,0.43170706132865727,Male,E2,18-29,R3
129,0,0.09853282023986329,Male,E6,18-29,R3
80,0,0.20435084113067806,Male,E3,40-49,R1
166,0,0.3223357219037857,Male,E2,18-29,R2
59,1,0.40593165178912655,Male,E1,18-29,R2
19,0,0.10668317240224634,Female,E3,18-29,R2
190,1,0.5088045782785935,Male,E4,30-39,R3
282,0,0.4703303067584923,Female,E5,50-64,R1
121,0,0.4573384797304717,Female,E5,18-29,R3
61,0,0.2709781883414125,Male,E1,30-39,R1
91,0,0.725556662138217,Male,E2,30-39,R1
115,1,0.5348486002838242,Male,E3,30-39,R1
29,1,0.7127127927344681,Male,E3,30-39,R1
89,0,0.5466997976302309,Male,E1,18-29,R1
95,1,0.512272552085899,Male,E1,30-39,R1
287,0,0.40455591307871563,Male,E1,30-39,R2
68,0,0.19303971335503406,Female,E1,50-64,R2
259,0,0.26980939017915545,Female,E6,40-49,R1
22,0,0.38396040957035066,Male,E3,18-29,R1
50,0,0.20772510023471796,Male,E3,40-49,R3
254,0,0.3050974364846998,Male,E4,30-39,R1
265,0,0.47723404781655226,Male,E2,30-39,R1
178,0,0.12192288612811762,Female,E2,40-49,R1
176,0,0.4959358209160993,Female,E1,18-29,R2
240,0,0.3736247190966208,Male,E2,30-39,R2
97,0,0.6369179452775434,Female,E1,18-29,R2
99,0,0.5663046812019786,Male,E1,18-29,R1
287,0,0.4405778376596354,Male,E4,18-29,R2
260,0,0.2641690364645724,Male,E1,40-49,R2
223,1,0.5400358466282664,Male,E5,40-49,R3
92,1,0.2274223495438186,Male,E1,30-39,R1
61,0,0.1301727676130178,Male,E4,30-39,R2
239,1,0.7836354658958791,Female,E3,30-39,R1
295,0,0.4773189790893904,Male,E1,50-64,R3
253,0,0.058870127790315946,Male,E3,50-64,R3
193,1,0.12041080767852977,Female,E1,18-29,R4
180,1,0.4653940519142788,Female,E6,30-39,R3
198,0,0.3534381022950363,Male,E1,30-39,R1
172,0,0.07061533239253141,Female,E4,18-29,R1
141,0,0.3707829200995277,Male,E3,18-29,R4
116,0,0.3516281069464781,Female,E2,40-49,R3
118,0,0.5499640204108542,Male,E3,40-49,R2
197,0,0.09419669287367216,Female,E2,30-39,R2
2,0,0.0872832494597405,Female,E2,30-39,R4
216,0,0.6919954428586343,Male,E6,40-49,R3
228,1,0.6520748382138034,Female,E4,18-29,R3
34,0,0.09956328455742684,Female,E1,30-39,R1
181,0,0.0519480672582329,Male,E2,30-39,R2
130,0,0.4971568437338718,Male,E4,30-39,R1
216,0,0.7298357931924416,Male,E2,40-49,R4
0,0,0.16693184874447536,Female,E6,30-39,R3
116,1,0.4094834852511361,Female,E6,40-49,R1
289,0,0.17824120747212197,Male,E3,30-39,R1
230,1,0.5518348042273333,Male,E4,40-49,R1
276,1,0.3059630933845026,Female,E6,30-39,R3
44,1,0.46853931035302676,Female,E5,18-29,R1
253,0,0.3789128407951401,Female,E5,18-29,R1
299,0,0.22718887683685707,Female,E2,18-29,R1
93,0,0.5244949082402944,Male,E2,30-39,R2
233,0,0.5448068924841241,Female,E6,30-39,R4
66,0,0.13900949407864036,Male,E2,40-49,R1
111,0,0.25590012701213205,Male,E6,30-39,R2
27,0,0.1326626636994116,Male,E3,40-49,R4
193,1,0.37866764495485394,Male,E4,30-39,R1
254,0,0.4048378271363123,Female,E5,30-39,R3
44,0,0.6050735935928501,Male,E2,30-39,R1
47,0,0.20619166890900428,Female,E3,30-39,R1
180,0,0.48134694692726177,Female,E2,30-39,R2
64,0,0.18328300510467946,Male,E6,40-49,R3
275,0,0.29058936407602926,Male,E2,30-39,R3
66,1,0.39979412770212636,Male,E5,40-49,R3
226,0,0.5017549967559789,Female,E2,18-29,R1
26,0,0.5560420681772864,Male,E4,30-39,R2
227,1,0.615871276868015,Male,E6,18-29,R3
28,1,0.753083859002607,Male,E2,18-29,R1
229,0,0.6474914081152231,Female,E5,30-39,R2
297,0,0.4515574937462778,Male,E5,30-39,R1
46,0,0.3764892767959399,Female,E1,18-29,R1
15,0,0.563821779532554,Male,E2,40-49,R2
84,0,0.46318388671120825,Female,E1,50-64,R2
157,0,0.6374086150062246,Female,E4,18-29,R1
215,0,0.2206930206844923,Male,E1,40-49,R3
242,0,0.16960725878071517,Female,E5,50-64,R2
35,0,0.3290285535307246,Female,E4,18-29,R1
291,0,0.4107012905306166,Male,E5,18-29,R2
93,1,0.4094098174403762,Male,E1,30-39,R4
282,0,0.23875943892068469,Female,E1,40-49,R2
11,0,0.19277330458363542,Female,E2,18-29,R3
272,0,0.3428336816954346,Female,E2,18-29,R1
57,0,0.3952260325277647,Female,E3,40-49,R1
27,1,0.578505448446011,Female,E1,50-64,R3
204,0,0.2852656455868825,Female,E1,40-49,R3
22,0,0.46224224540315195,Male,E4,18-29,R2
248,1,0.7747549434784402,Female,E6,40-49,R4
170,1,0.6383169885300545,Male,E3,30-39,R1
296,0,0.5068636548832821,Male,E1,18-29,R3
108,1,0.5694064915332117,Female,E4,18-29,R4
264,1,0.33708058633318055,Female,E1,18-29,R4
257,0,0.08569773423903004,Female,E5,30-39,R3
227,1,0.6625515970656657,Female,E4,40-49,R1
29,0,0.18965076324764016,Male,E2,30-39,R2
256,0,0.44147844560395855,Female,E3,18-29,R4
230,1,0.5873700387082395,Male,E1,18-29,R1
261,0,0.5049661572467217,Female,E1,40-49,R3
299,0,0.5374247207719289,Female,E1,40-49,R3
192,1,0.4792037759603009,Male,E3,18-29,R3
165,1,0.28503728868687767,Female,E1,40-49,R1
153,1,0.5747747897183717,Male,E5,40-49,R1
16,0,0.2576109123510227,Female,E2,18-29,R1
206,0,0.01,Male,E2,30-39,R2
52,0,0.10812505021533991,Female,E4,30-39,R3
218,0,0.28107173900523336,Male,E1,30-39,R1
120,0,0.458182277508431,Female,E3,30-39,R2
21,0,0.2568795514584237,Male,E6,40-49,R1
61,1,0.4413486013812559,Male,E4,18-29,R1
252,0,0.3214869049308299,Female,E2,40-49,R4
61,1,0.17655309436348296,Female,E1,30-39,R4
145,0,0.057110493989716044,Female,E2,18-29,R1
276,1,0.5503006325098778,Male,E1,50-64,R1
165,1,0.6506348816811183,Female,E4,30-39,R1
37,0,0.16801069594758747,Female,E2,30-39,R3
128,0,0.23750090380777944,Male,E2,18-29,R3
25,0,0.2638559951498902,Female,E1,30-39,R4
41,0,0.02412773439650579,Female,E3,50-64,R1
211,0,0.44032656667865483,Female,E1,18-29,R1
260,0,0.4959277542683419,Male,E4,40-49,R3
22,1,0.27309232949108964,Male,E5,40-49,R2
192,0,0.33920893560327187,Male,E3,40-49,R1
224,0,0.7720311075924202,Male,E1,30-39,R4
73,0,0.3302144531063058,Male,E3,18-29,R1
122,1,0.8911788062692543,Female,E1,30-39,R4
107,0,0.5928392282706199,Female,E2,40-49,R1
268,1,0.1346617318271307,Male,E1,30-39,R2
144,0,0.0727146333891837,Male,E1,30-39,R1
270,0,0.2507445536519166,Male,E1,50-64,R3
59,0,0.46348176288662213,Male,E4,40-49,R1
144,0,0.5103109448341252,Male,E4,40-49,R1
178,0,0.4125698212458323,Male,E5,40-49,R3
49,1,0.46191284265668997,Male,E1,50-64,R3
138,0,0.2752065642027358,Male,E4,30-39,R2
256,1,0.527745233120787,Female,E6,18-29,R2
232,0,0.06137609182046562,Female,E2,18-29,R1
13,1,0.5782682444415582,Male,E5,50-64,R3
238,1,0.6859365675695283,Female,E4,30-39,R1
158,0,0.5138352143651745,Female,E4,30-39,R4
218,0,0.5907130803972638,Male,E2,40-49,R3
224,0,0.26053358513161196,Male,E4,50-64,R4
145,0,0.38615660654271355,Female,E5,40-49,R3
147,1,0.5296626981281878,Female,E5,40-49,R1
165,0,0.5115979018181197,Female,E3,18-29,R1
10,0,0.18738356508706483,Male,E1,30-39,R1
88,0,0.6761217642906742,Male,E2,18-29,R3
154,1,0.9460888678212606,Male,E1,18-29,R4
96,0,0.5579784478839042,Male,E1,30-39,R2
73,0,0.7395737728604002,Female,E5,50-64,R2
29,0,0.1490963798361603,Male,E2,50-64,R1
28,0,0.4308853557683871,Male,E1,50-64,R1
269,0,0.2698212386012668,Male,E5,30-39,R1
203,0,0.47261371386845175,Female,E6,30-39,R3
106,0,0.3058395511719685,Female,E4,30-39,R2
212,0,0.36039363537565433,Male,E6,18-29,R3
120,0,0.26999602230955677,Male,E2,40-49,R3
266,0,0.24688448253292494,Male,E4,18-29,R1
140,0,0.18437276848465972,Male,E4,18-29,R4
210,0,0.5479842664943025,Female,E2,18-29,R3
280,0,0.18812421639246418,Male,E1,18-29,R2
232,0,0.541810204839911,Male,E3,30-39,R2
204,0,0.17730639711513568,Female,E1,30-39,R1
287,0,0.4153693384684534,Male,E3,18-29,R1
246,0,0.19321966567607463,Male,E2,40-49,R1
96,0,0.2713741716509246,Female,E1,40-49,R3
54,0,0.01,Male,E3,40-49,R1
258,1,0.6061603005732977,Male,E5,30-39,R3
56,1,0.22557095405523983,Male,E3,30-39,R3
257,0,0.2967282524038678,Male,E2,30-39,R3
36,0,0.3835109872228374,Male,E2,50-64,R1
166,0,0.15382806648850575,Female,E1,30-39,R1
296,0,0.3593128221457884,Male,E4,30-39,R1
260,1,0.5552390830427173,Female,E2,30-39,R4
193,0,0.5032507644479199,Male,E2,50-64,R1
12,0,0.5311984984889909,Male,E3,40-49,R3
136,1,0.2108123811396499,Female,E2,30-39,R1
254,0,0.3397622054896904,Female,E2,18-29,R3
156,0,0.4441099888863177,Male,E2,40-49,R1
191,1,0.5946825031011038,Female,E1,18-29,R2
204,0,0.5117818450196029,Female,E6,30-39,R1
61,0,0.24295622403638104,Male,E1,18-29,R2
246,0,0.44144139697829105,Male,E3,30-39,R2
13,1,0.1978426654304847,Male,E1,18-29,R1
191,0,0.48523865958119994,Female,E5,18-29,R2
221,0,0.7379750728203649,Female,E1,50-64,R2
229,0,0.4956877881435442,Male,E1,18-29,R3
216,0,0.5101733498429418,Female,E4,50-64,R4
7,1,0.5786267091127295,Male,E2,40-49,R3
298,0,0.15973908461405803,Female,E4,50-64,R1
50,0,0.620930116190876,Male,E1,50-64,R2
168,0,0.5699345515305445,Female,E1,30-39,R4
291,0,0.462139978172265,Male,E5,30-39,R2
139,1,0.12234748252704769,Female,E4,18-29,R1
259,0,0.5812624305104097,Male,E1,40-49,R2
299,0,0.8482292302832772,Male,E2,30-39,R1
129,0,0.43620296907845313,Female,E2,18-29,R2
223,0,0.5664052703522245,Male,E1,30-39,R3
119,0,0.1637068884412659,Male,E3,50-64,R1
84,1,0.5315666617029746,Male,E4,40-49,R3
45,0,0.20276222258702853,Male,E2,30-39,R1
176,1,0.41359046925939824,Male,E3,50-64,R1
34,0,0.08312097175553293,Male,E2,40-49,R1
255,0,0.4201629630399782,Male,E2,40-49,R1
132,1,0.2525006085233991,Male,E1,18-29,R3
7,0,0.21462341965888693,Male,E3,18-29,R3
34,0,0.527994550790991,Male,E2,50-64,R1
254,0,0.2524680190197732,Male,E1,50-64,R1
240,1,0.5539613220598999,Male,E6,30-39,R1
176,0,0.20673695966644004,Male,E6,18-29,R2
179,0,0.08517324528465299,Male,E6,30-39,R2
64,0,0.708462985273834,Male,E1,30-39,R1
110,0,0.11068391558359629,Male,E2,40-49,R2
16,0,0.17626930686195413,Male,E3,30-39,R3
264,0,0.33707865771897594,Female,E3,30-39,R1
152,0,0.5117150030425103,Male,E1,40-49,R1
61,0,0.5339418127072247,Male,E4,50-64,R4
78,1,0.8260111459554664,Female,E1,40-49,R2
37,0,0.03422273551429609,Male,E1,18-29,R3
204,0,0.4342665407392185,Male,E1,30-39,R3
58,1,0.6234780378233782,Female,E2,18-29,R2
27,0,0.29465562419806396,Female,E5,40-49,R2
267,0,0.239085837115807,Female,E1,30-39,R1
292,0,0.1491299811363898,Male,E2,30-39,R4
43,0,0.2941578050547706,Male,E2,18-29,R1
171,1,0.44215320941388764,Female,E1,30-39,R1
23,0,0.2652301595151825,Female,E2,40-49,R1
219,0,0.4209622828210139,Male,E4,18-29,R2
195,1,0.5920549373221309,Male,E5,40-49,R1
120,0,0.25228756242304307,Male,E2,40-49,R3
202,0,0.20091719294491198,Female,E1,30-39,R1
89,0,0.20482262118935105,Female,E5,18-29,R3
78,0,0.39100812554799014,Female,E6,40-49,R1
236,0,0.4083882850819041,Male,E1,18-29,R2
130,1,0.5344810018822836,Male,E4,18-29,R1
44,0,0.12285659125512713,Female,E3,18-29,R2
125,0,0.5486565231445926,Female,E2,50-64,R1
292,0,0.08073672558774819,Male,E1,30-39,R1
244,1,0.21800281914530642,Female,E3,30-39,R1
19,1,0.5314223548719709,Female,E6,18-29,R1
196,1,0.3047814291777475,Male,E3,30-39,R1
175,0,0.5654932463052323,Male,E5,18-29,R3
277,1,0.5060189631980002,Male,E6,30-39,R2
148,0,0.3898321708406916,Female,E6,30-39,R2
294,0,0.6576419292693989,Male,E1,40-49,R1
199,0,0.01,Male,E3,18-29,R1
49,0,0.32657008574388785,Male,E2,30-39,R4
137,0,0.17129800730298603,Female,E3,40-49,R1
111,0,0.5081812892558658,Male,E5,40-49,R2
3,0,0.39421625881114686,Male,E5,50-64,R3
184,1,0.5755341404552451,Male,E1,18-29,R1
290,1,0.6980412669820028,Male,E1,18-29,R2
278,0,0.46624209283372203,Male,E3,50-64,R1
213,0,0.22149959876294728,Male,E1,30-39,R1
53,0,0.4367159454853606,Female,E1,40-49,R4
40,0,0.3234682186742691,Male,E3,30-39,R3
57,0,0.47236464890731716,Male,E1,18-29,R1
202,1,0.7180337487581837,Female,E1,18-29,R4
0,0,0.19867555685400973,Male,E2,18-29,R1
187,0,0.28828640140656214,Male,E5,30-39,R1
209,0,0.21240484009301794,Male,E6,30-39,R2
26,0,0.12375087418018862,Male,E2,30-39,R1
233,0,0.5648352957501886,Female,E5,18-29,R3
91,0,0.4359264901282347,Male,E5,18-29,R2
4,0,0.46081911308371687,Male,E2,18-29,R1
0,0,0.1444173834666147,Male,E4,50-64,R3
4,0,0.04952186672222354,Female,E3,18-29,R1
123,0,0.4647870518760963,Female,E1,30-39,R2
225,1,0.4369364148976227,Male,E5,40-49,R2
241,1,0.48006417322841644,Male,E1,40-49,R1
160,1,0.6684227467355804,Female,E4,40-49,R1
63,0,0.2674178851883783,Male,E2,30-39,R2
79,0,0.01,Female,E3,30-39,R1
164,0,0.5195477234136999,Male,E5,40-49,R3
172,0,0.21601708438994946,Male,E1,30-39,R2
38,0,0.051046500867809735,Female,E6,18-29,R1
104,0,0.18714038525954046,Female,E2,30-39,R3
179,0,0.3959863829173079,Male,E5,18-29,R3
225,0,0.28001305383999675,Female,E1,30-39,R4
115,0,0.30127405144737357,Male,E5,30-39,R1
267,0,0.4354517707153353,Male,E4,30-39,R2
79,0,0.45960569085373787,Female,E5,40-49,R3
0,0,0.24075028222036296,Female,E4,30-39,R3
228,1,0.2318070565437849,Male,E2,30-39,R3
221,0,0.5492046643788915,Male,E6,50-64,R2
85,1,0.3966640131610257,Female,E5,30-39,R1
229,1,0.6053387566468558,Male,E1,30-39,R3
225,0,0.5958883316169267,Male,E1,30-39,R1
81,0,0.01,Male,E2,50-64,R1
92,0,0.37257094023222864,Male,E4,30-39,R3
208,0,0.35109209966218435,Female,E1,40-49,R1
94,1,0.3580968146976743,Male,E2,18-29,R1
114,0,0.04579945423384551,Female,E3,50-64,R4
165,0,0.44496220322405916,Male,E1,30-39,R1
88,0,0.49613098004297723,Female,E4,18-29,R2
128,0,0.4873273121324898,Male,E1,30-39,R2
173,0,0.41503213487108476,Female,E2,18-29,R2
13,0,0.48292655846197985,Female,E4,40-49,R2
227,0,0.1270813441652166,Male,E4,40-49,R3
37,0,0.25114836572423743,Female,E1,18-29,R4
272,0,0.6796015889302238,Male,E1,30-39,R4
211,0,0.5313995064691623,Male,E4,40-49,R3
268,1,0.4061043619741801,Male,E1,30-39,R1
224,0,0.6725090447158162,Male,E2,18-29,R2
39,0,0.11510861493477001,Female,E3,18-29,R1
234,1,0.7917175045035201,Female,E4,18-29,R2
210,0,0.2972797397702129,Male,E3,40-49,R1
18,0,0.26343111987908524,Female,E4,30-39,R1
169,1,0.7098047040357492,Female,E4,40-49,R1
194,0,0.11487985548479372,Female,E2,50-64,R3
229,1,0.5358804316019348,Female,E3,30-39,R2
6,1,0.6185725268300788,Male,E4,30-39,R2
247,0,0.2504189411677525,Male,E4,50-64,R4
87,0,0.2711064884217486,Male,E3,40-49,R3
32,0,0.1252682434534901,Male,E2,40-49,R3
217,0,0.6038910391828932,Male,E3,18-29,R1
209,0,0.42723643324529015,Male,E1,50-64,R2
287,0,0.3199944207530293,Male,E1,50-64,R1
64,0,0.46678889357329706,Female,E3,50-64,R2
85,0,0.308834900101578,Male,E3,18-29,R1
118,0,0.09080438706095768,Male,E4,30-39,R1
151,1,0.4032713450450459,Male,E1,30-39,R1
20,0,0.26245787624788824,Male,E2,18-29,R1
26,0,0.18541241592423932,Male,E5,30-39,R1
283,0,0.15022622610620848,Female,E3,50-64,R1
191,0,0.5543824348090507,Female,E1,40-49,R1
176,0,0.3360666509657216,Female,E4,18-29,R1
53,1,0.32996947351714884,Female,E1,50-64,R1
197,0,0.2196991062659147,Female,E5,30-39,R1
77,0,0.4300649043152381,Male,E3,40-49,R2
127,0,0.15680842399279973,Female,E3,18-29,R4
11,0,0.19588809373782934,Male,E6,18-29,R2
100,0,0.4999693209281507,Female,E2,18-29,R1
139,0,0.27574369235033314,Female,E1,50-64,R1
69,0,0.12890275264486306,Female,E4,40-49,R1
222,1,0.9089306613328381,Female,E5,30-39,R1
73,0,0.27986672953734315,Female,E6,50-64,R1
167,0,0.149038018944735,Male,E1,30-39,R3
119,0,0.39849631754578574,Male,E3,30-39,R2
137,0,0.16709705540263298,Male,E2,18-29,R1
249,0,0.701926995679614,Female,E5,40-49,R1
18,1,0.42430770670218054,Male,E3,30-39,R2
40,1,0.7802343099648963,Female,E4,18-29,R1
12,0,0.3372007117745065,Male,E1,18-29,R3
277,0,0.5903142848085294,Female,E5,40-49,R1
205,0,0.4973915476884545,Female,E3,18-29,R4
7,0,0.48937538184252904,Male,E3,18-29,R4
131,0,0.5398820785624155,Male,E4,18-29,R3
296,0,0.15958667488944991,Female,E1,30-39,R1
173,0,0.616192582434236,Female,E4,18-29,R2
244,1,0.5807690781569875,Male,E5,18-29,R2
241,1,0.7508190445373331,Female,E1,40-49,R1
242,0,0.6748086386803496,Male,E4,40-49,R1
177,0,0.7993625646750524,Male,E2,18-29,R4
235,0,0.7195558218085919,Male,E6,40-49,R1
111,0,0.44522438000801545,Male,E6,30-39,R1
220,0,0.32064591351039595,Male,E4,30-39,R4
162,1,0.2710904007662343,Male,E5,18-29,R1
275,1,0.4480905124639447,Male,E3,18-29,R1
6,0,0.17302274785833463,Male,E3,18-29,R4
43,0,0.07411230221647752,Female,E2,50-64,R4
251,0,0.4491195770758065,Female,E5,50-64,R3
218,1,0.7135226820073874,Male,E5,18-29,R3
247,0,0.22173765340861593,Female,E3,40-49,R2
15,0,0.3590005184558705,Female,E5,30-39,R1
77,1,0.7082645088786906,Male,E6,18-29,R1
107,0,0.319231079897292,Male,E3,30-39,R1
74,0,0.5849127536299403,Female,E4,50-64,R2
218,1,0.49753881363035113,Male,E4,30-39,R4
128,0,0.2533851024845334,Male,E4,30-39,R1
172,1,0.6290203733715284,Female,E1,40-49,R2
286,0,0.40666446450853555,Male,E6,40-49,R1
151,0,0.14098362714845636,Female,E2,30-39,R1
221,0,0.2753946581610732,Male,E1,40-49,R2
16,0,0.23976168467126027,Female,E1,50-64,R2
102,0,0.2901129076973925,Female,E3,30-39,R3
217,0,0.423462568939655,Female,E3,40-49,R1
157,1,0.44316115365829345,Male,E5,40-49,R1
61,0,0.29932700360405917,Male,E2,50-64,R2
35,0,0.7327401287065886,Female,E3,18-29,R1
152,1,0.4228744828017262,Male,E4,18-29,R1
95,0,0.560358821429772,Female,E5,30-39,R4
292,0,0.40258643112038356,Female,E6,50-64,R2
169,0,0.2269778354413505,Female,E1,50-64,R1
144,0,0.36192763834065494,Female,E1,50-64,R1
82,0,0.33778731808092044,Female,E1,30-39,R1
203,0,0.03959986272518981,Male,E3,30-39,R3
160,0,0.17026082140043755,Female,E3,40-49,R3
112,0,0.3577373881546099,Male,E2,30-39,R2
83,0,0.22418676460489878,Male,E1,30-39,R1
191,0,0.0869324794615381,Male,E3,18-29,R1
109,0,0.18405039887779626,Male,E4,40-49,R3
32,0,0.10924481184199869,Female,E3,50-64,R1
118,0,0.12008447145826247,Female,E4,40-49,R4
31,0,0.15861499265102824,Male,E1,18-29,R1
186,0,0.870262208978178,Female,E4,30-39,R3
43,0,0.16329549921556535,Female,E3,30-39,R2
53,0,0.18377035615149967,Male,E1,30-39,R1
211,0,0.34377640401926735,Male,E2,30-39,R1
141,0,0.3756942158781204,Female,E3,40-49,R3
59,1,0.49486312457689624,Male,E1,18-29,R1
38,0,0.6761148853168762,Male,E4,30-39,R1
58,0,0.309935988000383,Male,E4,50-64,R1
139,0,0.34809786865394376,Male,E2,40-49,R2
191,1,0.7411777251340614,Male,E5,40-49,R2
145,1,0.6122991102417812,Female,E3,18-29,R4
99,0,0.594375529469651,Female,E3,30-39,R2
229,0,0.5460317312137055,Male,E1,30-39,R1
185,0,0.44685407929047927,Female,E1,18-29,R4
142,0,0.277485247135703,Female,E4,50-64,R2
48,0,0.606912101626782,Male,E1,18-29,R1
63,0,0.452269510853924,Male,E4,50-64,R1
36,0,0.5282668321826519,Female,E4,18-29,R2
224,0,0.31871730375926877,Female,E4,40-49,R3
153,0,0.18060480750108884,Male,E1,30-39,R1
252,0,0.4687301902629913,Female,E1,30-39,R1
73,0,0.3944385368092449,Male,E3,30-39,R1
76,0,0.6251907192464964,Male,E1,50-64,R2
50,0,0.3093218329179822,Male,E6,18-29,R3
235,0,0.29742266898128794,Male,E1,30-39,R1
12,0,0.19356188344492675,Male,E4,30-39,R1
271,0,0.4013889778142751,Female,E4,40-49,R2
283,0,0.27771358794268114,Female,E4,18-29,R1
123,0,0.4680958783048103,Female,E4,50-64,R1
171,0,0.5041571983023503,Male,E1,30-39,R2
0,0,0.252700890613537,Male,E3,40-49,R1
202,0,0.269313775804001,Female,E3,40-49,R2
227,0,0.15450782808107263,Male,E3,30-39,R3
272,0,0.39185669281875474,Male,E5,18-29,R1
144,0,0.48033359589331587,Male,E3,18-29,R2
287,0,0.464609338829698,Female,E1,50-64,R2
179,1,0.5281907791303143,Male,E5,18-29,R3
202,0,0.31890423721898825,Female,E2,18-29,R1
204,0,0.38866494439453486,Male,E6,40-49,R3
295,0,0.2843926297110987,Male,E1,18-29,R3
69,1,0.3590336843374381,Male,E4,18-29,R1
151,0,0.36447745674370097,Female,E5,18-29,R1
49,0,0.3389099530763557,Male,E2,18-29,R3
121,1,0.3965012701508535,Male,E4,30-39,R3
193,1,0.6328716362058573,Male,E4,30-39,R1
50,1,0.6167872922171589,Male,E3,40-49,R3
45,1,0.21677522008105538,Female,E3,18-29,R1
122,0,0.09949632756495946,Male,E1,18-29,R1
238,0,0.448058566040893,Male,E1,30-39,R3
179,0,0.5889191115496002,Male,E2,40-49,R1
144,0,0.48776649034315106,Male,E5,18-29,R1
101,0,0.21942533066061956,Male,E1,40-49,R1
57,0,0.4668780473183184,Female,E1,40-49,R1
283,0,0.42890157681712926,Male,E1,30-39,R2
183,1,0.7009065279196606,Female,E5,40-49,R2
32,0,0.5347145380424414,Female,E6,18-29,R1
147,0,0.1271876326009361,Female,E1,30-39,R1
275,0,0.42127599059701987,Female,E2,18-29,R3
215,0,0.20487863576955895,Female,E3,40-49,R1
170,0,0.39597502712310617,Female,E4,18-29,R4
116,0,0.3796735747762984,Female,E2,30-39,R4
106,0,0.4047804015561458,Male,E1,40-49,R4
283,0,0.23035813321365223,Male,E3,18-29,R3
68,0,0.07379936076478999,Female,E2,30-39,R1
92,0,0.21937178870146812,Female,E1,40-49,R1
35,1,0.22544493006463667,Male,E5,18-29,R3
153,0,0.3416423458692226,Male,E3,30-39,R1
33,0,0.7654846767289951,Male,E4,18-29,R1
180,0,0.17631841281496835,Female,E1,30-39,R2
11,0,0.7730824855589438,Female,E1,50-64,R4
30,1,0.45654451727369727,Male,E2,40-49,R1
76,0,0.5743238955539833,Male,E6,30-39,R2
230,0,0.17220203350362126,Male,E5,40-49,R3
261,0,0.363412760151785,Female,E1,30-39,R3
93,1,0.21156838948235238,Male,E1,40-49,R2
35,1,0.7290563776986726,Female,E5,30-39,R3
62,0,0.269654111513906,Male,E5,18-29,R1
8,0,0.5488526773981207,Male,E1,18-29,R1
4,1,0.18118405989479222,Male,E4,30-39,R1
150,0,0.20030459199223055,Female,E2,18-29,R3
191,1,0.7581044090930236,Male,E5,30-39,R1
100,0,0.44643180961176054,Male,E4,30-39,R3
6,0,0.051416866501488225,Male,E1,40-49,R3
109,0,0.4211626728399405,Female,E4,40-49,R1
223,1,0.6809823510990419,Female,E1,40-49,R4
11,0,0.0606210219611704,Male,E2,40-49,R3
91,0,0.058670718618075636,Female,E1,30-39,R1
132,1,0.1999840130746904,Female,E1,18-29,R2
73,0,0.3407284719314138,Male,E2,40-49,R2
115,0,0.2720325316913699,Female,E2,30-39,R3
182,0,0.28264124179159505,Female,E3,40-49,R1
296,0,0.2582306642327683,Male,E4,40-49,R1
129,0,0.5128687885116093,Male,E2,30-39,R2
287,1,0.8403348488135773,Female,E2,40-49,R3
112,0,0.03460109325070164,Male,E3,50-64,R3
121,1,0.49164617447058234,Male,E1,18-29,R1
24,0,0.24071898545523743,Male,E3,30-39,R2
277,1,0.4113846928720014,Female,E6,18-29,R3
297,1,0.3925981488316682,Male,E2,18-29,R4
174,0,0.37399451540624173,Male,E1,40-49,R2
183,0,0.4081210359844723,Male,E5,18-29,R1
50,1,0.9093685877910124,Female,E1,18-29,R1
42,0,0.5324842595586109,Male,E3,30-39,R1
292,0,0.614450530409691,Male,E5,30-39,R1
134,1,0.7669604020838481,Male,E1,30-39,R3
118,1,0.5680388970783914,Female,E1,18-29,R2
240,0,0.05467447114008396,Female,E3,30-39,R2
147,0,0.20934140366248433,Male,E1,18-29,R1
215,0,0.26836950923233244,Female,E3,40-49,R3
211,0,0.1594330600321159,Female,E3,30-39,R2
84,0,0.2534462492101255,Female,E2,18-29,R1
69,0,0.17914390558983714,Female,E1,40-49,R1
144,0,0.469098135454908,Female,E3,30-39,R2
144,0,0.38182815361776906,Female,E1,18-29,R1
264,0,0.2085457832673022,Male,E4,30-39,R2
72,1,0.09269358489222708,Male,E2,30-39,R2
221,0,0.1777538196697678,Female,E2,40-49,R4
74,0,0.24089397485107109,Female,E2,18-29,R1
64,1,0.4287739684771948,Male,E5,18-29,R2
106,0,0.6428233659064911,Male,E5,18-29,R1
207,1,0.7105656677343478,Female,E3,30-39,R1
274,0,0.01,Male,E1,18-29,R1
129,0,0.23077092348139247,Male,E2,30-39,R2
195,0,0.500964564702632,Male,E1,30-39,R1
252,0,0.143814410029311,Male,E2,50-64,R1
117,0,0.757376324173948,Male,E6,40-49,R3
129,0,0.10641883947800457,Female,E4,18-29,R1
101,0,0.25184448647021496,Male,E3,30-39,R2
171,0,0.4773188073047729,Male,E6,30-39,R1
123,0,0.8173359069669258,Female,E4,18-29,R3
142,0,0.4202754785466596,Male,E2,40-49,R4
43,0,0.37122348765788477,Male,E1,30-39,R3
61,0,0.4541292057926252,Female,E1,30-39,R1
263,0,0.1713571803212794,Female,E1,30-39,R1
182,0,0.4987357822286135,Female,E4,30-39,R2
111,0,0.44397011687501026,Male,E3,40-49,R1
12,0,0.47582332548269307,Male,E1,18-29,R1
146,0,0.14795672988264927,Male,E1,30-39,R1
201,0,0.42608642595380575,Female,E1,40-49,R1
30,1,0.4102746663506335,Male,E2,40-49,R1
15,1,0.4407771855096762,Female,E2,40-49,R3
272,0,0.1035934038388789,Female,E4,40-49,R1
141,0,0.4044246198539093,Female,E1,18-29,R3
154,0,0.1945734800250562,Male,E2,30-39,R1
266,0,0.5408764338738733,Male,E1,40-49,R1
298,0,0.2484408836148999,Male,E3,40-49,R1
47,1,0.6050402733771334,Male,E1,30-39,R1
32,0,0.4406110850804498,Female,E2,40-49,R1
193,1,0.3759395829044774,Male,E6,18-29,R1
78,0,0.36213171702593944,Male,E1,40-49,R1
3,0,0.48823286072656347,Male,E2,18-29,R3
184,0,0.13230395276116233,Male,E1,50-64,R2
277,0,0.6332001236446412,Male,E5,30-39,R3
121,0,0.35695869997298035,Male,E1,30-39,R4
29,1,0.5947802649614267,Female,E4,40-49,R1
241,1,0.2538023634008822,Female,E4,40-49,R2
141,0,0.16020175686809848,Male,E1,30-39,R4
178,1,0.5785154701643117,Female,E5,18-29,R2
212,0,0.051488561286316556,Female,E3,18-29,R1
260,0,0.3558197181636443,Male,E1,40-49,R1
45,1,0.3842797120942898,Male,E5,40-49,R1
238,1,0.639421666176046,Male,E6,30-39,R1
260,0,0.5883704512077058,Female,E6,40-49,R1
7,0,0.6807896532461841,Male,E2,30-39,R1
24,0,0.1256312376197451,Female,E3,40-49,R1
281,0,0.13338021828166768,Female,E5,18-29,R2
239,0,0.49569810870542264,Male,E5,30-39,R1
44,1,0.5717438604928327,Female,E6,18-29,R3
294,0,0.2484792702150985,Male,E1,50-64,R4
104,0,0.01,Female,E6,18-29,R4
159,1,0.4827974003519922,Female,E3,30-39,R1
161,0,0.15688210722939383,Female,E6,30-39,R2
19,0,0.032477076388877604,Male,E3,30-39,R1
265,1,0.6013561419899105,Male,E1,40-49,R2
172,0,0.5546971695677021,Male,E6,18-29,R3
90,1,0.5979952680167661,Male,E1,40-49,R3
159,0,0.3410030474048025,Male,E2,30-39,R4
8,0,0.2585002445332125,Male,E1,30-39,R2
190,0,0.495479164929503,Male,E1,30-39,R1
33,0,0.6922106022807274,Female,E5,18-29,R2
151,0,0.5326377826272701,Female,E3,40-49,R2
238,1,0.84004175205974,Female,E5,50-64,R3
165,1,0.4798334841734963,Male,E4,30-39,R4
60,0,0.5240468233729308,Female,E1,30-39,R1
71,0,0.46230856761096023,Male,E2,30-39,R3
200,1,0.5432127868561201,Male,E1,30-39,R2
191,0,0.7020445270708718,Female,E6,18-29,R2
205,1,0.502889286652477,Male,E3,30-39,R4
251,0,0.26970151857214575,Male,E1,18-29,R1
287,1,0.9416535513977657,Female,E1,18-29,R3
248,0,0.6874454010731187,Female,E1,40-49,R1
299,0,0.09806103088699836,Male,E1,18-29,R2
30,1,0.29453151168528957,Male,E2,18-29,R1
71,0,0.1953493881857835,Male,E4,50-64,R3
212,0,0.1557148120565483,Male,E6,50-64,R3
253,0,0.2620052155003505,Female,E1,30-39,R2
32,1,0.5702258962717689,Male,E3,40-49,R3
118,0,0.5042396741237299,Female,E1,30-39,R1
104,0,0.5621958385999473,Female,E3,30-39,R1
66,0,0.2611261071737181,Male,E3,18-29,R2
57,0,0.14744410638662422,Female,E5,18-29,R1
101,1,0.6324421194308073,Male,E3,30-39,R3
197,0,0.45703315982686066,Male,E4,30-39,R4
61,0,0.43323236988610775,Male,E1,50-64,R3
19,1,0.6688011630664804,Male,E1,18-29,R3
299,0,0.4472471089163042,Male,E6,18-29,R1
162,1,0.31654967117526894,Female,E3,30-39,R2
3,0,0.3212743066287154,Male,E1,30-39,R1
259,0,0.21006873132766993,Female,E1,30-39,R1
255,0,0.5717020041613758,Female,E1,50-64,R4
209,0,0.5012617967022607,Male,E2,18-29,R1
211,1,0.1672181131529281,Male,E4,50-64,R1
161,0,0.16580251508110136,Female,E1,30-39,R3
169,0,0.3515184483298673,Male,E5,50-64,R3
121,0,0.4360026605502609,Female,E3,18-29,R2
66,0,0.3437091661910815,Male,E1,18-29,R2
273,0,0.6544845718982446,Male,E1,18-29,R2
96,0,0.4113519402562804,Male,E6,50-64,R1
112,1,0.2448388729072069,Male,E3,18-29,R1
284,0,0.5466848598910797,Male,E2,18-29,R1
138,1,0.8202276227898665,Male,E5,18-29,R4
245,0,0.4392157155413341,Female,E6,30-39,R4
144,0,0.5709325309071718,Female,E4,30-39,R3
36,0,0.19001614956787632,Female,E5,40-49,R3
226,0,0.5024433585866765,Female,E2,30-39,R4
131,0,0.37048288824188824,Male,E3,30-39,R1
221,0,0.0865326341947369,Male,E1,30-39,R1
284,0,0.4724121943641969,Female,E1,40-49,R1
213,0,0.414036654617697,Male,E2,50-64,R3
9,0,0.5415730074066871,Male,E4,18-29,R3
125,0,0.07643758277916932,Male,E1,18-29,R4
159,0,0.37404184780659644,Male,E1,40-49,R3
231,0,0.41720920478195306,Female,E1,18-29,R1
218,1,0.6038485383180445,Male,E3,30-39,R2
63,1,0.4829851430643399,Male,E2,18-29,R2
79,0,0.13615908582239467,Female,E2,18-29,R2
120,0,0.20538585189691788,Female,E3,40-49,R1
123,0,0.5004209298569373,Female,E6,18-29,R2
261,0,0.23196208899329568,Female,E3,30-39,R1
279,0,0.30601979151069514,Female,E1,18-29,R2
168,0,0.5564767199550624,Female,E5,50-64,R1
184,0,0.4697584168208824,Male,E1,30-39,R1
102,1,0.3552476085638948,Female,E3,18-29,R2
255,0,0.5418394453867654,Male,E1,30-39,R1
247,0,0.5758410571424785,Male,E3,40-49,R2
209,0,0.07381359251059755,Female,E2,30-39,R1
272,0,0.560786090463974,Male,E1,30-39,R4
68,0,0.42992286266730956,Male,E1,40-49,R2
211,0,0.477473720403241,Male,E1,30-39,R2
46,0,0.14292774355529225,Female,E2,30-39,R4
265,0,0.11501610161489081,Male,E3,18-29,R2
183,0,0.12128005248964555,Male,E3,18-29,R1
245,0,0.519251595090248,Male,E2,40-49,R4
96,0,0.31212941770785185,Male,E2,18-29,R1
171,0,0.5468370200139616,Male,E5,18-29,R2
20,0,0.5119992393549407,Male,E1,40-49,R4
246,1,0.48057948300990433,Male,E1,18-29,R3
17,0,0.5162867542010531,Female,E2,40-49,R4
45,1,0.5241726643655665,Female,E1,50-64,R2
242,0,0.28811169683469656,Male,E1,40-49,R1
8,0,0.593681603836764,Female,E2,18-29,R3
217,1,0.0852687310716738,Female,E3,18-29,R3
168,0,0.5549940917297143,Female,E1,18-29,R2
255,0,0.18174517672381302,Female,E1,50-64,R3
157,0,0.4595013974307388,Male,E2,50-64,R3
4,0,0.3442674752847478,Male,E2,18-29,R3
174,1,0.5877082083960002,Male,E5,50-64,R4
179,0,0.5922079175764645,Female,E1,30-39,R2
19,0,0.6105878861422757,Male,E1,18-29,R1
44,0,0.42760144499444613,Male,E3,30-39,R1
228,0,0.3650330747679516,Female,E3,40-49,R3
265,0,0.19011797315302442,Male,E3,50-64,R1
81,0,0.5137554815639483,Female,E1,18-29,R1
186,1,0.5061203286986862,Male,E6,30-39,R4
37,1,0.4365811433615465,Female,E2,18-29,R2
11,0,0.34225365526614937,Male,E4,18-29,R3
254,0,0.05498704261161834,Female,E3,30-39,R1
260,0,0.1706320512740427,Male,E2,30-39,R2
2,1,0.3877055836430773,Female,E2,30-39,R1
74,0,0.12991412550982193,Male,E5,30-39,R2
2,1,0.33361304184712476,Male,E2,40-49,R2
285,0,0.15246906539357877,Male,E5,18-29,R1
85,0,0.3944984864523199,Female,E3,30-39,R1
99,0,0.38307688363079406,Female,E5,18-29,R4
63,1,0.39796742253177203,Male,E6,18-29,R4
233,0,0.1554258126244103,Male,E1,30-39,R1
227,0,0.11181245943033613,Female,E6,40-49,R3
151,1,0.819370904876636,Male,E5,30-39,R1
212,0,0.2543286269178936,Female,E1,30-39,R1
142,0,0.41137803985559546,Male,E6,40-49,R2
237,0,0.3429368045060188,Female,E1,30-39,R1
90,0,0.0767879005709162,Male,E5,30-39,R4
81,0,0.11182134524360518,Female,E4,50-64,R2
298,0,0.2173547704448917,Male,E1,30-39,R1
276,0,0.3590092256212049,Female,E3,50-64,R3
263,0,0.4882403801047084,Male,E1,18-29,R3
264,1,0.500041381899728,Male,E1,18-29,R2
299,0,0.36546039511075856,Male,E3,18-29,R2
2,1,0.3960554415957404,Female,E2,18-29,R3
26,0,0.30443933514240296,Male,E3,18-29,R3
88,0,0.8211138888668649,Female,E3,30-39,R2
182,0,0.09812344836795607,Male,E3,18-29,R2
250,1,0.39293007574241134,Female,E3,18-29,R4
149,0,0.31050798208014296,Female,E3,18-29,R1
56,1,0.21938040764538866,Female,E1,50-64,R2
87,0,0.05221507102556959,Female,E1,18-29,R3
257,0,0.4361072548800549,Male,E4,40-49,R1
185,1,0.24190638993467226,Male,E6,50-64,R4
246,1,0.390621582243789,Male,E5,30-39,R1
287,0,0.2478028174413448,Male,E4,30-39,R3
200,0,0.6766878071116686,Female,E1,30-39,R4
223,0,0.4833211879609507,Female,E4,40-49,R3
88,1,0.3986405685086956,Male,E1,50-64,R2
193,0,0.27329336714368,Male,E3,18-29,R2
166,0,0.30258338886881947,Female,E4,30-39,R3
108,0,0.17046928861721525,Female,E2,40-49,R1
130,0,0.2982337869597705,Male,E2,18-29,R1
174,1,0.46940331885948183,Male,E6,50-64,R3
104,1,0.6967115132073034,Male,E1,30-39,R1
1,0,0.22235884929474092,Female,E3,18-29,R1
95,0,0.4847475517137485,Male,E2,40-49,R2
77,1,0.5052461060194329,Female,E1,50-64,R1
34,1,0.6890713977380434,Male,E5,30-39,R1
192,1,0.6544390324810293,Female,E2,40-49,R2
0,0,0.475749249506922,Female,E4,18-29,R1
194,0,0.483909500830589,Male,E4,40-49,R2
254,0,0.6677513449639002,Female,E6,50-64,R1
37,0,0.40706646679718095,Female,E1,40-49,R4
30,0,0.15732154530648076,Female,E4,40-49,R1
104,1,0.4408174400438779,Male,E1,40-49,R4
293,0,0.4904998622995298,Male,E4,50-64,R1
290,1,0.16582749980215092,Female,E2,30-39,R1
92,0,0.17698323878017136,Male,E6,18-29,R1
65,0,0.6301086388996235,Male,E4,40-49,R1
110,0,0.43863284990949325,Female,E1,50-64,R4
48,0,0.2145912403539754,Male,E1,30-39,R2
26,0,0.4665226389714753,Male,E5,30-39,R1
151,0,0.2513964537593854,Male,E1,30-39,R1
98,1,0.4368659141082065,Female,E1,18-29,R1
109,0,0.24774415249358558,Female,E1,30-39,R3
19,0,0.5014614296748411,Male,E3,40-49,R4
156,0,0.45614927718379455,Female,E4,18-29,R1
277,0,0.19135663123875069,Male,E3,18-29,R2
20,0,0.15580449488431775,Male,E5,30-39,R1
49,0,0.457538114736316,Male,E4,30-39,R1
203,1,0.7269188641955066,Male,E1,40-49,R3
80,1,0.38807999550734024,Male,E5,30-39,R2
121,0,0.4165735614704112,Male,E1,50-64,R1
22,0,0.580848779791434,Female,E4,30-39,R1
27,0,0.3856088307631979,Female,E1,50-64,R3
192,0,0.1424646794086304,Male,E6,18-29,R2
156,0,0.4381082960767811,Male,E1,40-49,R3
128,1,0.5663089905163258,Male,E5,40-49,R1
177,0,0.30673562862877973,Female,E2,50-64,R1
59,0,0.3146885869812509,Male,E1,18-29,R1
94,0,0.19567589158140739,Male,E2,40-49,R1
9,0,0.4656188552838364,Male,E5,50-64,R2
70,0,0.40229503444874837,Female,E1,18-29,R3
255,0,0.20124623247205004,Female,E4,30-39,R3
265,0,0.4045779898670391,Male,E1,30-39,R1
73,1,0.8325101057492692,Female,E2,40-49,R3
191,0,0.32156032941461926,Male,E3,40-49,R1
232,1,0.49684781785771476,Female,E3,30-39,R1
92,0,0.3450992391702785,Male,E1,30-39,R1
120,0,0.36522555877131185,Female,E1,30-39,R1
234,0,0.13326471099115472,Female,E1,50-64,R1
59,1,0.2850946085765911,Male,E1,30-39,R3
121,1,0.6124478990574983,Male,E2,30-39,R2
164,0,0.4295123977944362,Male,E4,40-49,R2
143,0,0.33436253866680765,Male,E2,30-39,R1
54,0,0.2827484546416353,Male,E1,30-39,R2
43,0,0.28247393051664554,Female,E4,18-29,R3
120,0,0.45778641605236453,Male,E3,18-29,R3
91,0,0.37962972506173787,Male,E5,30-39,R1
82,0,0.5053155061017692,Male,E1,18-29,R1
109,0,0.03727566916387079,Male,E2,18-29,R2
175,1,0.42568859236600054,Male,E2,40-49,R1
246,0,0.1645690552842327,Male,E4,18-29,R2
158,1,0.5699250313460772,Male,E6,30-39,R1
66,0,0.5374755351410925,Male,E2,18-29,R4
53,1,0.772484206578615,Female,E6,18-29,R2
156,1,0.49016771419908456,Female,E3,50-64,R1
98,0,0.24531687225356144,Male,E2,18-29,R1
73,0,0.6609031996914798,Male,E1,30-39,R1
91,0,0.3215449287566937,Female,E1,30-39,R2
223,0,0.1903181037318859,Male,E5,40-49,R3
237,0,0.23758970807065155,Male,E2,18-29,R1
44,1,0.3955282600924484,Male,E1,40-49,R1
287,0,0.4310172960983294,Female,E4,30-39,R2
147,1,0.22370087215396578,Male,E4,50-64,R2
97,0,0.7211946040063671,Male,E6,30-39,R1
77,1,0.7999752884076395,Female,E5,30-39,R3
156,0,0.428310735744667,Male,E2,30-39,R2
213,0,0.45732236607888566,Male,E1,18-29,R1
250,0,0.35741014469261895,Male,E2,18-29,R1
264,1,0.5151946028409777,Male,E2,50-64,R1
128,0,0.06706000564105323,Male,E6,18-29,R1
294,1,0.5361799347723275,Male,E5,50-64,R3
87,0,0.2149123175099714,Female,E2,18-29,R2
206,0,0.35552068112538365,Male,E1,30-39,R4
22,0,0.16361198391238702,Female,E2,30-39,R4
1,0,0.09113804801381883,Female,E5,40-49,R4
107,1,0.41287993297206066,Female,E1,30-39,R3
221,0,0.5776898843327541,Female,E1,18-29,R1
187,0,0.46744550680243735,Male,E5,50-64,R1
219,0,0.4215378854047452,Female,E4,18-29,R2
246,0,0.11866058830134577,Male,E3,40-49,R3
244,0,0.44270345796280847,Female,E4,30-39,R1
127,0,0.28523487361375555,Female,E3,18-29,R1
221,1,0.07662658929117502,Male,E3,18-29,R1
25,0,0.1688495194272535,Male,E2,30-39,R1
45,0,0.39948516666720263,Female,E3,30-39,R4
236,1,0.7074110459506783,Female,E6,30-39,R2
279,0,0.11955182855484023,Female,E4,40-49,R3
134,0,0.3999688186994936,Male,E4,40-49,R3
77,0,0.2131288344665139,Male,E4,18-29,R1
168,0,0.6597930981282722,Male,E5,50-64,R3
242,0,0.19551912708860875,Female,E4,18-29,R2
110,0,0.3025066635960268,Female,E4,50-64,R3
38,1,0.6933433557557592,Male,E5,30-39,R2
238,1,0.7493766300772331,Male,E2,40-49,R2
24,0,0.5713968335710855,Male,E1,30-39,R3
257,0,0.2903314084328839,Male,E1,30-39,R2
84,0,0.5357433338299624,Male,E4,18-29,R4
227,0,0.27982506407032304,Female,E2,30-39,R3
29,1,0.646708571301887,Male,E3,50-64,R2
179,0,0.29942174243278813,Female,E3,50-64,R1
95,1,0.09778356282725308,Female,E1,30-39,R1
264,0,0.27284168972422607,Female,E5,50-64,R1
47,0,0.5069196682896516,Male,E1,50-64,R2
144,1,0.4288735798514351,Female,E1,18-29,R2
261,0,0.30282161895488485,Female,E3,30-39,R2
159,0,0.3221522159259804,Male,E2,40-49,R2
233,0,0.3114548791206482,Male,E1,18-29,R1
127,0,0.15384577415122735,Female,E1,40-49,R2
261,0,0.562870138665721,Female,E1,18-29,R1
87,0,0.29903008686805077,Female,E3,30-39,R4
175,1,0.1733899099182017,Male,E5,50-64,R1
117,0,0.5573012191425212,Male,E1,30-39,R3
70,0,0.6492981594905748,Male,E3,18-29,R3
283,0,0.2809993005019899,Male,E3,30-39,R3
12,0,0.7040920567514138,Male,E5,50-64,R1
162,0,0.26873033882508496,Male,E5,40-49,R4
28,0,0.3007865322790479,Male,E1,40-49,R1
260,0,0.3644607340597504,Male,E6,40-49,R2
81,0,0.24567998375958455,Female,E1,40-49,R1
268,0,0.2699990467752845,Male,E6,18-29,R2
82,1,0.7691553332988983,Female,E5,30-39,R4
99,0,0.34771276769468457,Female,E5,50-64,R4
86,0,0.5756768726430914,Female,E4,30-39,R1
164,0,0.41149200356096144,Female,E2,30-39,R1
250,0,0.3175537974384252,Male,E4,30-39,R2
16,0,0.4568195811712229,Male,E5,18-29,R3
217,0,0.25060669918403405,Female,E1,30-39,R2
115,0,0.26994746887652665,Male,E1,50-64,R3
171,0,0.2735028275746185,Female,E2,18-29,R1
245,1,0.30155027650873517,Female,E1,18-29,R3
128,0,0.18625409503169546,Male,E5,30-39,R1
37,0,0.41276372638035036,Female,E1,30-39,R4
72,1,0.5386169237258843,Male,E3,18-29,R2
181,0,0.44976984624880584,Female,E3,30-39,R3
178,1,0.783251855714515,Female,E4,18-29,R1
202,1,0.30531858439472254,Male,E1,40-49,R1
79,0,0.2817833565832075,Female,E4,30-39,R2
56,0,0.422040198873366,Female,E1,40-49,R1
242,0,0.29742845350965963,Female,E2,40-49,R4
124,0,0.47546465896114304,Female,E4,40-49,R1
275,0,0.36955745132342704,Female,E3,30-39,R2
242,1,0.6297479176522863,Male,E3,30-39,R2
162,0,0.4086529234704819,Female,E2,40-49,R2
251,1,0.17626701330149575,Male,E1,40-49,R3
12,1,0.37731678358106285,Male,E5,40-49,R1
51,0,0.07602143595570532,Female,E1,40-49,R2
205,0,0.20973112669133226,Female,E2,50-64,R1
80,0,0.41501693656477373,Female,E3,30-39,R2
94,0,0.31583323879801556,Female,E5,40-49,R3
46,0,0.2263165454048992,Female,E2,30-39,R1
278,0,0.43838297841560286,Male,E5,50-64,R3
120,1,0.5445549723688937,Male,E4,40-49,R3
23,0,0.6080747692572479,Female,E1,30-39,R1
113,0,0.042777634246751614,Male,E1,18-29,R3
212,0,0.22667565214879756,Male,E4,30-39,R2
255,0,0.21741032231893442,Male,E2,30-39,R4
226,0,0.16638735588124506,Male,E4,18-29,R2
238,0,0.6726888263317832,Male,E3,50-64,R1
13,0,0.24613161945995807,Male,E2,30-39,R3
98,0,0.5253898972573422,Male,E2,30-39,R1
250,0,0.01,Male,E2,18-29,R2
271,1,0.6063678325323805,Male,E1,30-39,R1
69,0,0.27568010806633075,Female,E2,18-29,R1
138,0,0.7022686272728483,Male,E1,18-29,R3
235,0,0.5823620740989919,Male,E1,30-39,R2
46,0,0.5601020021136205,Male,E4,18-29,R4
248,0,0.01,Female,E3,40-49,R1
173,1,0.6031008519782738,Male,E1,40-49,R4
166,0,0.13649283613775548,Male,E1,30-39,R1
279,0,0.23680392979612208,Male,E5,30-39,R2
180,0,0.3013427030498722,Female,E3,30-39,R2
271,0,0.2893753612135353,Female,E5,40-49,R1
279,0,0.4792992747176691,Male,E1,18-29,R2
135,1,0.4920640038234605,Female,E4,30-39,R1
47,0,0.5118927643394668,Female,E3,18-29,R3
130,0,0.549256269733691,Male,E1,30-39,R3
155,0,0.2634670816683809,Female,E3,50-64,R4
222,0,0.1457439344075506,Male,E5,30-39,R2
111,0,0.3098903744493077,Male,E2,40-49,R1
154,0,0.3412563551161421,Female,E3,50-64,R4
6,0,0.4725004415544574,Female,E2,50-64,R1
204,0,0.6135090158815604,Female,E4,40-49,R1
30,0,0.7655111648163547,Male,E5,30-39,R1
219,0,0.22476021341967314,Female,E3,30-39,R1
103,0,0.4708132065017414,Female,E4,18-29,R1
258,0,0.7671738207369735,Male,E3,18-29,R1
256,1,0.43086032915508915,Male,E5,18-29,R1
208,1,0.7848552039300489,Male,E1,30-39,R2
255,1,0.2285309216689162,Male,E3,18-29,R1
190,0,0.17856388010074384,Female,E6,40-49,R4
94,0,0.3718161794013544,Female,E1,40-49,R4
92,0,0.4537930628949557,Male,E1,18-29,R1
216,0,0.7916909789057586,Male,E1,50-64,R1
235,1,0.8209473078798024,Female,E1,18-29,R3
175,1,0.7206464382218064,Male,E4,30-39,R1
280,0,0.2305249053353592,Male,E5,18-29,R1
249,0,0.18149265918796886,Male,E6,30-39,R4
179,0,0.5767436851498692,Male,E1,30-39,R2
231,0,0.41264177494739857,Female,E4,18-29,R3
254,0,0.26294086046692394,Male,E6,30-39,R1
95,0,0.5943719210473728,Male,E6,18-29,R1
109,1,0.3089508907384834,Female,E6,30-39,R3
261,0,0.7672455190191566,Female,E4,30-39,R4
82,0,0.6706344031673995,Male,E1,40-49,R4
205,0,0.8317896900749004,Female,E1,18-29,R4
293,0,0.6248487267831124,Male,E4,18-29,R3
36,0,0.31418927328334584,Male,E3,18-29,R2
252,1,0.6197784938844777,Male,E6,40-49,R2
25,1,0.4103559273965583,Female,E1,18-29,R1
193,0,0.38862963831629815,Female,E2,30-39,R1
18,0,0.26213843191283603,Female,E6,18-29,R1
234,0,0.3548247567183256,Male,E1,18-29,R1
239,0,0.4533224756104095,Male,E5,40-49,R1
164,0,0.8609229696261365,Male,E5,18-29,R4
149,1,0.6437766183157396,Male,E4,40-49,R3
188,0,0.2539155445308658,Male,E1,30-39,R2
28,1,0.5012526683230196,Male,E1,18-29,R1
285,0,0.20515659485745916,Male,E2,40-49,R3
193,0,0.2568869730688115,Male,E1,30-39,R1
58,0,0.34514722555758365,Male,E1,40-49,R4
197,0,0.7087252893330392,Female,E1,30-39,R1
81,0,0.1592437323540991,Male,E1,30-39,R1
263,0,0.17814992176911734,Male,E6,30-39,R1
166,0,0.4455734796491639,Male,E3,18-29,R2
187,0,0.13602253740652123,Female,E2,30-39,R4
280,0,0.1674003800964464,Female,E6,40-49,R3
299,0,0.4064590534970296,Female,E1,40-49,R2
170,1,0.8511203687644492,Female,E1,40-49,R2
165,0,0.15089942601026626,Male,E1,18-29,R3
263,0,0.3666618093439233,Male,E5,40-49,R2
137,0,0.22479263033436409,Female,E2,40-49,R1
167,0,0.5209801759637112,Female,E5,40-49,R1
244,0,0.32933785078551586,Female,E3,30-39,R4
19,0,0.4715429552401343,Male,E2,30-39,R2
79,0,0.41978409882248147,Female,E1,18-29,R1
52,0,0.4282367831081106,Female,E1,30-39,R1
74,0,0.26385196950673,Male,E6,40-49,R1
130,0,0.16318438081605036,Male,E2,50-64,R1
217,0,0.3389847984501362,Female,E1,30-39,R1
145,0,0.2326508524705897,Male,E4,40-49,R2
251,1,0.21866171278570545,Male,E1,40-49,R2
77,0,0.6221345391813159,Female,E4,30-39,R4
204,0,0.3010266534251303,Female,E1,18-29,R2
57,1,0.2768800591590739,Male,E1,18-29,R1
65,0,0.1556347784549626,Male,E1,40-49,R1
270,0,0.4802928180403508,Female,E4,50-64,R1
167,0,0.46417959663364716,Male,E3,18-29,R1
105,0,0.30582091500419495,Male,E5,30-39,R1
26,0,0.3639829423385565,Male,E6,30-39,R3
101,0,0.530379416056121,Male,E4,40-49,R2
257,0,0.5027724684598737,Female,E3,30-39,R1
17,0,0.26202680741692214,Male,E3,18-29,R1
290,0,0.5770600443517718,Female,E1,18-29,R2
296,0,0.10214991698950246,Male,E1,30-39,R1
5,1,0.7390521045560339,Female,E5,30-39,R3
257,0,0.28442849988406027,Female,E2,50-64,R1
117,1,0.3653740440347558,Female,E3,30-39,R2
179,0,0.6382435035199242,Female,E5,50-64,R4
259,0,0.647617419530423,Female,E1,50-64,R3
2,1,0.7925533567406522,Female,E1,18-29,R3
254,0,0.5458422853345631,Male,E2,40-49,R2
237,1,0.483522604982343,Female,E4,30-39,R4
109,0,0.24424337777294602,Female,E6,18-29,R2
53,0,0.4548094885850127,Female,E1,30-39,R3
72,0,0.15616187831838355,Male,E6,18-29,R1
61,1,0.24295851291020187,Male,E3,40-49,R4
172,1,0.6648371010858346,Male,E1,18-29,R1
58,0,0.052873612531478924,Male,E2,18-29,R2
115,0,0.39326144239437155,Female,E1,40-49,R2
22,0,0.08031674082591242,Female,E2,40-49,R2
4,0,0.18192508535934984,Male,E1,30-39,R1
258,0,0.4058046919095238,Female,E2,18-29,R1
154,0,0.09872422382435755,Male,E2,30-39,R1
232,0,0.3788364129984579,Female,E1,50-64,R3
111,1,0.3851323224523604,Male,E1,18-29,R1
163,0,0.18635672186927382,Female,E3,50-64,R1
112,1,0.33889725925261593,Female,E5,40-49,R1
79,0,0.6075139248410052,Female,E4,40-49,R1
52,0,0.1683170810879993,Male,E6,18-29,R1
80,0,0.01,Female,E2,40-49,R1
179,0,0.6113880587296041,Male,E4,40-49,R1
290,1,0.5695222879185472,Female,E4,18-29,R3
78,0,0.5486426265167907,Male,E1,50-64,R3
3,0,0.39726831559701004,Male,E2,50-64,R3
298,0,0.5224816294657043,Male,E2,40-49,R3
136,0,0.5869773231306301,Female,E1,30-39,R1
190,0,0.8847210403826251,Male,E1,30-39,R1
202,0,0.23580286508758747,Female,E3,30-39,R3
236,0,0.1911628663430073,Female,E2,30-39,R1
218,0,0.09615298818856811,Male,E2,18-29,R3
241,0,0.08051672820755454,Male,E1,18-29,R2
274,0,0.28653807764540934,Male,E2,18-29,R4
59,1,0.778891536842736,Male,E1,18-29,R3
144,0,0.23388281535248337,Female,E2,50-64,R2
261,0,0.3145787572844982,Male,E4,18-29,R2
110,1,0.7174932986514378,Male,E3,50-64,R4
242,0,0.33802198136826156,Male,E5,18-29,R1
268,0,0.01,Female,E2,40-49,R2
178,0,0.13565931221058564,Female,E2,30-39,R1
77,0,0.28689309845239014,Male,E3,40-49,R2
256,1,0.39204631790025296,Male,E1,30-39,R1
47,0,0.621689325373477,Male,E1,40-49,R3
122,0,0.264608204142822,Female,E2,50-64,R3
139,0,0.07620988170046418,Female,E2,40-49,R1
74,0,0.09297375183410812,Male,E3,18-29,R4
100,1,0.5325536053797888,Male,E1,40-49,R1
93,0,0.30845409713121275,Female,E2,40-49,R1
133,1,0.47616639578396575,Male,E1,40-49,R1
236,0,0.3102152820048242,Male,E5,40-49,R1
149,0,0.052540164201975534,Female,E2,18-29,R4
182,1,0.19679469380220194,Male,E4,50-64,R1
85,1,0.4382635232316057,Female,E4,18-29,R3
154,0,0.05197482126505039,Male,E2,30-39,R3
41,0,0.17727849843508606,Male,E1,18-29,R1
253,1,0.10621876093711416,Female,E1,18-29,R1
106,1,0.4341679113945521,Male,E6,40-49,R3
30,0,0.40495271524060117,Female,E1,18-29,R1
43,0,0.34356689891676706,Male,E5,30-39,R1
7,0,0.6186701364726086,Male,E2,30-39,R1
297,0,0.2627925038516717,Male,E4,18-29,R1
175,0,0.2760814116932872,Female,E6,50-64,R3
83,0,0.6692904026246929,Male,E5,18-29,R3
207,1,0.48115849657498766,Male,E2,50-64,R2
92,0,0.49012536830263964,Female,E3,18-29,R3
255,0,0.3833325100902346,Female,E4,18-29,R1
264,0,0.40055354635130347,Female,E1,30-39,R1
140,0,0.11163371262107238,Male,E4,50-64,R2
25,0,0.14891075377121268,Male,E1,40-49,R1
196,0,0.15082153234637413,Male,E1,18-29,R1
197,1,0.6240385927618542,Male,E5,30-39,R1
108,0,0.34056129178455063,Female,E1,18-29,R1
44,0,0.1380973976868888,Male,E6,40-49,R1
42,0,0.13274125704339346,Male,E1,18-29,R1
250,0,0.44039858262682174,Female,E1,18-29,R3
249,1,0.7030593526433048,Female,E5,30-39,R1
17,1,0.5505052842530024,Female,E1,50-64,R1
281,0,0.6693210369809669,Male,E2,18-29,R3
247,0,0.29353073812136427,Male,E2,18-29,R2
40,0,0.20477459241753684,Female,E1,30-39,R2
179,0,0.04785203977542695,Male,E2,40-49,R1
185,0,0.22467524253529136,Female,E2,40-49,R1
199,0,0.5726970368463117,Male,E4,30-39,R2
193,1,0.706481190718522,Female,E2,40-49,R1
182,1,0.45390040631430423,Female,E4,30-39,R3
207,0,0.3462021152360014,Female,E3,30-39,R2
153,0,0.22811463311893992,Male,E1,18-29,R1
132,0,0.17465379150727625,Female,E1,40-49,R2
185,0,0.20039102786225435,Female,E2,18-29,R2
98,0,0.555172008987057,Female,E1,30-39,R2
86,1,0.2830452696264375,Male,E4,18-29,R3
115,0,0.1732796830186646,Male,E3,18-29,R1
208,0,0.3152667407312142,Female,E2,18-29,R1
84,0,0.12750810789665418,Female,E2,50-64,R3
122,0,0.17366789420395365,Male,E6,18-29,R1
173,0,0.48346266339037847,Male,E5,30-39,R2
101,0,0.01,Male,E2,50-64,R1
38,1,0.49367551505343826,Female,E4,18-29,R1
30,0,0.3867143386827736,Male,E4,18-29,R1
145,1,0.3095660241901737,Female,E5,30-39,R1
274,0,0.45892200694965185,Male,E4,30-39,R1
167,1,0.5752581834548611,Female,E6,40-49,R3
66,1,0.6387302919004474,Female,E6,18-29,R2
265,0,0.22792354428665024,Female,E1,50-64,R1
5,0,0.44183114627594094,Female,E6,30-39,R1
160,0,0.25846222239085864,Female,E2,18-29,R1
43,0,0.3669261142420671,Female,E3,30-39,R2
98,1,0.6494733917013386,Female,E5,30-39,R2
144,0,0.035391826926308774,Male,E6,30-39,R2
182,0,0.5612270226611233,Female,E1,30-39,R4
299,1,0.3866571366124658,Male,E1,30-39,R3
16,0,0.32358074447199614,Female,E1,18-29,R3
211,0,0.04547294884138896,Female,E1,30-39,R4
92,0,0.3510607617054244,Male,E4,40-49,R2
174,0,0.34992625660142046,Male,E2,18-29,R2
156,0,0.23087165213188676,Female,E3,30-39,R2
226,0,0.5351277297233645,Female,E2,18-29,R2
185,0,0.3418436550519776,Female,E1,30-39,R2
100,0,0.1993817127121057,Female,E4,40-49,R1
62,0,0.14218948726359162,Male,E1,40-49,R2
297,0,0.42225466161866604,Male,E1,18-29,R1
239,0,0.4198160318430421,Male,E3,40-49,R2
241,0,0.1085997825028357,Male,E6,50-64,R1
88,0,0.5520669550136703,Female,E4,30-39,R3
68,1,0.5197122182974694,Male,E1,30-39,R1
295,0,0.381276950180784,Female,E4,50-64,R1
171,0,0.22242405026919287,Female,E1,18-29,R2
285,0,0.5296841148224347,Female,E5,30-39,R1
51,1,0.31046290874057003,Male,E3,40-49,R1
110,0,0.010726397955041371,Female,E3,18-29,R2
178,0,0.6046439608770633,Male,E5,30-39,R2
9,1,0.26290381444941485,Male,E6,40-49,R3
232,0,0.5379426057582778,Male,E4,50-64,R1
181,1,0.47730574047059476,Female,E1,30-39,R2
227,0,0.299504094594265,Male,E4,18-29,R1
259,0,0.48196282077537034,Female,E2,40-49,R1
230,1,0.4168809750488609,Female,E3,18-29,R2
155,0,0.2923044858037983,Male,E2,18-29,R1
261,0,0.7640804619959833,Male,E5,40-49,R3
263,1,0.2925303454754077,Female,E1,18-29,R2
227,0,0.45961563106702086,Male,E6,30-39,R2
131,0,0.26152934452694526,Female,E1,40-49,R1
65,1,0.8383591577342845,Female,E1,18-29,R4
161,1,0.27293254129046385,Female,E3,30-39,R1
68,0,0.6310594637318777,Female,E4,30-39,R1
120,0,0.2741290731109832,Female,E2,18-29,R2
64,1,0.6588723528994134,Female,E1,18-29,R1
24,0,0.16559893272914533,Male,E4,40-49,R2
269,0,0.1574656986760085,Female,E3,50-64,R3
61,0,0.09946029768049622,Male,E2,18-29,R1
194,1,0.6720490679554834,Male,E3,40-49,R1
260,1,0.33146434350082143,Male,E1,40-49,R3
126,1,0.39568795997783257,Male,E1,40-49,R1
147,0,0.28550520387134426,Female,E3,18-29,R1
45,0,0.26578874837378985,Male,E2,40-49,R1
211,0,0.029643177653929154,Male,E3,30-39,R2
263,1,0.4551861028095968,Female,E2,40-49,R2
204,0,0.42357601757748325,Female,E2,30-39,R1
57,0,0.3065688654899827,Male,E3,18-29,R2
52,0,0.1488918624468801,Female,E2,40-49,R1
274,0,0.04692207661001042,Male,E3,30-39,R3
12,1,0.6648064712115901,Female,E5,30-39,R2
168,1,0.5308393159800703,Male,E3,18-29,R2
44,0,0.3180292331840679,Female,E5,18-29,R3
155,0,0.01,Female,E3,30-39,R1
7,1,0.4602229117958612,Female,E4,30-39,R1
143,1,0.13130176191828394,Male,E2,18-29,R1
69,0,0.3195784557123857,Male,E4,30-39,R2
168,0,0.12469237358250129,Male,E3,18-29,R3
169,0,0.7519747884460835,Female,E1,30-39,R1
267,0,0.6354816564790203,Male,E6,18-29,R1
116,1,0.7461745810173526,Female,E4,30-39,R2
106,0,0.6143163758557273,Female,E1,30-39,R1
65,1,0.41463881307553097,Male,E1,30-39,R4
294,1,0.47796716767484526,Female,E6,40-49,R1
236,0,0.4829014434456488,Female,E2,50-64,R1
270,1,0.8556675754997244,Male,E4,40-49,R2
82,0,0.01,Female,E2,40-49,R2
296,0,0.48150106790455427,Male,E4,18-29,R1
271,1,0.48681567478479226,Male,E1,18-29,R1
17,0,0.33332626418271927,Female,E3,18-29,R3
45,0,0.3880393005759548,Female,E5,18-29,R2
46,0,0.39759612220189944,Female,E1,30-39,R2
62,0,0.49058642194860175,Female,E1,30-39,R2
185,0,0.11986547134991815,Female,E2,30-39,R2
61,0,0.21461056392573216,Female,E5,30-39,R2
87,1,0.5170094312105494,Male,E1,50-64,R3
55,0,0.513165022887231,Male,E6,30-39,R2
101,0,0.03606624470570835,Female,E1,18-29,R1
41,0,0.5359889337177727,Male,E1,40-49,R3
232,1,0.6762465686849323,Male,E1,50-64,R1
293,0,0.626014426111033,Male,E5,18-29,R1
103,1,0.6020034932747296,Male,E4,18-29,R2
37,1,0.6565672438688805,Female,E5,18-29,R1
0,0,0.03877626987047772,Female,E1,50-64,R4
277,0,0.2565095639874795,Male,E3,30-39,R3
33,1,0.6610656830405947,Female,E1,18-29,R1
91,0,0.6401864493177132,Female,E1,40-49,R3
117,1,0.6445937226761621,Male,E3,30-39,R2
32,0,0.49995252346868724,Female,E4,18-29,R1
6,0,0.6254316273114582,Male,E2,30-39,R3
107,1,0.4042184459715038,Male,E1,50-64,R1
134,0,0.6523128230135814,Female,E5,40-49,R3
145,0,0.1374765430714123,Female,E6,50-64,R3
233,0,0.4772060461433699,Female,E1,18-29,R3
195,0,0.4774474039241918,Female,E2,18-29,R1
187,0,0.186689598786952,Female,E3,30-39,R2
292,0,0.4307955304661262,Male,E6,18-29,R1
104,0,0.46519489665957253,Female,E3,30-39,R4
159,0,0.27505151135548644,Male,E3,18-29,R2
61,0,0.3603066405822203,Female,E1,40-49,R2
182,1,0.5717275190964132,Female,E3,40-49,R1
91,0,0.20715730271037283,Male,E1,18-29,R2
206,1,0.5059516605554099,Male,E6,30-39,R4
23,0,0.2071053466120399,Male,E6,30-39,R1
56,0,0.5795155087041669,Female,E1,50-64,R1
55,0,0.4571985576309496,Male,E1,40-49,R1
130,0,0.5667307797324365,Female,E6,18-29,R1
282,0,0.42424979649650496,Male,E1,18-29,R1
229,0,0.5125838240103922,Male,E1,30-39,R3
60,1,0.5786865432057993,Male,E4,18-29,R3
54,0,0.10565244176769646,Male,E5,50-64,R1
19,0,0.31123254325226124,Male,E5,30-39,R1
50,0,0.3584599595952858,Male,E4,18-29,R4
79,0,0.14838888833484876,Female,E6,18-29,R2
199,0,0.49042671108833824,Female,E1,40-49,R4
151,0,0.25929112741858606,Male,E3,18-29,R4
168,0,0.5093262291346181,Male,E5,18-29,R1
279,0,0.4225512139119272,Female,E6,18-29,R1
65,1,0.7062388694968076,Female,E5,40-49,R1
250,1,0.7876120149205881,Female,E1,18-29,R1
101,1,0.29144538955677923,Female,E6,30-39,R2
252,1,0.5526517464718024,Female,E1,30-39,R2
57,1,0.48884572551401184,Male,E1,40-49,R1
120,0,0.37060058481773345,Female,E1,30-39,R1
50,1,0.5014758822711933,Male,E2,50-64,R4
275,0,0.6449633675723516,Male,E1,40-49,R1
184,1,0.4909432545903054,Female,E1,40-49,R2
157,0,0.3172508932900839,Female,E5,40-49,R2
18,0,0.056237331803822836,Female,E2,30-39,R1
295,0,0.6072404718564612,Male,E1,18-29,R3
95,1,0.4314139603285403,Male,E6,18-29,R1
51,1,0.9365529392268254,Male,E5,30-39,R2
251,0,0.6318687525054598,Female,E1,40-49,R3
288,0,0.13862968358672043,Female,E3,40-49,R2
243,0,0.5758896741223264,Female,E4,18-29,R1
32,0,0.7568087437496795,Male,E5,40-49,R2
64,0,0.3998106645264516,Male,E6,30-39,R2
148,0,0.10670647388460229,Male,E2,18-29,R2
79,0,0.14386788048269936,Male,E2,18-29,R3
165,0,0.23658028876227474,Female,E6,18-29,R2
82,0,0.3912798252527365,Female,E1,18-29,R2
148,1,0.44684265558198444,Female,E5,30-39,R1
122,1,0.9855814602478287,Male,E5,50-64,R3
218,0,0.34096552667435165,Female,E3,30-39,R1
61,0,0.20797625541447173,Female,E6,40-49,R1
179,0,0.38172749873137707,Male,E3,18-29,R1
114,0,0.4145578861462894,Male,E2,18-29,R3
198,0,0.14230466230968628,Female,E4,30-39,R1
63,0,0.3624310228719651,Female,E1,18-29,R1
280,0,0.3075923183152657,Female,E3,18-29,R1
171,0,0.6124346970232252,Female,E1,50-64,R2
57,0,0.49279110104248386,Male,E1,30-39,R1
120,1,0.23113057191834543,Male,E6,18-29,R1
281,0,0.43135197553887866,Female,E1,18-29,R2
93,0,0.49184274555333785,Male,E2,50-64,R1
258,0,0.43038325936964755,Male,E5,40-49,R2
30,0,0.39432127598037886,Male,E6,50-64,R2
23,0,0.38524739277726944,Male,E6,18-29,R2
22,0,0.35668964964704675,Male,E5,50-64,R2
127,1,0.825900379442613,Female,E1,50-64,R1
226,0,0.22660271891102957,Male,E2,40-49,R1
287,0,0.14591040080880918,Male,E6,30-39,R4
75,0,0.2545969677325507,Male,E3,30-39,R1
262,1,0.2283991695674702,Male,E3,50-64,R1
37,0,0.01,Female,E3,18-29,R1
2,0,0.4326305121481595,Male,E6,30-39,R2
106,0,0.2625205049411122,Male,E3,40-49,R1
119,0,0.2260324135870512,Male,E6,50-64,R1
172,1,0.6383286184256004,Female,E1,18-29,R1
2,0,0.3802035628444548,Male,E3,18-29,R2
292,0,0.35822195306493976,Female,E1,18-29,R3
144,0,0.12764294935804193,Female,E4,18-29,R1
71,0,0.356757929330637,Male,E2,40-49,R1
146,0,0.051484315242350684,Male,E3,30-39,R1
294,0,0.21679380469326465,Male,E1,30-39,R1
95,0,0.19023602332899608,Male,E1,18-29,R1
119,0,0.6066412524076945,Male,E6,18-29,R2
113,0,0.21675927023501332,Male,E6,40-49,R1
29,0,0.397301156622933,Male,E1,40-49,R4
61,0,0.26186777991533094,Male,E1,40-49,R1
282,0,0.594283825015869,Female,E2,30-39,R1
167,1,0.832737319917027,Male,E5,40-49,R1
23,1,0.33345532100953035,Female,E6,50-64,R2
99,1,0.43734740438103936,Male,E4,18-29,R1
21,0,0.07004533323491148,Female,E6,18-29,R2
206,0,0.6525040435298318,Male,E5,50-64,R1
48,0,0.1826142275849186,Male,E3,40-49,R1
213,1,0.3443599191458387,Male,E6,30-39,R2
287,0,0.309161611112289,Female,E1,30-39,R3
7,1,0.6992021809151596,Female,E5,40-49,R1
24,0,0.22911836385937853,Male,E2,40-49,R1
221,0,0.22214321062805492,Male,E4,30-39,R2
55,0,0.4316530362778001,Male,E6,30-39,R4
183,0,0.36263145640883976,Female,E6,50-64,R1
111,0,0.4636102104466982,Female,E5,30-39,R1
87,0,0.19294777160274615,Male,E4,40-49,R2
274,0,0.4303866952662289,Male,E1,30-39,R1
87,0,0.01,Female,E2,40-49,R3
280,0,0.01569160746975816,Male,E2,18-29,R1
173,0,0.5482272505950802,Female,E2,30-39,R1
230,0,0.28280262008196033,Female,E1,40-49,R1
160,0,0.12125824954066204,Female,E6,50-64,R3
117,0,0.15034665099441005,Male,E1,18-29,R1
35,0,0.39824955282312735,Female,E4,30-39,R2
223,0,0.10471652655973515,Female,E3,18-29,R1
277,0,0.551200516343477,Female,E1,40-49,R3
273,0,0.6746781425479323,Male,E1,50-64,R3
255,0,0.4137216728307775,Male,E1,30-39,R3
197,0,0.117081314336301,Female,E6,30-39,R2
212,1,0.11727805865167668,Male,E2,40-49,R1
243,0,0.7672049711908036,Male,E3,40-49,R3
275,1,0.13763060687847545,Male,E3,30-39,R3
100,0,0.3027941281788924,Male,E4,30-39,R1
149,1,0.19769020541293586,Male,E2,40-49,R1
13,1,0.5560951615497971,Male,E1,40-49,R2
61,0,0.44893462291643166,Female,E2,30-39,R1
134,0,0.7045103994491757,Female,E1,18-29,R3
158,0,0.7065178888968113,Female,E1,40-49,R3
258,0,0.4748595524781656,Female,E4,40-49,R1
200,1,0.6782263334675315,Female,E5,30-39,R1
53,0,0.31193414782542,Female,E1,50-64,R1
238,1,0.2555988212565359,Female,E3,50-64,R1
38,0,0.4363694469554074,Male,E2,40-49,R3
165,0,0.2731886683323677,Male,E6,30-39,R1
134,0,0.11975385583071238,Male,E5,30-39,R4
90,1,0.44863140137389396,Male,E3,18-29,R2
90,0,0.6465084400484139,Male,E4,40-49,R2
21,0,0.1612312083228286,Female,E4,18-29,R1
1,0,0.17771983480565756,Female,E5,30-39,R1
251,0,0.6017890930401529,Male,E5,18-29,R3
239,0,0.2747132704439431,Female,E2,18-29,R1
258,0,0.2640609030871593,Male,E3,30-39,R1
216,0,0.2801067521152743,Male,E5,30-39,R1
277,0,0.08668454013398662,Male,E3,30-39,R2
290,0,0.4297144436702173,Female,E4,50-64,R1
204,0,0.5150751301899654,Male,E1,18-29,R3
6,1,0.45174426701267506,Male,E1,18-29,R1
155,0,0.16846633415140455,Male,E3,18-29,R3
36,0,0.01,Male,E6,18-29,R3
87,0,0.1353166283994119,Male,E5,18-29,R2
127,0,0.32558306559926653,Male,E2,30-39,R4
90,0,0.747370743618492,Male,E2,30-39,R2
219,0,0.2908241169117162,Male,E5,18-29,R1
203,0,0.6048904444557716,Female,E4,18-29,R2
80,0,0.272208925074936,Female,E1,30-39,R4
192,0,0.33830143810949315,Male,E1,40-49,R4
34,0,0.2986431772315431,Female,E1,40-49,R4
132,0,0.500744742913332,Female,E1,40-49,R2
36,0,0.1766519948106599,Male,E3,18-29,R1
245,0,0.2672383734958109,Male,E6,18-29,R1
114,0,0.3494762439192996,Female,E4,40-49,R2
236,0,0.627901407911522,Male,E1,18-29,R1
105,0,0.16267934820565508,Male,E1,18-29,R1
11,1,0.1796258214531491,Male,E5,30-39,R3
274,0,0.09635159657438275,Male,E6,30-39,R4
220,0,0.29399586608755907,Female,E5,30-39,R2
135,0,0.7957276037721476,Female,E5,30-39,R2
6,0,0.2223595033955788,Male,E1,18-29,R3
137,0,0.7292235005560361,Female,E6,30-39,R3
145,1,0.5233073166986623,Male,E3,18-29,R1
283,0,0.30021794390912065,Female,E4,18-29,R1
281,0,0.06951195335089565,Male,E2,18-29,R1
161,0,0.554154436503393,Female,E3,30-39,R1
242,0,0.07703925735164419,Female,E2,30-39,R3
18,0,0.02694687265170023,Female,E3,40-49,R2
227,1,0.3507596530342883,Male,E4,18-29,R4
9,1,0.5108767180091291,Male,E3,50-64,R3
112,0,0.29049149510691574,Male,E2,30-39,R2
130,0,0.12078342324493506,Male,E2,40-49,R3
110,1,0.5473589917480504,Female,E1,30-39,R3
70,0,0.3638441557875497,Female,E1,30-39,R1
49,0,0.34734343871826184,Female,E2,40-49,R3
193,0,0.34542623392064,Female,E4,50-64,R1
1,0,0.3603076767405634,Female,E6,18-29,R1
164,0,0.2952913484689051,Female,E5,30-39,R1
191,0,0.4320844484955408,Male,E2,40-49,R1
84,0,0.3974964587484239,Male,E2,30-39,R1
220,1,0.5267135222537569,Male,E5,50-64,R3
9,0,0.5431928548704242,Male,E4,30-39,R2
115,1,0.47334885808305754,Male,E5,40-49,R2
90,0,0.30954345317864634,Male,E6,30-39,R4
2,0,0.4831218944946999,Male,E2,40-49,R1
209,0,0.4099728591594394,Female,E2,40-49,R1
43,0,0.7127321191129609,Female,E5,50-64,R1
168,0,0.3499299286053268,Male,E4,50-64,R2
38,0,0.01,Male,E2,40-49,R1
38,1,0.22220650718278473,Female,E4,30-39,R1
154,0,0.20701330771975543,Female,E4,18-29,R1
20,0,0.3725818966571416,Female,E2,18-29,R1
171,0,0.2590866868898278,Male,E1,40-49,R2
190,0,0.3871110300336459,Female,E2,40-49,R3
172,0,0.28916034886475395,Male,E2,40-49,R1
296,0,0.44834682240366175,Male,E5,18-29,R2
129,0,0.2803366203188664,Female,E1,18-29,R1
270,0,0.4126035031866248,Male,E3,40-49,R3
121,0,0.5471064825542726,Female,E1,18-29,R1
232,0,0.4050421672484463,Male,E1,18-29,R2
26,0,0.4290462419663875,Male,E2,30-39,R1
10,0,0.34099533065280424,Male,E1,30-39,R3
6,0,0.4623757676520736,Female,E5,30-39,R1
219,0,0.42084503738966456,Female,E4,40-49,R1
119,0,0.27599708599821526,Female,E1,18-29,R2
81,1,0.5758908161019645,Male,E2,50-64,R4
63,0,0.4193182447242058,Male,E4,18-29,R1
271,0,0.5167579546020297,Male,E6,40-49,R4
212,0,0.4762370824476195,Male,E5,30-39,R1
99,0,0.20800101276699132,Male,E4,18-29,R1
236,0,0.5615094237096823,Female,E3,18-29,R2
112,1,0.30812813244442455,Female,E1,40-49,R2
185,0,0.18157961291170888,Male,E6,30-39,R3
209,0,0.13629023088140532,Male,E2,50-64,R1
120,0,0.4442927684807761,Male,E2,30-39,R1
19,0,0.2026739774256428,Male,E2,40-49,R3
289,1,0.7396354017038652,Male,E5,30-39,R1
124,0,0.3483961673586686,Male,E5,18-29,R2
34,1,0.32538681780364476,Female,E1,30-39,R1
48,1,0.5015820177103233,Female,E3,40-49,R1
15,0,0.6996339122065909,Female,E4,18-29,R1
192,0,0.3711832885653716,Male,E2,40-49,R3
214,0,0.1605882490679581,Female,E3,18-29,R3
78,1,0.04715230462244034,Male,E2,40-49,R4
118,0,0.26936059124359424,Female,E2,30-39,R2
117,1,0.5644619989498758,Male,E1,30-39,R2
20,0,0.2459970436427271,Female,E1,40-49,R4
258,0,0.5544637282222202,Male,E1,18-29,R1
9,0,0.5600115274279329,Male,E3,40-49,R3
160,0,0.16120622437949345,Female,E2,30-39,R4
73,0,0.044761260385445104,Male,E2,18-29,R2
245,0,0.2982318728438266,Male,E6,30-39,R2
124,0,0.5179134400835501,Female,E1,30-39,R4
229,0,0.5316651830106783,Male,E1,18-29,R3
94,0,0.2259609861328179,Female,E1,18-29,R1
74,0,0.1841760507837521,Female,E3,40-49,R1
220,0,0.2961553581929704,Male,E1,40-49,R2
223,0,0.5485243343331769,Female,E4,30-39,R2
27,1,0.143727494096978,Male,E1,30-39,R2
279,0,0.39155834385977883,Female,E2,50-64,R3
290,0,0.3407594561577982,Male,E1,18-29,R1
230,0,0.23123626006846623,Male,E2,50-64,R2
155,0,0.10332741338742353,Female,E2,40-49,R3
217,1,0.7692914414498548,Female,E3,18-29,R4
209,0,0.3271827879676568,Male,E2,30-39,R3
50,0,0.20791157490153894,Female,E2,30-39,R4
134,0,0.47013785992159585,Male,E3,50-64,R2
154,0,0.3609079379372302,Female,E1,40-49,R1
187,0,0.5912163796681945,Male,E2,30-39,R2
23,0,0.2842953873825051,Male,E3,40-49,R1
38,0,0.29622857186945684,Female,E6,18-29,R1
151,0,0.01,Male,E6,40-49,R3
101,1,0.5241588826852702,Male,E2,30-39,R3
27,0,0.7300229052636391,Female,E3,40-49,R1
64,0,0.5755237646834815,Male,E3,30-39,R2
254,1,0.7389565219427863,Male,E6,30-39,R1
255,0,0.24618019896067306,Male,E1,50-64,R1
139,0,0.30718698942705147,Female,E1,40-49,R1
191,0,0.3970110721972901,Male,E6,18-29,R1
122,0,0.478663432450252,Male,E4,40-49,R1
43,1,0.23504970373044035,Male,E1,18-29,R2
221,1,0.4635940785828645,Male,E2,50-64,R1
110,0,0.07541588085372172,Female,E2,50-64,R1
170,1,0.12542938506728113,Male,E3,30-39,R1
144,0,0.4363671336052457,Female,E1,40-49,R2
81,1,0.35733363745659436,Male,E6,18-29,R1
251,1,0.45743225596592124,Male,E6,18-29,R2
193,1,0.5247526456470086,Male,E1,30-39,R1
55,0,0.3875590233244556,Male,E1,30-39,R1
150,0,0.5091994958283657,Female,E6,18-29,R1
106,0,0.23277920139505504,Female,E3,18-29,R1
114,0,0.6319423215699197,Female,E3,30-39,R2
254,0,0.32985735833546564,Female,E1,18-29,R1
244,0,0.4863605106440006,Female,E5,40-49,R3
7,1,0.7599816325162116,Male,E1,30-39,R3
192,1,0.5769992503968295,Female,E6,18-29,R2
30,0,0.534958049112951,Female,E1,40-49,R3
143,0,0.13769211476762044,Male,E3,50-64,R1
222,1,0.14145250244151814,Male,E1,18-29,R3
296,1,0.7065197088278251,Female,E1,30-39,R4
133,1,0.2504022577227168,Male,E1,50-64,R1
184,0,0.5178149494526988,Female,E2,40-49,R1
146,0,0.4129274179087492,Male,E4,18-29,R1
186,0,0.5832118794526308,Male,E3,18-29,R3
153,1,0.18200106001348568,Female,E2,40-49,R2
136,0,0.5353349101482259,Female,E1,18-29,R2
29,0,0.18640807816637125,Male,E2,50-64,R1
113,0,0.5170466115668134,Male,E1,50-64,R2
174,0,0.43562786316355895,Female,E4,30-39,R1
130,0,0.2882094214290549,Male,E6,50-64,R1
155,0,0.18589293335518955,Male,E2,40-49,R2
82,0,0.2068395718355095,Male,E2,30-39,R1
265,0,0.420484944846757,Male,E5,18-29,R2
267,0,0.1541076341057092,Female,E1,50-64,R1
123,0,0.3392404883366724,Female,E1,30-39,R3
28,0,0.43451970954296876,Female,E6,40-49,R1
14,0,0.16799383588538722,Male,E4,40-49,R2
285,1,0.120276946195261,Female,E6,30-39,R1
235,1,0.2731916331939158,Male,E2,30-39,R1
209,0,0.4030154562711972,Male,E6,18-29,R1
211,0,0.1219191926184959,Male,E6,30-39,R2
57,0,0.41710827186993765,Male,E3,30-39,R1
198,0,0.2658874377916651,Male,E5,30-39,R2
36,0,0.6498403891175346,Male,E2,18-29,R1
179,0,0.7230816671666123,Female,E1,18-29,R2
97,0,0.033537679033871115,Male,E1,40-49,R3
30,0,0.14775231332881952,Female,E2,18-29,R1
121,0,0.1026250728697348,Male,E1,30-39,R3
10,1,0.39230418888496493,Female,E3,18-29,R1
281,0,0.40736911919218655,Male,E3,30-39,R2
233,1,0.6160847210281412,Female,E1,18-29,R4
161,0,0.2504733081915141,Male,E3,30-39,R1
77,0,0.3532510370571716,Male,E2,18-29,R3
157,0,0.40674728857128384,Male,E4,18-29,R2
189,0,0.6689737334522379,Male,E1,40-49,R2
286,1,0.3253465061805585,Female,E6,50-64,R3
126,0,0.5245758060166659,Male,E5,40-49,R2
205,1,0.7323080767273888,Male,E4,18-29,R1
118,0,0.6263157995727445,Male,E5,40-49,R1
229,0,0.6120177974891123,Male,E1,50-64,R1
259,1,0.5377156817595521,Male,E5,30-39,R3
74,0,0.6302101589946841,Male,E6,30-39,R1
165,1,0.8518440023889261,Female,E5,18-29,R1
166,0,0.19788124360533663,Male,E3,30-39,R2
79,0,0.48314783581544235,Female,E1,30-39,R2
42,0,0.3185582627277363,Male,E4,40-49,R4
299,0,0.01,Male,E2,30-39,R1
60,0,0.4119019809634729,Male,E2,30-39,R4
177,1,0.6260082467764247,Male,E1,18-29,R1
191,0,0.4779393121352818,Male,E4,40-49,R2
69,1,0.01,Male,E2,18-29,R2
56,0,0.08037559082204838,Male,E1,30-39,R1
180,1,0.697799587680776,Male,E5,18-29,R3
161,1,0.25791780460984215,Female,E1,50-64,R2
264,0,0.32914195999562246,Female,E3,18-29,R1
112,0,0.11733160606306406,Female,E1,18-29,R3
205,0,0.1654263191888123,Female,E3,30-39,R1
59,0,0.4342725989994159,Female,E6,30-39,R1
272,0,0.3018276889151115,Female,E2,18-29,R4
2,0,0.38058761207342057,Female,E2,40-49,R1
89,0,0.4122583508782498,Male,E1,30-39,R4
94,0,0.4399798937408211,Female,E3,30-39,R3
3,0,0.29357417519134826,Female,E2,40-49,R1
131,0,0.26403291210396734,Female,E5,18-29,R2
274,1,0.5261808556762586,Male,E4,30-39,R1
114,0,0.15103780236325426,Female,E3,30-39,R2
235,0,0.20853062326429436,Male,E6,30-39,R2
180,1,0.4100508884152371,Male,E1,50-64,R2
177,0,0.4383053421032584,Female,E3,50-64,R3
295,0,0.3516656745723467,Male,E3,18-29,R1
98,0,0.3517220966535402,Female,E2,18-29,R2
255,0,0.4480825234007109,Male,E5,30-39,R2
189,1,0.6405744800056912,Female,E6,18-29,R4
120,0,0.024089015405251372,Male,E3,18-29,R3
122,0,0.6402905658858974,Female,E4,18-29,R1
217,0,0.690303253709758,Male,E2,18-29,R2
153,1,0.823601101853629,Male,E6,50-64,R1
63,0,0.5096354551159566,Male,E1,18-29,R4
37,0,0.26734565939427474,Male,E3,18-29,R1
263,0,0.5166316300820976,Male,E4,40-49,R3
202,0,0.10187041917460773,Female,E1,30-39,R1
51,1,0.2271430417974172,Male,E2,50-64,R3
0,0,0.26101925603998344,Male,E1,40-49,R4
94,1,0.20300223220519487,Male,E2,50-64,R1
89,0,0.06571672221369312,Male,E3,30-39,R1
242,0,0.36178394338821956,Female,E3,40-49,R3
91,0,0.3727270132909832,Male,E4,50-64,R3
292,1,0.8711592569217383,Female,E2,30-39,R3
75,1,0.5121072052842497,Female,E1,18-29,R1
0,0,0.3103532433698749,Male,E5,30-39,R1
199,0,0.08342342611852265,Male,E2,30-39,R1
284,0,0.28681758837836663,Female,E5,40-49,R4
190,0,0.20306713565297968,Female,E1,30-39,R1
21,1,0.7064546919771503,Male,E1,50-64,R3
161,0,0.2905142890846756,Male,E4,40-49,R1
225,0,0.3481757929293725,Male,E3,50-64,R2
118,0,0.5232702344310916,Male,E2,18-29,R1
110,0,0.01,Female,E4,18-29,R4
11,0,0.12529348339893784,Female,E4,30-39,R2
69,0,0.6270315223045151,Male,E5,18-29,R1
283,0,0.06714526486776472,Female,E3,50-64,R1
170,0,0.07322122877597577,Female,E2,30-39,R3
36,0,0.3653632419779777,Female,E1,50-64,R3
217,0,0.3901099609995654,Female,E2,50-64,R1
12,1,0.8034279106446198,Female,E4,30-39,R1
107,0,0.45158298955399656,Female,E1,40-49,R1
221,0,0.20339559870339646,Male,E5,30-39,R3
72,0,0.7036321242588419,Female,E4,18-29,R3
52,0,0.24812243510545604,Female,E3,18-29,R1
40,1,0.43038443995315284,Female,E1,40-49,R1
288,0,0.26172160004986605,Male,E3,18-29,R2
230,1,0.7927104643393099,Female,E1,30-39,R2
142,0,0.18802871342887956,Male,E2,30-39,R1
243,0,0.23700634343803748,Male,E4,40-49,R4
86,0,0.3133422236420248,Male,E2,30-39,R3
133,1,0.7368842996093273,Female,E5,30-39,R1
227,0,0.6525898695470224,Male,E6,18-29,R1
150,1,0.20329499073792898,Male,E6,30-39,R3
142,0,0.44447381794916474,Female,E2,18-29,R2
178,1,0.27646845311777213,Female,E1,18-29,R3
164,0,0.4979285255131956,Female,E4,18-29,R4
24,0,0.2303559879560327,Male,E4,30-39,R1
85,1,0.71715067463966,Male,E6,18-29,R1
87,0,0.3325497640465629,Male,E5,40-49,R3
156,0,0.3770811151911032,Male,E1,50-64,R2
180,0,0.13172277509056696,Male,E1,18-29,R4
288,0,0.32455177463799995,Male,E1,40-49,R1
105,0,0.22223663660384427,Male,E2,30-39,R1
291,0,0.6369706358099295,Female,E1,18-29,R1
34,0,0.24560692395999656,Female,E3,30-39,R1
242,1,0.3738628654378276,Male,E1,18-29,R3
4,0,0.2396317728803863,Male,E6,30-39,R1
112,0,0.08119963311970516,Female,E3,40-49,R1
147,0,0.32970935972888793,Female,E4,50-64,R4
14,0,0.45660099944179267,Male,E5,30-39,R1
136,0,0.6686118559443469,Female,E6,40-49,R1
200,0,0.046816704431127065,Female,E2,30-39,R1
74,0,0.4254680111832259,Female,E1,30-39,R3
8,1,0.745743959062178,Female,E4,50-64,R1
12,1,0.5426689266998812,Female,E1,18-29,R2
196,0,0.15685503100753775,Female,E4,18-29,R2
210,0,0.2593935805262368,Male,E1,18-29,R1
68,0,0.2716551357121258,Male,E2,18-29,R3
217,1,0.40137391727681737,Male,E3,30-39,R2
81,0,0.6023888704790442,Male,E4,40-49,R2
11,1,0.5196562426531287,Male,E5,40-49,R4
147,0,0.5852186208166472,Female,E1,18-29,R3
69,0,0.37392747368020324,Female,E1,30-39,R1
12,0,0.3250687312566354,Male,E6,18-29,R1
44,0,0.1303134997321499,Female,E5,40-49,R3
275,0,0.5150977249704215,Male,E1,30-39,R1
124,0,0.25296154773025586,Male,E6,40-49,R1
257,0,0.28992564681630806,Female,E2,30-39,R3
179,0,0.46756217500861996,Female,E1,30-39,R1
176,0,0.10609623146156912,Male,E1,50-64,R2
190,0,0.7445740819905922,Female,E1,18-29,R3
194,0,0.31711875495348,Male,E6,30-39,R3
228,0,0.38943043789431825,Female,E3,18-29,R1
63,1,0.6794060470846246,Female,E5,30-39,R3
163,1,0.7521898869933716,Male,E3,18-29,R1
20,0,0.5178833465330331,Female,E5,18-29,R2
199,0,0.18141832853050455,Female,E3,18-29,R3
111,1,0.3257528969545349,Female,E5,30-39,R1
151,0,0.49850980138924506,Male,E1,18-29,R1
14,0,0.3635356545575694,Male,E5,30-39,R1
245,1,0.6897620151834838,Female,E1,18-29,R1
151,0,0.36689916082978136,Male,E5,30-39,R1
159,0,0.15983000636307823,Female,E1,50-64,R1
219,0,0.4358548472637645,Female,E2,40-49,R3
176,0,0.3631041076209551,Female,E2,50-64,R4
206,0,0.2885700928625151,Female,E2,40-49,R3
100,0,0.5236911309252362,Male,E1,18-29,R2
249,0,0.23785702479885304,Male,E1,50-64,R1
274,1,0.4942598078331194,Male,E2,30-39,R1
254,0,0.315969145420141,Male,E3,40-49,R2
282,0,0.7170290793357278,Male,E4,40-49,R3
170,0,0.2865613834428271,Male,E4,18-29,R1
199,1,0.9000053176414514,Male,E4,30-39,R4
154,0,0.01,Male,E2,50-64,R1
198,0,0.3209885785885072,Female,E2,30-39,R2
14,0,0.053184224036513045,Male,E1,30-39,R1
122,0,0.2728983192326054,Male,E2,18-29,R1
220,0,0.27809084820251967,Female,E6,30-39,R1
69,0,0.2303560515875816,Female,E1,40-49,R3
180,0,0.6003227830611774,Male,E1,30-39,R2
98,0,0.15830891191188007,Male,E4,18-29,R4
22,0,0.24491842349191698,Male,E1,30-39,R1
144,1,0.2743724562796676,Male,E1,30-39,R2
52,0,0.04412991688716766,Male,E2,18-29,R4
281,0,0.25238704135917395,Female,E2,30-39,R3
168,0,0.15743426361143284,Female,E3,40-49,R2
60,0,0.14033574802249202,Female,E4,50-64,R2
18,1,0.4478515342333964,Male,E1,30-39,R4
86,0,0.25312003006654465,Male,E2,18-29,R1
97,0,0.19150752335318916,Female,E1,30-39,R2
281,1,0.5054130639907004,Female,E1,30-39,R1
85,0,0.39158515302482627,Female,E2,18-29,R2
137,0,0.4045724568531451,Female,E5,40-49,R2
79,0,0.32186127601068715,Female,E4,40-49,R1
233,0,0.17424321421544398,Female,E4,18-29,R1
138,0,0.8308321186025395,Male,E1,30-39,R1
215,0,0.2895262711987439,Male,E3,30-39,R1
30,0,0.45634038316320735,Male,E2,18-29,R1
108,0,0.17222259582883984,Female,E3,40-49,R1
151,1,0.361680282101413,Female,E4,18-29,R1
33,0,0.16034173168052634,Female,E1,18-29,R2
85,0,0.13569753502661777,Male,E4,30-39,R4
21,0,0.7546694357051462,Male,E1,30-39,R2
52,0,0.3806916746966713,Female,E1,40-49,R2
242,0,0.01,Male,E2,40-49,R1
190,0,0.12723061327670773,Male,E4,40-49,R3
276,0,0.360641381425394,Male,E5,50-64,R3
217,0,0.6186012314295609,Male,E1,30-39,R1
83,1,0.729584270960246,Male,E4,18-29,R1
28,0,0.8985443477056604,Male,E5,18-29,R4
212,0,0.2808869953649395,Female,E3,18-29,R1
194,0,0.27026825534052684,Female,E3,18-29,R1
152,0,0.4630895566260078,Female,E4,18-29,R4
213,0,0.06887339107034815,Female,E3,40-49,R3
203,0,0.3167378935419791,Female,E3,50-64,R2
257,0,0.13636942294677223,Male,E3,18-29,R1
121,0,0.6602453187835159,Male,E4,50-64,R1
96,0,0.2756472367185513,Female,E4,18-29,R1
226,0,0.3257180826671263,Female,E1,50-64,R3
73,0,0.21924023524572367,Male,E2,18-29,R3
297,0,0.05054822297507108,Male,E2,40-49,R4
103,1,0.5192646580797209,Male,E6,18-29,R4
150,0,0.3456639154360993,Female,E3,30-39,R1
205,0,0.4975881480910757,Female,E1,18-29,R3
241,0,0.2240781964301845,Female,E1,40-49,R1
2,0,0.37783531489611427,Male,E6,18-29,R1
73,0,0.2825672760325285,Male,E5,18-29,R4
216,0,0.4346134877700937,Male,E3,50-64,R4
162,0,0.6178911570128234,Male,E1,50-64,R2
24,1,0.7353738955901189,Female,E1,50-64,R1
277,0,0.587354210078766,Female,E5,40-49,R3
146,0,0.01496845659710112,Male,E3,40-49,R3
81,0,0.5590260984687265,Female,E6,18-29,R1
97,0,0.33802675728456144,Female,E1,40-49,R1
30,0,0.4143133768171596,Male,E6,18-29,R2
176,0,0.26625643087800677,Female,E4,30-39,R1
89,0,0.366476441383922,Female,E2,30-39,R1
23,0,0.6099130084650007,Male,E5,18-29,R3
101,0,0.644121861832929,Male,E1,40-49,R3
32,0,0.11424768136566679,Male,E6,30-39,R3
230,0,0.6413943504862839,Male,E1,40-49,R2
105,0,0.11282974634866084,Male,E3,30-39,R1
55,0,0.45139777038660134,Female,E4,30-39,R3
8,0,0.24534859556884894,Female,E1,18-29,R4
80,0,0.5465698570082411,Male,E5,18-29,R1
67,0,0.5159438395103407,Female,E2,30-39,R1
235,0,0.23962919090104,Female,E3,30-39,R1
212,1,0.3912322578300946,Female,E1,40-49,R1
120,0,0.4656316019379822,Female,E4,30-39,R2
296,0,0.2963878472967208,Female,E2,40-49,R2
298,0,0.7690711617524648,Male,E3,40-49,R3
143,0,0.3124567888712654,Female,E6,30-39,R1
9,0,0.3965362851359775,Male,E5,50-64,R1
166,0,0.75124561040662,Male,E4,30-39,R2
39,0,0.20319900794647855,Female,E3,18-29,R1
33,0,0.29082307204793534,Male,E2,30-39,R2
63,0,0.2515886402883254,Female,E1,18-29,R2
139,1,0.5056284012134655,Female,E5,40-49,R3
245,0,0.5269486072797207,Female,E6,18-29,R3
211,0,0.5560893542831702,Male,E4,18-29,R2
166,1,0.4443170893508924,Male,E4,40-49,R1
142,0,0.328124349773515,Male,E3,18-29,R4
258,0,0.8412744508263685,Male,E6,30-39,R1
255,0,0.3899412715146403,Female,E2,30-39,R4
99,0,0.19369074750049786,Female,E5,18-29,R1
242,0,0.26437346645987897,Female,E4,18-29,R1
247,0,0.24759175428702226,Female,E5,40-49,R1
109,0,0.4257084853080808,Female,E6,18-29,R1
13,0,0.26963790133803817,Male,E1,30-39,R1
291,0,0.18268226722569358,Male,E2,40-49,R4
157,0,0.15612783412630676,Female,E5,18-29,R2
166,0,0.17252344763748273,Male,E1,18-29,R2
274,0,0.11997163846088771,Male,E3,30-39,R1
290,1,0.6783732752219604,Male,E1,18-29,R1
80,0,0.2906423437867148,Female,E6,30-39,R1
165,0,0.07245735240726316,Female,E3,30-39,R1
42,0,0.2917375737741103,Male,E4,30-39,R1
25,1,0.5428040692803184,Female,E1,30-39,R4
95,0,0.5039919696552089,Female,E1,18-29,R2
171,0,0.06791426505711676,Male,E6,18-29,R2
292,0,0.19180378750587454,Female,E2,30-39,R2
224,0,0.03578178915242743,Male,E3,30-39,R1
289,0,0.19728923572061022,Male,E1,50-64,R1
140,0,0.38421671909531424,Female,E4,30-39,R2
199,0,0.2123400223113549,Male,E1,30-39,R2
41,0,0.3558882596904565,Male,E5,30-39,R1
292,0,0.3870822422763901,Male,E1,30-39,R2
76,0,0.10578449891850523,Female,E1,40-49,R3
85,0,0.5308469604078963,Female,E4,18-29,R1
209,0,0.4493073593495077,Male,E4,40-49,R4
211,0,0.4618846782572913,Male,E1,40-49,R1
196,1,0.624107066948225,Female,E2,30-39,R1
164,0,0.5782184237892545,Female,E1,18-29,R1
28,1,0.4802539285796975,Female,E2,18-29,R1
66,0,0.552618656093843,Male,E2,18-29,R1
248,0,0.03576277047165036,Female,E1,18-29,R4
43,0,0.337093615787154,Female,E6,18-29,R2
50,0,0.6066391467436419,Male,E2,30-39,R4
191,0,0.47878984470243996,Male,E2,18-29,R2
202,0,0.38032456224215067,Male,E2,30-39,R2
138,1,0.5100348861954781,Male,E6,30-39,R1
227,1,0.5051609380797214,Female,E6,18-29,R2
131,0,0.7463671670168303,Male,E4,18-29,R1
104,0,0.4658082083186833,Female,E1,30-39,R1
107,0,0.47368236712790757,Female,E4,18-29,R2
204,1,0.5026102485034198,Female,E2,18-29,R2
63,0,0.6562239377597363,Female,E1,30-39,R3
282,0,0.5211368578579614,Male,E6,18-29,R2
282,0,0.013324060130260327,Female,E3,30-39,R1
262,1,0.45007748916283163,Male,E1,18-29,R1
179,0,0.24584444851467768,Male,E1,18-29,R1
109,1,0.6366222877714771,Male,E4,18-29,R1
37,0,0.4938247873494808,Female,E4,18-29,R1
258,0,0.7948696704158377,Female,E5,30-39,R1
145,0,0.4895393076368756,Female,E1,18-29,R2
151,0,0.4655140851509721,Male,E2,40-49,R4
92,0,0.5706063609175259,Male,E4,18-29,R1
161,0,0.056851136302417074,Male,E5,30-39,R4
116,0,0.7287851758043323,Female,E1,30-39,R4
55,0,0.5453292335164055,Male,E5,18-29,R2
240,0,0.2242505196918134,Male,E3,30-39,R1
230,1,0.5355535678268658,Male,E1,18-29,R2
291,0,0.2593378319707414,Male,E5,50-64,R3
54,0,0.4130425627685181,Male,E2,40-49,R4
154,0,0.5889135080405384,Male,E3,40-49,R1
66,0,0.3288929527311161,Male,E1,50-64,R2
51,1,0.409723026119625,Male,E1,18-29,R3
291,0,0.31080308583160565,Male,E2,40-49,R2
227,0,0.17050964454561865,Male,E3,40-49,R1
6,0,0.5128218027438947,Male,E1,18-29,R1
6,0,0.5499070761771855,Female,E5,18-29,R2
188,1,0.55435421183618,Female,E4,30-39,R3
190,0,0.24108824096554793,Female,E1,30-39,R2
209,0,0.34676928028313236,Male,E4,30-39,R1
132,1,0.748877416029982,Female,E6,30-39,R1
2,0,0.4742517602445764,Male,E1,40-49,R1
99,0,0.21613096545544186,Male,E2,40-49,R1
64,1,0.690584744182149,Male,E1,18-29,R2
14,0,0.5617284299194425,Female,E5,40-49,R1
73,0,0.5581873038554619,Female,E1,18-29,R1
83,0,0.08464115510587339,Female,E2,30-39,R3
222,0,0.5459838565087873,Female,E5,40-49,R1
23,0,0.37247941477446733,Male,E5,18-29,R4
286,0,0.1704294230717621,Female,E3,50-64,R1
234,0,0.18006861644159788,Female,E2,30-39,R1
228,1,0.17590811874294457,Male,E2,40-49,R2
95,1,0.03952360569123565,Male,E2,40-49,R1
142,0,0.258965312791736,Female,E4,18-29,R1
267,0,0.01,Male,E3,18-29,R3
121,0,0.63130194603478,Female,E1,18-29,R2
223,0,0.3254604680755419,Female,E4,40-49,R2
286,1,0.5644273629196727,Female,E1,30-39,R1
232,1,0.43972484090845587,Female,E5,30-39,R3
