draw,S,mae_or_nonnull,beta_NH-Black,se_NH-Black,OR_NH-Black,covered_NH-Black,flag_NH-Black,p_NH-Black,beta_NH-Asian,se_NH-Asian,OR_NH-Asian,covered_NH-Asian,flag_NH-Asian,p_NH-Asian,beta_NH-AmInd-AKNat,se_NH-AmInd-AKNat,OR_NH-AmInd-AKNat,covered_NH-AmInd-AKNat,flag_NH-AmInd-AKNat,p_NH-AmInd-AKNat,beta_Hispanic,se_Hispanic,OR_Hispanic,covered_Hispanic,flag_Hispanic,p_Hispanic,beta_NH-Other-Multi,se_NH-Other-Multi,OR_NH-Other-Multi,covered_NH-Other-Multi,flag_NH-Other-Multi,p_NH-Other-Multi
0,3,0.004031896103536529,-0.49591432803665547,0.013736450122693946,0.6090138142471463,True,True,2.104333696528131e-285,-0.19179524171601633,0.007536768245466581,0.8254758742119048,True,True,7.439666192045117e-143,-0.03866060489026543,0.04059736054598178,0.9620771780316725,True,False,0.34094812435231636,-0.30387811237623474,0.006738671494371193,0.7379508080395442,True,True,0.0,0.020905318315945977,0.015703642095782816,1.0211253651911765,True,False,0.18311001565741347
1,3,0.004368704334436997,-0.5062416842367176,0.013736450122693946,0.6027566771110983,True,True,2.5332764582366146e-297,-0.20265548690089819,0.007536768245466581,0.8165595084195928,True,True,2.96059977171029e-159,-0.0076918909298623415,0.04059736054598178,0.9923376159601139,True,False,0.8497262218896335,-0.30971320550726883,0.006738671494371193,0.7336573349383311,True,True,0.0,-0.020041217622513888,0.015703642095782816,0.980158272680465,True,False,0.20187966205236574
2,3,0.006632920399320175,-0.484477860675978,0.013736450122693946,0.6160187604256167,True,True,1.7235325749992938e-272,-0.19097914577003905,0.007536768245466581,0.8261498166898087,True,True,1.1683552994266462e-141,-0.07264115469441282,0.04059736054598178,0.929934472779205,True,False,0.07356533466279883,-0.29596989839184357,0.006738671494371193,0.7438098175548683,True,True,0.0,0.011825723301561071,0.015703642095782816,1.0118959236176157,True,False,0.45141620973987695
3,3,0.007289931301731796,-0.4769100164509891,0.013736450122693946,0.620698379423649,True,True,4.131901008210164e-264,-0.2073251245148042,0.007536768245466581,0.8127553603341933,True,True,1.3895395763050513e-166,-0.04482694269872332,0.04059736054598178,0.9561629384936619,True,False,0.26951347044393414,-0.2976719358817774,0.006738671494371193,0.7425449021321091,True,True,0.0,0.007497609555405516,0.015703642095782816,1.007525787007084,True,False,0.6330459951190639
4,3,0.00536884523650305,-0.5101768446944279,0.013736450122693946,0.6003893937445353,True,True,6.270926560376084e-302,-0.20051667952222826,0.007536768245466581,0.8183078409280801,True,True,5.921375758585582e-156,0.02813363036852174,0.04059736054598178,1.0285331184981992,True,False,0.4883148148642993,-0.31296451273302495,0.006738671494371193,0.7312758630902086,True,True,0.0,-0.016809293012345558,0.015703642095782816,0.983331194884627,True,False,0.28443601837763466
5,3,0.0038387832981967205,-0.5143804987385135,0.013736450122693946,0.5978708616689531,True,True,6.87619553947273e-307,-0.20262751848900024,0.007536768245466581,0.816582346611636,True,True,3.2716860570645817e-159,0.015366672780584885,0.04059736054598178,1.0154853471945027,True,False,0.705048732440523,-0.2990445602935176,0.006738671494371193,0.7415263660662819,True,True,0.0,0.021915443665431064,0.015703642095782816,1.0221573509372903,True,False,0.1628457128013613
6,3,0.0035840464834548205,-0.5119496850425104,0.013736450122693946,0.5993259421462274,True,True,5.13421875780197e-304,-0.20390293876857876,0.007536768245466581,0.8155415248105298,True,True,3.38791044596044e-161,0.002197340492923454,0.04059736054598178,1.0021997564147547,True,False,0.9568354103844089,-0.2995166060456269,0.006738671494371193,0.7411764142982242,True,True,0.0,-0.017484677529558495,0.015703642095782816,0.9826672924402616,True,False,0.2655300480142835
7,3,0.003222607658646829,-0.5021802196213164,0.013736450122693946,0.6052097301489121,True,True,1.3198713431651896e-292,-0.20478600060123311,0.007536768245466581,0.8148216691023538,True,True,1.40738584427528e-162,0.02752011567200762,0.04059736054598178,1.0279022918446474,True,False,0.4978481425867819,-0.3060084306761952,0.006738671494371193,0.7363804112451268,True,True,0.0,0.0244236839136865,0.015703642095782816,1.024724385168425,True,False,0.11987752726934499
8,3,0.008101265123983237,-0.47968226433830385,0.013736450122693946,0.6189800325948241,True,True,3.6456882981759134e-267,-0.19431701509264504,0.007536768245466581,0.8233968336655945,True,True,1.3920790793202653e-146,0.014968192860751448,0.04059736054598178,1.0150807772866062,True,False,0.7123523397999927,-0.29034352753830694,0.006738671494371193,0.7480065625838642,True,True,0.0,-0.005271355086405544,0.015703642095782816,0.99474251412527,True,False,0.7371142779937108
9,3,0.006676212661071952,-0.4809085274008626,0.013736450122693946,0.6182214654408885,True,True,1.6035616157231728e-268,-0.2064439217252411,0.007536768245466581,0.8134718782773915,True,True,3.455983856480276e-165,0.029715458316807872,0.04059736054598178,1.0301613683968611,True,False,0.4641957747272949,-0.2958524551297315,0.006738671494371193,0.7438971781360884,True,True,0.0,0.001419142910830171,0.015703642095782816,1.001420150370651,True,False,0.9279929540511775
10,3,0.00443817810837784,-0.4820190499738977,0.013736450122693946,0.6175352976213264,True,True,9.407168769727413e-270,-0.19869443089163366,0.007536768245466581,0.8198003607286936,True,True,3.60855248552769e-153,-0.05450199686246254,0.04059736054598178,0.946956617913813,True,False,0.17943360849337064,-0.29832718522078805,0.006738671494371193,0.7420585094474467,True,True,0.0,0.010249374934584447,0.015703642095782816,1.0103020796875506,True,False,0.5139658093312811
11,3,0.004132179391058625,-0.4981060804430858,0.013736450122693946,0.6076804684698869,True,True,6.5160502692492175e-288,-0.19531800354035578,0.007536768245466581,0.8225730353223116,True,True,4.471587737696657e-148,0.035573794942132926,0.04059736054598178,1.0362141126671636,True,False,0.38088935050219885,-0.310045243169303,0.006738671494371193,0.7334137735101253,True,True,0.0,0.02485513576368639,0.015703642095782816,1.0251665997904444,True,False,0.11347560776092414
12,3,0.005850432055240902,-0.48427476756452903,0.013736450122693946,0.6161438822976475,True,True,2.90416015964143e-272,-0.19188451014628244,0.007536768245466581,0.8254021885653413,True,True,5.500706601550795e-143,0.05525785203603818,0.04059736054598178,1.0568130809506278,True,False,0.17347598309623746,-0.3017112459328057,0.006738671494371193,0.7395515825883687,True,True,0.0,-0.00741915720080952,0.015703642095782816,0.9926082968088149,True,False,0.6366069180996342
13,3,0.003607101336745392,-0.4907370400538262,0.013736450122693946,0.6121750303509159,True,True,1.607794400485917e-279,-0.19373800510928044,0.007536768245466581,0.8238737267021489,True,True,1.0090137124744621e-145,-0.005420024146997511,0.04059736054598178,0.9945946376827624,True,False,0.8937925779861507,-0.3000458419153774,0.006738671494371193,0.7407842609339312,True,True,0.0,-0.005491447933783,0.015703642095782816,0.9945236025042534,True,False,0.7265693839312413
14,3,0.004343695853836945,-0.5087626889106805,0.013736450122693946,0.6012390385016274,True,True,2.86278730386421e-300,-0.19468594500628264,0.007536768245466581,0.8230931139719458,True,True,3.9283579581127105e-147,-0.058752776893692564,0.04059736054598178,0.9429398568640541,True,False,0.14783900812921327,-0.3045690377183167,0.006738671494371193,0.7374411152251771,True,True,0.0,-0.028137439605298957,0.015703642095782816,0.9722547313115313,True,False,0.07316854263064246
15,3,0.011840751713995642,-0.5371909096792533,0.013736450122693946,0.5843875462334516,False,True,0.0,-0.20215582983849112,0.007536768245466581,0.8169676100918012,True,True,1.7606733794710677e-158,0.00681183702410961,0.04059736054598178,1.0068350903552465,True,False,0.8667483755102737,-0.31580418900030044,0.006738671494371193,0.7292022220050934,False,True,0.0,-0.016428625175771337,0.015703642095782816,0.9837055886985402,True,False,0.29548414067809825
16,3,0.009325440162103052,-0.5098195737588727,0.013736450122693946,0.6006039337471075,True,True,1.6481989355004774e-301,-0.2190421188033634,0.007536768245466581,0.8032878839166758,False,True,1.0500832138273639e-185,0.029523041902814916,0.04059736054598178,1.0299631675096836,True,False,0.46709377060255564,-0.308958151106204,0.006738671494371193,0.7342114953222406,True,True,0.0,0.015608743456056109,0.015703642095782816,1.015731196173643,True,False,0.3202438496879513
17,3,0.005559390715338915,-0.49337756024139,0.013736450122693946,0.6105607020960961,True,True,1.6346570472659988e-282,-0.19426059454067982,0.007536768245466581,0.8234432914800117,True,True,1.6888857659454202e-146,-0.0034337206812639887,0.04059736054598178,0.9965721677958711,True,False,0.932595379547682,-0.28934503835710157,0.006738671494371193,0.748753812042242,True,True,0.0,-0.017675899955240968,0.015703642095782816,0.9824794023819312,True,False,0.26033809294418
18,3,0.007828396882596142,-0.4714490866403037,0.013736450122693946,0.6240972417348811,False,True,3.811727042098996e-258,-0.19619319505652966,0.007536768245466581,0.8218534413175799,True,True,2.1809539682994397e-149,-0.004415975738322359,0.04059736054598178,0.9955937603458288,True,False,0.9133809953528151,-0.30378123763524767,0.006738671494371193,0.7380223002957752,True,True,0.0,0.01774929440117008,0.015703642095782816,1.017907749225868,True,False,0.258364111971467
19,3,0.0018903731161153587,-0.5013765855238318,0.013736450122693946,0.6056962928071743,True,True,1.1203385035561226e-291,-0.19879364717604073,0.007536768245466581,0.8197190272178176,True,True,2.5489136720092977e-153,0.024261139223955206,0.04059736054598178,1.024557835197451,True,False,0.5501042904130053,-0.30520844275272635,0.006738671494371193,0.7369697423786667,True,True,0.0,-0.018251598048630534,0.015703642095782816,0.9819139536426832,True,False,0.24513289511213676
20,3,0.0031026699722130533,-0.4998055101224246,0.013736450122693946,0.6066486352585395,True,True,7.258780657878638e-290,-0.1973312740904587,0.007536768245466581,0.8209186391873048,True,True,4.2077086195115024e-151,-0.011700937112928047,0.04059736054598178,0.9883672526312988,True,False,0.773178984027497,-0.29059247831967544,0.006738671494371193,0.747820368943128,True,True,0.0,0.016232521025735778,0.015703642095782816,1.0163649841614548,True,False,0.30128637370098443
21,3,0.009676911322230475,-0.46606759262309866,0.013736450122693946,0.6274648706174322,False,True,2.4673711178652253e-252,-0.1969976282453739,0.007536768245466581,0.8211925809776511,True,True,1.341938197555418e-150,-0.043447830791883926,0.04059736054598178,0.9574825038920478,True,False,0.2845233579765011,-0.29242273720851264,0.006738671494371193,0.7464529158439412,True,True,0.0,-0.015940960019413364,0.015703642095782816,0.9841854246283855,True,False,0.3100523059536343
22,3,0.008991229686217683,-0.5244881558368428,0.013736450122693946,0.5918582260296257,True,True,0.0,-0.1929848878463917,0.007536768245466581,0.8244944339314956,True,True,1.3151380407963462e-144,0.04507134561997024,0.04059736054598178,1.0461024920771957,True,False,0.2669111979302624,-0.2912139084432545,0.006738671494371193,0.7473557952038494,True,True,0.0,-0.010969847473273656,0.015703642095782816,0.9890901018914773,True,False,0.48483058182824346
23,3,0.007452938117398926,-0.47303359931432926,0.013736450122693946,0.6231091347862545,False,True,7.201480078891689e-260,-0.20232867950818514,0.007536768245466581,0.816826409713817,True,True,9.506836894504325e-159,-0.057466522806210944,0.04059736054598178,0.9441534974669623,True,False,0.15691502774659558,-0.2947815923811926,0.006738671494371193,0.7446942165961288,True,True,0.0,-0.00402649166178447,0.015703642095782816,0.9959816037867033,True,False,0.797638161352534
24,3,0.006625570884583709,-0.5129162363476195,0.013736450122693946,0.5987469427360541,True,True,3.712584285123006e-305,-0.20389934134196105,0.007536768245466581,0.8155444586665961,True,True,3.4320040401245696e-161,-0.036004508153636705,0.04059736054598178,0.9646359447462782,True,False,0.37514986308431186,-0.31209564744165813,0.006738671494371193,0.7319115194159318,True,True,0.0,0.001466323036989933,0.015703642095782816,1.0014673986142646,True,False,0.9256058806971148
25,4,0.007550366303225882,-0.4979922757451657,0.013736450122693946,0.607749629297372,True,True,8.80117399786679e-288,-0.21108839992174894,0.007536768245466581,0.8097024860810449,True,True,1.3051003486088967e-172,-0.08877060516067642,0.04059736054598178,0.915055458500147,False,True,0.028770987601469625,-0.31688521914049045,0.006738671494371193,0.7284143583537157,False,True,0.0,0.0029536960064037382,0.015703642095782816,1.0029580624644576,True,False,0.850806201641684
26,3,0.0046253783063912035,-0.5147801484143355,0.013736450122693946,0.59763197051247,True,True,2.310346706819844e-307,-0.20099952161724194,0.007536768245466581,0.8179128228291579,True,True,1.0721481003219361e-156,-0.03336428588617937,0.04059736054598178,0.9671861631378632,True,False,0.4111714547659141,-0.30563058060200937,0.006738671494371193,0.7366587052115317,True,True,0.0,-0.02761244187003378,0.015703642095782816,0.9727652968547207,True,False,0.07868859453381025
27,4,0.004443594261705004,-0.491508291400146,0.013736450122693946,0.6117030715573963,True,True,2.1564573273653995e-280,-0.20594283252716258,0.007536768245466581,0.8138796023930807,True,True,2.1359045952154415e-164,0.10614467746447882,0.04059736054598178,1.111982743713225,False,True,0.008933961637614006,-0.29554565495082963,0.006738671494371193,0.7441254409371688,True,True,0.0,0.01326974100843679,0.015703642095782816,1.0133581747530116,True,False,0.39810502817654625
28,3,0.004512047458049007,-0.4906609706937168,0.013736450122693946,0.6122215998849845,True,True,1.959796588109606e-279,-0.19147176992587683,0.007536768245466581,0.825742935561731,True,True,2.2193337584939402e-142,-0.04944591714430773,0.04059736054598178,0.9517566304610638,True,False,0.2232395864588278,-0.30112509168164003,0.006738671494371193,0.739985200963671,True,True,0.0,0.0021722349279803435,0.015703642095782816,1.0021745959395192,True,False,0.8899821272208346
29,3,0.005816777279027667,-0.5239076004920112,0.013736450122693946,0.5922019322467167,True,True,0.0,-0.20071858914908808,0.007536768245466581,0.8181426333763206,True,True,2.8992624367853244e-156,-0.0006208383311578708,0.04059736054598178,0.9993793543490823,True,False,0.9877987631319044,-0.2965859877823766,0.006738671494371193,0.743351705351223,True,True,0.0,0.0012754624126589261,0.015703642095782816,1.0012762761607736,True,False,0.9352663561939374
30,4,0.00596258643411766,-0.4777348205255203,0.013736450122693946,0.6201866359443106,True,True,5.119826486933258e-265,-0.20109279451621004,0.007536768245466581,0.8178365372868115,True,True,7.703384233521892e-157,0.08807822906937285,0.04059736054598178,1.0920735505842045,False,True,0.030040531477889373,-0.304515423787211,0.006738671494371193,0.7374806534022124,True,True,0.0,-0.02023576746002754,0.015703642095782816,0.9799676015958929,True,False,0.19753598169141873
31,3,0.004969252478900603,-0.5028122695883704,0.013736450122693946,0.6048273282202042,True,True,2.4489648142132194e-293,-0.21084647692407804,0.007536768245466581,0.8098983954302321,True,True,3.208913503143952e-172,-0.006770760174067819,0.04059736054598178,0.9932521097778364,True,False,0.8675444665307179,-0.30591915860338603,0.006738671494371193,0.736446152385195,True,True,0.0,0.0021674001193547595,0.015703642095782816,1.0021697506288516,True,False,0.8902254446613678
32,3,0.003120398660028482,-0.5075677251610459,0.013736450122693946,0.6019579267946832,True,True,7.168819202961809e-299,-0.20077050828352658,0.007536768245466581,0.8181001572216205,True,True,2.4126200873618673e-156,-0.021898033648116565,0.04059736054598178,0.9783399877248655,True,False,0.5896139844379225,-0.305628343117328,0.006738671494371193,0.7366603534759439,True,True,0.0,-0.011804464316301964,0.015703642095782816,0.9882649350301465,True,False,0.4522300903073565
33,3,0.0060331819931335184,-0.48536150664554745,0.013736450122693946,0.615474658362989,True,True,1.7757735494950095e-273,-0.21010508284194163,0.007536768245466581,0.8104990719492299,True,True,5.022870682303203e-171,0.00036095121623590405,0.04059736054598178,1.0003610163669647,True,False,0.9929061001885918,-0.3012478671899928,0.006738671494371193,0.7398943544814248,True,True,0.0,-0.008813712679097826,0.015703642095782816,0.9912250142270392,True,False,0.5746252313921763
34,3,0.005481745212749578,-0.5082415759692063,0.013736450122693946,0.6015524335955377,True,True,1.1671732058230686e-299,-0.2036153172301953,0.007536768245466581,0.8157761258550507,True,True,9.519630798881309e-161,-0.03733040740002689,0.04059736054598178,0.963357782218716,True,False,0.3578194972873352,-0.31155704028064285,0.006738671494371193,0.732305838383496,True,True,0.0,-0.02467011438913196,0.015703642095782816,0.9756317058090985,True,False,0.11618719492104593
35,3,0.002971590925330836,-0.5088625045021157,0.013736450122693946,0.6011790284664239,True,True,2.1868056972415045e-300,-0.20393151962833742,0.007536768245466581,0.8155182162656724,True,True,3.0571124955878747e-161,-0.07840778554579686,0.04059736054598178,0.9245873163152944,True,False,0.05343956098626575,-0.2995268450895819,0.006738671494371193,0.7411688253991915,True,True,0.0,0.017337206883410387,0.015703642095782816,1.0174883685648834,True,False,0.26958247493475096
36,3,0.0023562853534579617,-0.49887137108052765,0.013736450122693946,0.6072155942014618,True,True,8.615355243875906e-289,-0.2070793421055866,0.007536768245466581,0.8129551458556383,True,True,3.4099797044325354e-166,0.03935610384421519,0.04059736054598178,1.0401408158509338,True,False,0.3323330905280898,-0.3008214758009183,0.006738671494371193,0.7402099063325158,True,True,0.0,0.012702413169770424,0.015703642095782816,1.0127834314992736,True,False,0.41858230022752196
37,4,0.0036678397578503072,-0.5077778615014263,0.013736450122693946,0.6018314468483655,True,True,4.0712634651182e-299,-0.1956961322669375,0.007536768245466581,0.8222620556268283,True,True,1.2145239592499576e-148,0.004388064774021362,0.04059736054598178,1.004397706427827,True,False,0.9139263311731664,-0.3037501868530277,0.006738671494371193,0.7380452168212813,True,True,0.0,0.03495729226889766,0.015703642095782816,1.0355754807760216,False,True,0.026009980458380863
38,3,0.005202681223742974,-0.5067875366328214,0.013736450122693946,0.6024277507154272,True,True,5.845959770228381e-298,-0.1933292874572966,0.007536768245466581,0.824210527260736,True,True,4.06992612741086e-145,-0.051677646822560944,0.04059736054598178,0.9496349353479783,True,False,0.20304245718332503,-0.3081666423589652,0.006738671494371193,0.7347928601904493,True,True,0.0,0.014692937376829017,0.015703642095782816,1.0148014091865984,True,False,0.3494591730638327
39,3,0.013815933504836972,-0.4679974436898461,0.013736450122693946,0.6262551245578436,False,True,2.0700344740857275e-254,-0.18013884809248948,0.007536768245466581,0.8351542437868323,False,True,2.9661504285575915e-126,-0.06885786117428219,0.04059736054598178,0.9334593514651736,True,False,0.08986378170645057,-0.2928714263650678,0.006738671494371193,0.7461180656421681,True,True,0.0,-0.011512008047057374,0.015703642095782816,0.9885540015736717,True,False,0.46351033283315635
40,3,0.0017222104873214628,-0.49648258655703503,0.013736450122693946,0.6086678352702325,True,True,4.716610669640436e-286,-0.19971212695007637,0.007536768245466581,0.8189664775246664,True,True,1.0118864378089956e-154,-0.03146521032946011,0.04059736054598178,0.9690246679162727,True,False,0.43830682512425123,-0.2962359499189469,0.006738671494371193,0.7436119521393986,True,True,0.0,0.017194580903674636,0.015703642095782816,1.017343258637916,True,False,0.2735419461977201
41,3,0.00535217778281442,-0.5101979974927576,0.013736450122693946,0.6003766939630885,True,True,5.922087309135346e-302,-0.20601362832534445,0.007536768245466581,0.8138219851765578,True,True,1.6517381959734671e-164,0.011561168446344902,0.04059736054598178,1.011628257045856,True,False,0.775815486802171,-0.30676374715817417,0.006738671494371193,0.7358244209842436,True,True,0.0,0.0068486839791093695,0.015703642095782816,1.0068721898460105,True,False,0.6627491316982508
42,3,0.003496104521602835,-0.49141447839677305,0.013736450122693946,0.6117604599515584,True,True,2.7538565557369903e-280,-0.1993392358574308,0.007536768245466581,0.8192719197741186,True,True,3.756533314627472e-154,0.030270034742824352,0.04059736054598178,1.0307328300517018,True,False,0.4558995165923462,-0.30638811250890163,0.006738671494371193,0.7361008740519711,True,True,0.0,0.008470778146088825,0.015703642095782816,1.0085067567043322,True,False,0.5896006190822571
43,3,0.010188769018845393,-0.5264947747386769,0.013736450122693946,0.5906717828937827,True,True,0.0,-0.21403221027163982,0.007536768245466581,0.8073223805307,True,True,2.1158311840298177e-177,0.03602988111254409,0.04059736054598178,1.0366868233837518,True,False,0.37481342973071397,-0.3044632073886969,0.006738671494371193,0.7375191629913141,True,True,0.0,-0.007648122284970326,0.015703642095782816,0.9923810501833615,True,False,0.6262380877014213
44,3,0.0036897761435533325,-0.50268252944216,0.013736450122693946,0.6049058036967995,True,True,3.4611601400745104e-293,-0.20390699575391594,0.007536768245466581,0.8155382161772332,True,True,3.338862444577337e-161,0.011914597659071196,0.04059736054598178,1.0119858592141193,True,False,0.7691536978056601,-0.3084750421471592,0.006738671494371193,0.7345662851676404,True,True,0.0,-0.011349945612131991,0.015703642095782816,0.9887142220247295,True,False,0.4698280797428541
45,3,0.0013921392196615627,-0.49666546347416246,0.013736450122693946,0.6085565341504767,True,True,2.913768108086704e-286,-0.19973460229741657,0.007536768245466581,0.8189480711754694,True,True,9.34895099731734e-155,-0.024128210051828844,0.04059736054598178,0.9761605481401217,True,False,0.5522917341166034,-0.2973938180840992,0.006738671494371193,0.7427514458053717,True,True,0.0,0.013035612560111294,0.015703642095782816,1.0131209465479782,True,False,0.40648155386260987
46,3,0.008152795151838385,-0.5192432242011822,0.013736450122693946,0.5949706370195672,True,True,0.0,-0.20422069113393856,0.007536768245466581,0.8152824257288251,True,True,1.080203149300543e-161,0.008887242680507185,0.04059736054598178,1.008926851472435,True,False,0.8267187273126106,-0.3128382726154199,0.006738671494371193,0.7313681852684256,True,True,0.0,-0.031011767675074384,0.015703642095782816,0.9694641646696148,False,False,0.04828929284845732
47,3,0.006932082479274311,-0.515955835565713,0.013736450122693946,0.5969297551571573,True,True,9.29189727984392e-309,-0.19008238476362554,0.007536768245466581,0.8268910079168962,True,True,2.376574493519163e-140,-0.0664028273853528,0.04059736054598178,0.9357538410859426,True,False,0.10191412529249981,-0.29591142928075775,0.006738671494371193,0.7438533087251503,True,True,0.0,0.02201721565532578,0.015703642095782816,1.0222613832185772,True,False,0.16090175662245187
48,3,0.00692350402741615,-0.4902471090383563,0.013736450122693946,0.6124750273681019,True,True,5.751243955945077e-279,-0.1966461905386141,0.007536768245466581,0.8214812297331755,True,True,4.543177538878887e-150,-0.022965729214986488,0.04059736054598178,0.9772959758996577,True,False,0.5716010453277244,-0.3164347603608923,0.006738671494371193,0.7287425529101316,False,True,0.0,0.01967121349880505,0.015703642095782816,1.019865966733781,True,False,0.2103320380761362
49,3,0.006583987217498459,-0.48343056742692747,0.013736450122693946,0.6166642506644845,True,True,2.534661217277964e-271,-0.20106862938140652,0.007536768245466581,0.8178563006557736,True,True,8.392374844477172e-157,0.011445836741228413,0.04059736054598178,1.0115115909618053,True,False,0.777992975771215,-0.28826605765774727,0.006738671494371193,0.749562138960154,True,True,0.0,-0.014433278719210435,0.015703642095782816,0.9856703817287676,True,False,0.35804122872987465
50,3,0.002532322177746571,-0.5026715849690424,0.013736450122693946,0.6049124241083351,True,True,3.5636383817684637e-293,-0.19276478242417946,0.007536768245466581,0.8246759296003454,True,True,2.7799971978008834e-144,0.008243051426595479,0.04059736054598178,1.0082771189173634,True,False,0.8391006230774648,-0.30004529473704317,0.006738671494371193,0.7407846662751401,True,True,0.0,0.005083031726672252,0.015703642095782816,1.0050959722488437,True,False,0.7461766085500966
51,3,0.005018281096290729,-0.48288094645266605,0.013736450122693946,0.6170032754297533,True,True,1.0366127181917624e-270,-0.19522557794718368,0.007536768245466581,0.822649065636548,True,True,6.146899516568921e-148,-0.004736609186334071,0.04059736054598178,0.9952745908565716,True,False,0.907119317014455,-0.2991042098118293,0.006738671494371193,0.741482135694904,True,True,0.0,0.011477542781293124,0.015703642095782816,1.0115436624972622,True,False,0.4648499306888557
52,3,0.005521138296925317,-0.49460644846239665,0.013736450122693946,0.6098108520763756,True,True,6.533094688952455e-284,-0.2012198762706574,0.007536768245466581,0.8177326117884591,True,True,4.908627804171863e-157,0.011399616886222739,0.04059736054598178,1.0114648401231512,True,False,0.778866107825848,-0.2835528734478089,0.006738671494371193,0.7531033019192289,False,True,0.0,0.016096842496755356,0.015703642095782816,1.0162270946100338,True,False,0.30534487900797513
53,3,0.0030689746659398054,-0.5048491093282481,0.013736450122693946,0.6035966456593742,True,True,1.0598549923072325e-295,-0.19502025429993322,0.007536768245466581,0.822817992284836,True,True,1.2457239173895232e-147,-0.021446046474228767,0.04059736054598178,0.9787822847997913,True,False,0.59731744085154,-0.3029547077486209,0.006738671494371193,0.7386325499440118,True,True,0.0,0.02134001556093247,0.015703642095782816,1.0215693420649816,True,False,0.17417149158296374
54,3,0.00704200354864204,-0.5023388176945932,0.013736450122693946,0.6051137526629055,True,True,8.65073322690435e-293,-0.20989694118130584,0.007536768245466581,0.8106677881298331,True,True,1.0853556447823529e-170,0.03473686520653785,0.04059736054598178,1.035347237071411,True,False,0.3921950344949129,-0.3158455226570247,0.006738671494371193,0.7291720820336685,False,True,0.0,0.005332287887792432,0.015703642095782816,1.005346529837658,True,False,0.7341898633467487
55,3,0.005590253836113483,-0.4932510087801401,0.013736450122693946,0.6106379743344824,True,True,2.276290866814103e-282,-0.18787497387837537,0.007536768245466581,0.8287183121923752,True,True,3.7189095960156553e-137,-0.013927257656616478,0.04059736054598178,0.9861692779180418,True,False,0.7315546724148243,-0.30361860995618095,0.006738671494371193,0.7381423329096198,True,True,0.0,0.005275362598608969,0.015703642095782816,1.0052893018245934,True,False,0.7369218235505064
56,3,0.003967047829496306,-0.49858215530973055,0.013736450122693946,0.6073912359255328,True,True,1.8514448601339424e-288,-0.1994206821857905,0.007536768245466581,0.8192051958015729,True,True,2.8213342595134745e-154,-0.021730781365157926,0.04059736054598178,0.9785036310057968,True,False,0.5924592137350726,-0.28583798019063505,0.006738671494371193,0.7513843452337163,False,True,0.0,0.009605948593008142,0.015703642095782816,1.00965223380293,True,False,0.5407349672436346
57,3,0.003763084878867784,-0.49262395564409733,0.013736450122693946,0.6110209968664654,True,True,1.172757456678521e-281,-0.19442582148105475,0.007536768245466581,0.8233072477037462,True,True,9.587932274389117e-147,0.018698215621227886,0.04059736054598178,1.0188741219224344,True,False,0.645102026062581,-0.2970045338241015,0.006738671494371193,0.7430406435387249,True,True,0.0,0.01160435934212113,0.015703642095782816,1.0116719511200565,True,False,0.4599314423037617
58,3,0.007680244006159039,-0.48377840216411205,0.013736450122693946,0.6164497907173955,True,True,1.0385821532617341e-271,-0.20928706839495026,0.007536768245466581,0.8111623431450822,True,True,1.0330769357482693e-169,-0.04213625998790512,0.04059736054598178,0.958739133888941,True,False,0.29931363762724805,-0.29253193167966596,0.006738671494371193,0.7463714117625333,True,True,0.0,0.017910373028325086,0.015703642095782816,1.0180717256148748,True,False,0.2540682631071658
59,3,0.007335834878194336,-0.516712472237203,0.013736450122693946,0.5964782670418739,True,True,1.170239159874713e-309,-0.1998161588246345,0.007536768245466581,0.8188812833383416,True,True,7.014807196172772e-155,0.06559649413561096,0.04059736054598178,1.0677957683721497,True,False,0.10614140283527855,-0.28419110313511287,0.006738671494371193,0.7526228023851815,False,True,0.0,-0.012334599188500227,0.015703642095782816,0.9877411601730416,True,False,0.43218329932221367
60,3,0.007001281949412371,-0.5126352161276858,0.013736450122693946,0.598915226378032,True,True,7.972224160659093e-305,-0.19065942234257546,0.007536768245466581,0.8264139983710851,True,True,3.425755654214875e-141,-0.07426201350342358,0.04059736054598178,0.9284284011916252,True,False,0.06736477763916912,-0.29232833241697703,0.006738671494371193,0.7465233879022503,True,True,0.0,0.018625934922342515,0.015703642095782816,1.0188004796503152,True,False,0.2355867072109724
61,3,0.002643926805497595,-0.5039475807074122,0.013736450122693946,0.6041410506723547,True,True,1.182061711784995e-294,-0.19876917436720673,0.007536768245466581,0.8197390882903427,True,True,2.777170228720956e-153,0.05704360220971981,0.04059736054598178,1.0587019711345138,True,False,0.15998970658399014,-0.29389861269940937,0.006738671494371193,0.745352056845571,True,True,0.0,0.006688363331226475,0.015703642095782816,1.0067107803831796,True,False,0.6701722619527815
62,4,0.0016830692514346508,-0.49401803743669037,0.013736450122693946,0.6101697770926954,True,True,3.055512451358891e-283,-0.2002860321665321,0.007536768245466581,0.8184966032356623,True,True,1.3375754078749316e-155,-0.015565381496151736,0.04059736054598178,0.9845551329596918,True,False,0.7014167487882615,-0.2984139048300294,0.006738671494371193,0.7419941612136404,True,True,0.0,-0.036921963390881704,0.015703642095782816,0.9637513403012758,False,True,0.01871438155285155
63,3,0.00975825686124491,-0.46681291947892356,0.013736450122693946,0.6269973784371541,False,True,3.902828120235047e-253,-0.2070119566201831,0.007536768245466581,0.8130099290785294,True,True,4.360776124519635e-166,0.01648226866722525,0.04059736054598178,1.0166188506190965,True,False,0.6847473009263058,-0.2958413375187756,0.006738671494371193,0.7439054485414796,True,True,0.0,-0.016340827312987787,0.015703642095782816,0.9837919597383771,True,False,0.2980725451051478
64,3,0.003287001724953368,-0.5129380061982326,0.013736450122693946,0.5987339082464357,True,True,3.4991062534850397e-305,-0.19969384505348473,0.007536768245466581,0.8189814499219821,True,True,1.0791585947795723e-154,-0.0034549215001179654,0.04059736054598178,0.9965510398738322,True,False,0.9321802039036441,-0.3024510470700122,0.006738671494371193,0.7390046638170558,True,True,0.0,0.014961447162484553,0.015703642095782816,1.0150739298810614,True,False,0.3407231381318164
65,3,0.0074157674325721805,-0.505399670982411,0.013736450122693946,0.6032644199554513,True,True,2.4248559109716835e-296,-0.2150308382153475,0.007536768245466581,0.8065165682622127,False,True,4.847117012343873e-179,0.01899001238746032,0.04059736054598178,1.0191714694768268,True,False,0.6399528632549174,-0.30917630328134316,0.006738671494371193,0.7340513429569525,True,True,0.0,-0.010011320059359289,0.015703642095782816,0.9900386263897155,True,False,0.5237889172369282
66,3,0.011701898832355284,-0.4809648038959826,0.013736450122693946,0.6181866750825544,True,True,1.3891218508472303e-268,-0.22235169643166006,0.007536768245466581,0.8006337347859176,False,True,2.6930543033797286e-191,-0.014048866139557113,0.04059736054598178,0.9860493586599788,True,False,0.7293023708900412,-0.3072515682537927,0.006738671494371193,0.7354655578466373,True,True,0.0,-0.007336648270494566,0.015703642095782816,0.9926901992364008,True,False,0.6403610447525399
67,3,0.005582315139877207,-0.5035681557839032,0.013736450122693946,0.6043703203368566,True,True,3.2575880789906487e-294,-0.1978650240940971,0.007536768245466581,0.8204805907752221,True,True,6.553981466601626e-152,0.06241368678603243,0.04059736054598178,1.064402582944972,True,False,0.12419957801095849,-0.28282058992619696,0.006738671494371193,0.7536549890283324,False,True,0.0,0.02451167650972763,0.015703642095782816,1.024814557294484,True,False,0.11854942767470564
68,3,0.007496050920795638,-0.480008142828321,0.013736450122693946,0.6187783531797278,True,True,1.590657010997051e-267,-0.20967034235087553,0.007536768245466581,0.8108515053167545,True,True,2.508931476985576e-170,0.04795120865822363,0.04059736054598178,1.0491194661292498,True,False,0.23754669882653978,-0.30319239245244284,0.006738671494371193,0.7384570091476527,True,True,0.0,-0.012307772477754426,0.015703642095782816,0.9877676583748655,True,False,0.43318521115452013
69,3,0.002728522114333054,-0.5080937124956467,0.013736450122693946,0.6016413878042745,True,True,1.7386196226598924e-299,-0.19707405675388,0.007536768245466581,0.8211298208518526,True,True,1.0290290254798172e-150,-0.00399278813171568,0.04059736054598178,0.9960151724483225,True,False,0.9216536385376431,-0.2987896035150338,0.006738671494371193,0.7417154473424873,True,True,0.0,0.0005310729490486335,0.015703642095782816,1.0005312139932543,True,False,0.9730219175981747
70,3,0.010141164702226627,-0.5388806410297317,0.013736450122693946,0.5834009220753875,False,True,0.0,-0.19986823310296253,0.007536768245466581,0.8188386417967488,True,True,5.838986298108206e-155,-0.034353925696150193,0.04059736054598178,0.9662294706757233,True,False,0.39743514780484657,-0.3097472574160216,0.006738671494371193,0.7336323529310509,True,True,0.0,9.753280538789197e-05,0.015703642095782816,1.0000975375618666,True,False,0.9950444986705708
71,3,0.0050733697601376875,-0.4915157712123881,0.013736450122693946,0.6116984961503849,True,True,2.114815675925429e-280,-0.1947257127029632,0.007536768245466581,0.8230603821054893,True,True,3.42706536411595e-147,0.03335383974519218,0.04059736054598178,1.0339163152099753,True,False,0.4113179354791986,-0.29230492204519354,0.006738671494371193,0.7465408644968721,True,True,0.0,0.011904329070247605,0.015703642095782816,1.0119754676007895,True,False,0.44841406779747905
72,3,0.0021575353287874486,-0.5011104001189104,0.013736450122693946,0.605857541780244,True,True,2.273376597762345e-291,-0.19799876546107453,0.007536768245466581,0.8203708659169732,True,True,4.109789557747886e-152,-0.04828817771529926,0.04059736054598178,0.9528591547337315,True,False,0.23426605307367443,-0.3056303902082893,0.006738671494371193,0.7366588454667363,True,True,0.0,0.0056688038657313,0.015703642095782816,1.0056849019389298,True,False,0.7181094881853336
73,3,0.0076117410336289755,-0.5161684623277911,0.013736450122693946,0.5968028454088127,True,True,5.192436026764175e-309,-0.19064762759758014,0.007536768245466581,0.8264237457709404,True,True,3.564314341433478e-141,0.013893898143031958,0.04059736054598178,1.013990866916808,True,False,0.7321729269503603,-0.3073355366477791,0.006738671494371193,0.7354038045776102,True,True,0.0,0.005420073727997051,0.015703642095782816,1.005434788901368,True,False,0.729983441216538
74,3,0.004035696355902618,-0.5092742290506282,0.013736450122693946,0.6009315592504249,True,True,7.195274988919802e-301,-0.1968480497917229,0.007536768245466581,0.8213154228810853,True,True,2.2556255274265804e-150,-0.04057119452099181,0.04059736054598178,0.960240798194124,True,False,0.3176225208764121,-0.3053099995675947,0.006738671494371193,0.736894901879322,True,True,0.0,0.006555307073478436,0.015703642095782816,1.0065768401250996,True,False,0.6763575934219432
75,3,0.00606960908749236,-0.5223455224883767,0.013736450122693946,0.5931277207474652,True,True,0.0,-0.19528633548296198,0.007536768245466581,0.8225990850248744,True,True,4.986766656568005e-148,0.04688558491858533,0.04059736054598178,1.0480020949747761,True,False,0.24813447424946788,-0.30126637020558583,0.006738671494371193,0.7398806643313016,True,True,0.0,-0.0018932656173925692,0.015703642095782816,0.9981085254794374,True,False,0.9040378115083908
76,3,0.004461947795371309,-0.5087773037980959,0.013736450122693946,0.6012302515249806,True,True,2.7520897741947634e-300,-0.19142339652033238,0.007536768245466581,0.8257828805257575,True,True,2.6129920839637844e-142,0.027815359404729026,0.04059736054598178,1.02820581835911,True,False,0.4932480619425462,-0.2986061522890095,0.006738671494371193,0.7418515284324032,True,True,0.0,0.010797957462723889,0.015703642095782816,1.0108564658059762,True,False,0.49169936702050554
77,3,0.003098944545286031,-0.5042202850730848,0.013736450122693946,0.6039763212325938,True,True,5.701775305820096e-295,-0.20149629503613986,0.007536768245466581,0.81750660638692,True,True,1.8399905103913717e-157,0.02165623845607773,0.04059736054598178,1.021892436762199,True,False,0.5937293337151708,-0.307476873563518,0.006738671494371193,0.7352998722169612,True,True,0.0,0.013925744256586192,0.015703642095782816,1.0140231590992865,True,False,0.3751950078180297
78,3,0.005913696043062355,-0.510058408223296,0.013736450122693946,0.600460505956692,True,True,8.639504408468104e-302,-0.18790086393920832,0.007536768245466581,0.8286968569025998,True,True,3.4132199720006484e-137,0.009858712535678504,0.04059736054598178,1.0099074697381336,True,False,0.808128402744516,-0.2977013633591068,0.006738671494371193,0.7425230512303456,True,True,0.0,-0.007576861993618902,0.015703642095782816,0.992451770065859,True,False,0.6294573705329992
79,3,0.003534250665706007,-0.5024989410995317,0.013736450122693946,0.6050168675454484,True,True,5.646130710717934e-293,-0.21019370129182602,0.007536768245466581,0.8104272499602647,True,True,3.617292755548395e-171,-0.05230305853762307,0.04059736054598178,0.9490412082156839,True,False,0.19762887715538913,-0.30106081812959634,0.006738671494371193,0.740032763969502,True,True,0.0,0.014421667305955716,0.015703642095782816,1.0145261612713548,True,False,0.358428073503146
80,3,0.0029723860151451196,-0.5055598484830707,0.013736450122693946,0.6031677983069397,True,True,1.5783151543292917e-296,-0.19840378569210082,0.007536768245466581,0.8200386663976365,True,True,9.981060330698426e-153,0.056155658352809334,0.04059736054598178,1.0577623204632052,True,False,0.1665930602228911,-0.29428434758131417,0.006738671494371193,0.7450646040018049,True,True,0.0,-0.02640400425604972,0.015703642095782816,0.973941533590235,True,False,0.09268647622233472
81,3,0.006532333800494857,-0.5101498356618808,0.013736450122693946,0.6004056099002022,True,True,6.746349854549346e-302,-0.21284421847256255,0.007536768245466581,0.8082820428205809,True,True,1.8473245435968917e-175,0.01678613587654281,0.04059736054598178,1.0169278146918217,True,False,0.6792560689745283,-0.3040892987355514,0.006738671494371193,0.7377949793500654,True,True,0.0,0.02291552247375048,0.015703642095782816,1.0231801001724063,True,False,0.14449661392227045
82,3,0.004952974541630202,-0.48433691553111013,0.013736450122693946,0.6161055913981044,True,True,2.4756489658731693e-272,-0.20358895196061302,0.007536768245466581,0.8157976342960643,True,True,1.046449301543927e-160,-0.0707325486789437,0.04059736054598178,0.9317110461579573,True,False,0.0814569654681702,-0.29683167760120854,0.006738671494371193,0.74316909383922,True,True,0.0,-0.007840800040305034,0.015703642095782816,0.9921898588499255,True,False,0.6175693316068351
83,3,0.0014741662809352185,-0.49376890792529077,0.013736450122693946,0.6103218073279562,True,True,5.8681757394521485e-283,-0.19976249378419664,0.007536768245466581,0.8189252298147099,True,True,8.474349420747246e-155,-0.012288921009158875,0.04059736054598178,0.9877862794213735,True,False,0.7621166209660424,-0.300589892831721,0.006738671494371193,0.7403813461909631,True,True,0.0,-0.02371642122966842,0.015703642095782816,0.9765626029176301,True,False,0.1309797137005428
84,3,0.005486113194225021,-0.5112267477043664,0.013736450122693946,0.5997593739006453,True,True,3.650361878780496e-303,-0.1965941018708595,0.007536768245466581,0.8215240207104706,True,True,5.442252178178544e-150,-0.0014895897115792208,0.04059736054598178,0.9985115191765107,True,False,0.9707307571484736,-0.3093492058805468,0.006738671494371193,0.7339244345435197,True,True,0.0,0.011645710651941477,0.015703642095782816,1.0117137859453003,True,False,0.45833398144711357
85,3,0.004989378688251185,-0.5121623873859565,0.013736450122693946,0.5991984776703217,True,True,2.8814502865106963e-304,-0.203046191035193,0.007536768245466581,0.8162405375594299,True,True,7.321375877220421e-160,0.03457517715388748,0.04059736054598178,1.0351798473256577,True,False,0.3944024300921427,-0.30697025633482167,0.006738671494371193,0.7356724821778279,True,True,0.0,0.008227629806796283,0.015703642095782816,1.0082615697708799,True,False,0.6003263153561269
86,3,0.008108870849500552,-0.4972492204552439,0.013736450122693946,0.6082013886946884,True,True,6.255150479549146e-287,-0.18805345020033604,0.007536768245466581,0.8285704187942011,True,True,2.058329796956857e-137,0.022654551788513288,0.04059736054598178,1.0229131149997102,True,False,0.5768237862962333,-0.28284785807525004,0.006738671494371193,0.7536344385319452,False,True,0.0,0.026723853253085603,0.015703642095782816,1.0270841376552726,True,False,0.08880008968072611
87,3,0.005411791784951547,-0.5128014905941587,0.013736450122693946,0.5988156503470087,True,True,5.072481479706923e-305,-0.1917092044991141,0.007536768245466581,0.825546898914082,True,True,9.951400574133417e-143,-0.017785971464298698,0.04059736054598178,0.9823712653430057,True,False,0.6613090126416796,-0.29770218541540233,0.006738671494371193,0.7425224408348476,True,True,0.0,0.017301145753428802,0.015703642095782816,1.0174516774461355,True,False,0.27057984180893624
88,3,0.005091793147158352,-0.49247574622270923,0.013736450122693946,0.611111562646052,True,True,1.7272643112645594e-281,-0.19257173984925866,0.007536768245466581,0.8248351425322134,True,True,5.356041246330463e-144,0.02292856299657598,0.04059736054598178,1.0231934430628562,True,False,0.5722236516654033,-0.2938231466602862,0.006738671494371193,0.7454083077355428,True,True,0.0,0.00793978561470185,0.015703642095782816,1.0079713892992948,True,False,0.6131364008424861
89,3,0.0020703625374641765,-0.5007602941921896,0.013736450122693946,0.606069693231943,True,True,5.762820856141649e-291,-0.20620416867843466,0.007536768245466581,0.8136669340203698,True,True,8.265719028821882e-165,-0.05558934445870699,0.04059736054598178,0.9459275065138756,True,False,0.170910300198147,-0.29907401795436617,0.006738671494371193,0.741504522755808,True,True,0.0,0.02344851745462231,0.015703642095782816,1.0237255953905189,True,False,0.13538752375279758
90,3,0.004343132269760093,-0.4970571979999361,0.013736450122693946,0.6083181882323754,True,True,1.0378373052091608e-286,-0.20017288678211015,0.007536768245466581,0.8185892175878279,True,True,1.9942303734316774e-155,0.02387632930357797,0.04059736054598178,1.0241636510263208,True,False,0.556448284179867,-0.28512726743896166,0.006738671494371193,0.7519185534811023,False,True,0.0,-0.010876011537860285,0.015703642095782816,0.9891829184410922,True,False,0.4885738408574666
91,3,0.0034718586890413925,-0.4879300379705489,0.013736450122693946,0.6138958209379429,True,True,2.3450048911143343e-276,-0.1994363532727908,0.007536768245466581,0.8191923580662693,True,True,2.670089869654475e-154,-0.026595375722664454,0.04059736054598178,0.9737551668037663,True,False,0.5124026611878755,-0.296511563892727,0.006738671494371193,0.743407030535245,True,True,0.0,0.0006983230751261433,0.015703642095782816,1.0006985669594515,True,False,0.9645306728582856
92,3,0.004237855793075711,-0.5164787410483682,0.013736450122693946,0.5966176989104971,True,True,2.220137517350413e-309,-0.2015691701797295,0.007536768245466581,0.8174470326463428,True,True,1.4202654200382299e-157,0.020542651064022185,0.04059736054598178,1.0207551036060472,True,False,0.6128499641221334,-0.2979545113155763,0.006738671494371193,0.7423351068271696,True,True,0.0,-0.02374019716768558,0.015703642095782816,0.9765393845017342,True,False,0.13059396938853088
93,3,0.006098281067572375,-0.5189506461478293,0.013736450122693946,0.5951447378381458,True,True,0.0,-0.20230906423543094,0.007536768245466581,0.816842432143778,True,True,1.0195770937004968e-158,0.056924853908022086,0.04059736054598178,1.0585762595376047,True,False,0.1608611575392771,-0.30680017050031344,0.006738671494371193,0.7357976202876921,True,True,0.0,0.02616717421535901,0.015703642095782816,1.0265125405586804,True,False,0.09565119978243163
94,3,0.008263215175797608,-0.46672681433828916,0.013736450122693946,0.6270513684589777,False,True,4.830196746365191e-253,-0.19600098964708937,0.007536768245466581,0.8220114211765737,True,True,4.238793333200528e-149,-0.03206794753128641,0.04059736054598178,0.9684407766835931,True,False,0.429584841560964,-0.3013349137863382,0.006738671494371193,0.7398299519992612,True,True,0.0,0.0023146335729384284,0.015703642095782816,1.0023173144052093,True,False,0.8828204907669212
95,4,0.006260814791598457,-0.5199237992007579,0.013736450122693946,0.5945658526372195,True,True,0.0,-0.19601781044773653,0.007536768245466581,0.8219975944026173,True,True,3.999421077621902e-149,-0.08629497084101478,0.04059736054598178,0.9173236075930593,False,True,0.03353407276804199,-0.29521837698183684,0.006738671494371193,0.7443690166564638,True,True,0.0,-0.0064287892950617405,0.015703642095782816,0.9935918311589907,True,False,0.6822593056628607
96,3,0.006568393602925197,-0.5146884039391266,0.013736450122693946,0.5976868024591983,True,True,2.9678820283591342e-307,-0.19614261511384945,0.007536768245466581,0.8218950116688374,True,True,2.5978821681662473e-149,-0.018999123406875835,0.04059736054598178,0.9811802223382655,True,False,0.639792363715594,-0.2896636536259606,0.006738671494371193,0.7485152856462027,True,True,0.0,-0.019213948080398925,0.015703642095782816,0.9809694632562704,True,False,0.2211278769663102
97,3,0.0053932054442778305,-0.5017413442391045,0.013736450122693946,0.6054754000942847,True,True,4.245760558296798e-292,-0.1885095407270564,0.007536768245466581,0.8281926018413843,True,True,4.528025949194256e-138,0.029670266780743856,0.04059736054598178,1.0301148148741501,True,False,0.4648755066771234,-0.29238547796532377,0.006738671494371193,0.7464807286328001,True,True,0.0,0.02460416161363167,0.015703642095782816,1.0249093417583057,True,False,0.11716598605361324
98,3,0.007614886521869184,-0.5217254053077891,0.013736450122693946,0.5934956435032043,True,True,0.0,-0.19004113815475945,0.007536768245466581,0.826925115070272,True,True,2.7288688317410614e-140,0.023889733807419725,0.04059736054598178,1.024177379523927,True,False,0.5562266985918929,-0.2978219718505141,0.006738671494371193,0.7424335020456061,True,True,0.0,-0.0055750808636702695,0.015703642095782816,0.9944404310595183,True,False,0.7225758557599169
99,3,0.0043186737377575906,-0.49476271583280274,0.013736450122693946,0.6097155659833241,True,True,4.335698019221047e-284,-0.1932899082762573,0.007536768245466581,0.8242429846353717,True,True,4.654534113853929e-145,0.04290712437035679,0.04059736054598178,1.0438409429636233,True,False,0.2905597692784787,-0.30576547973070517,0.006738671494371193,0.7365593372965257,True,True,0.0,-0.020805605998040808,0.015703642095782816,0.9794093373658419,True,False,0.18520747706997776
100,3,0.004374480243338456,-0.5195191183201058,0.013736450122693946,0.594806510761657,True,True,0.0,-0.1985170952573499,0.007536768245466581,0.8199457534369226,True,True,6.714262325455409e-153,0.008576995475498407,0.04059736054598178,1.0086138832879699,True,False,0.8326767619069297,-0.29975126354089776,0.006738671494371193,0.7410025121018161,True,True,0.0,0.008740379011907549,0.015703642095782816,1.0087786876538862,True,False,0.577812424373829
101,3,0.00885551200501907,-0.5031293967084977,0.013736450122693946,0.6046355514818412,True,True,1.0509601074556424e-293,-0.1867709518386693,0.007536768245466581,0.8296337407073899,True,True,1.4261074189698066e-135,0.021295207181147965,0.04059736054598178,1.0215235682234598,True,False,0.5998984214377687,-0.2815851487396631,0.006738671494371193,0.7545866608365748,False,True,0.0,0.011717861069466587,0.015703642095782816,1.011786784150766,True,False,0.45555417215132477
102,3,0.0011606403394785654,-0.5003653398298011,0.013736450122693946,0.6063091103775072,True,True,1.644402253394885e-290,-0.1966893031134933,0.007536768245466581,0.821445814325577,True,True,3.9123572368123157e-150,0.004811767874796925,0.04059736054598178,1.0048233630200936,True,False,0.9056523566589938,-0.3007363631433174,0.006738671494371193,0.7402729102460035,True,True,0.0,-0.0027222715189538322,0.015703642095782816,0.9972814305020935,True,False,0.8623740638347447
103,3,0.006874297358074914,-0.5003466122563136,0.013736450122693946,0.6063204651822517,True,True,1.728190442802501e-290,-0.21298689664295212,0.007536768245466581,0.8081667268442845,True,True,1.0814102787480662e-175,-0.03269058497520461,0.04059736054598178,0.9678379768761526,True,False,0.42068167599555584,-0.31338347622643925,0.006738671494371193,0.7309695493715722,False,True,0.0,-0.030149092476092862,0.015703642095782816,0.9703008582062687,True,False,0.05487318673735819
104,4,0.007914945578459731,-0.473951166524237,0.013736450122693946,0.6225376525027785,True,True,7.188088575253787e-261,-0.1916087178256205,0.007536768245466581,0.8256298595439159,True,True,1.3975261734463166e-142,-0.021770821362283747,0.04059736054598178,0.9784644525075825,True,False,0.5917774960681861,-0.30113281857041574,0.006738671494371193,0.7399794832024178,True,True,0.0,0.03388829088628584,0.015703642095782816,1.03446904065365,False,True,0.030928667320647467
105,4,0.004740641742130476,-0.48157749065314776,0.013736450122693946,0.6178080362986044,True,True,2.9074390507024943e-269,-0.20268249407746214,0.007536768245466581,0.8165374557505655,True,True,2.688273377998629e-159,-0.0838622705503007,0.04059736054598178,0.9195578975769936,False,True,0.03885611044116138,-0.2989864306334565,0.006738671494371193,0.741569471994722,True,True,0.0,-0.0014173018851941237,0.015703642095782816,0.9985837020127912,True,False,0.9280861138221498
106,3,0.004798256614325129,-0.4944428066523942,0.013736450122693946,0.6099106507933671,True,True,1.0035096100287112e-283,-0.19462845071888302,0.007536768245466581,0.8231404384844287,True,True,4.7852706665895893e-147,-0.0018069171300350536,0.04059736054598178,0.9981947143619175,True,False,0.9644992826707851,-0.29112356889637203,0.006738671494371193,0.7474233140375126,True,True,0.0,-0.004870211516407316,0.015703642095782816,0.9951416287343928,True,False,0.7564601144690224
107,3,0.0018262456338165773,-0.49602604716757787,0.013736450122693946,0.6089457795535581,True,True,1.5685022911820062e-285,-0.19762097465078285,0.007536768245466581,0.8206808530426044,True,True,1.534656730787466e-151,0.04777081475190614,0.04059736054598178,1.0489302284397373,True,False,0.23931624548767516,-0.3015042216336024,0.006738671494371193,0.7397047035858154,True,True,0.0,-0.007123354939873271,0.015703642095782816,0.9929019560176228,True,False,0.6501083697517649
108,3,0.0030209562620492347,-0.5007470258266931,0.013736450122693946,0.6060777348394986,True,True,5.969515049717717e-291,-0.20545983248908317,0.007536768245466581,0.8142728012219091,True,True,1.230898240042498e-163,0.04674559547417081,0.04059736054598178,1.0478553960121482,True,False,0.24954953744193464,-0.3056203677656236,0.006738671494371193,0.7366662286247777,True,True,0.0,0.02511643463229621,0.015703642095782816,1.0254345096638553,True,False,0.10973133566923907
109,3,0.005041032774068643,-0.5064139315516818,0.013736450122693946,0.6026528628330111,True,True,1.5951506866932236e-297,-0.2071233458519161,0.007536768245466581,0.8129193735706859,True,True,2.903910474644363e-166,-0.02554830201803981,0.04059736054598178,0.9747752942147601,True,False,0.5291464958157164,-0.3073620609732575,0.006738671494371193,0.7353842987464302,True,True,0.0,-0.010231350567818265,0.015703642095782816,0.9898208116511795,True,False,0.5147061998971797
110,3,0.006733902462191965,-0.5065772275158337,0.013736450122693946,0.6025544600873302,True,True,1.0287200698022872e-297,-0.20428195751550854,0.007536768245466581,0.8152324778547215,True,True,8.663630922059664e-162,0.0420158991370025,0.04059736054598178,1.0429110600047735,True,False,0.3006961640539758,-0.3173292548813835,0.006738671494371193,0.7280909881437055,False,True,0.0,4.315918759188776e-05,0.015703642095782816,1.000043160118963,True,False,0.9978071325190357
111,3,0.0029905694336489486,-0.5039670531159702,0.013736450122693946,0.604129286705526,True,True,1.1221138070503463e-294,-0.20491843339363283,0.007536768245466581,0.8147137671384437,True,True,8.723954242881376e-163,0.06429580755551492,0.04059736054598178,1.0664078035952025,True,False,0.11325209199427008,-0.3034526145346924,0.006738671494371193,0.7382648713274166,True,True,0.0,-0.005416093224058343,0.015703642095782816,0.9945985473653232,True,False,0.7301739998632159
112,3,0.003499950843530867,-0.5119220778874141,0.013736450122693946,0.5993424880588573,True,True,5.5338437210335145e-304,-0.19728651961477464,0.007536768245466581,0.820955379792728,True,True,4.916526593517436e-151,0.040270193222489266,0.04059736054598178,1.041092032204762,True,False,0.3212262254447651,-0.2985337058998307,0.006738671494371193,0.7419052748437881,True,True,0.0,-0.011228927633394004,0.015703642095782816,0.988833881461754,True,False,0.47457663899450975
113,3,0.007654552569462274,-0.5015343973438324,0.013736450122693946,0.605600714314745,True,True,7.363291697917495e-292,-0.1873185547885799,0.007536768245466581,0.829179555191647,True,True,2.342989314801882e-136,0.021309664663289405,0.04059736054598178,1.0215383369889637,True,False,0.5996508238088998,-0.2844830203749891,0.006738671494371193,0.7524031308785512,False,True,0.0,0.013873851882021119,0.015703642095782816,1.0139705403949633,True,False,0.37697704696873213
114,3,0.006915441873491801,-0.5179579198105108,0.013736450122693946,0.5957358470502107,True,True,0.0,-0.21031727520897234,0.007536768245466581,0.81032710847799,True,True,2.2881224183359424e-171,0.06828313100365702,0.04059736054598178,1.0706684049888284,True,False,0.09257662310013667,-0.2979127760321403,0.006738671494371193,0.7423660890397787,True,True,0.0,0.012586133122621922,0.015703642095782816,1.0126656718407898,True,False,0.4228546265882308
115,3,0.0021640445659578678,-0.49762071265465124,0.013736450122693946,0.6079754885857818,True,True,2.3474077935702165e-287,-0.19874370074646822,0.007536768245466581,0.8197599702789512,True,True,3.0364647520828105e-153,0.020291261817890517,0.04059736054598178,1.0204985290014659,True,False,0.6172037508478422,-0.29459080513997726,0.006738671494371193,0.7448363083054738,True,True,0.0,0.023255391507000674,0.015703642095782816,1.0235279065048457,True,False,0.13863546453562034
116,3,0.006806509064069692,-0.4898644922387492,0.013736450122693946,0.6127094154404603,True,True,1.554762242471283e-278,-0.19040918708899562,0.007536768245466581,0.8266208221637522,True,True,7.940667107797975e-141,0.012046283189032721,0.04059736054598178,1.012119131883152,True,False,0.7666758787451609,-0.2914639841257908,0.006738671494371193,0.7471689230603297,True,True,0.0,0.02057063677731435,0.015703642095782816,1.0207836705654496,True,False,0.19022027371477368
117,3,0.009468525152343457,-0.4711363806572459,0.013736450122693946,0.6242924311932466,False,True,8.329413883662531e-258,-0.1945331976947155,0.007536768245466581,0.8232188488348612,True,True,6.634771381829956e-147,-0.0013447820221903044,0.04059736054598178,0.9986561217919636,True,False,0.9735750155065965,-0.29172499552764575,0.006738671494371193,0.7469739289012557,True,True,0.0,-0.0033659900774045837,0.015703642095782816,0.9966396685164919,True,False,0.8302783803984556
118,3,0.008366352671929422,-0.5077423290628196,0.013736450122693946,0.6018528317672291,True,True,4.4800765732485893e-299,-0.18116429741673515,0.007536768245466581,0.8342982743835309,False,True,1.130807185103657e-127,-0.0003668179280281483,0.04059736054598178,0.9996332493414426,True,False,0.9927908027735773,-0.29346954836666916,0.006738671494371193,0.7456719294465528,True,True,0.0,0.019472190545629927,0.015703642095782816,1.0196630101944137,True,False,0.21498306449473503
119,3,0.0019733132862778113,-0.5012344133732729,0.013736450122693946,0.6057824120734437,True,True,1.6349828409818378e-291,-0.20515701791031113,0.007536768245466581,0.8145194122340371,True,True,3.6829304935725895e-163,0.03297352789179921,0.04059736054598178,1.0335231793417383,True,False,0.4166719100329759,-0.2987045007587809,0.006738671494371193,0.7417785720574169,True,True,0.0,0.02416018521495776,0.015703642095782816,1.0244544071973616,True,False,0.12392435719949435
120,3,0.003236290862500805,-0.5104967011536645,0.013736450122693946,0.6001973860279801,True,True,2.63848514615038e-302,-0.19776896726542986,0.007536768245466581,0.8205594073241282,True,True,9.162109736088493e-152,-0.015888535697550048,0.04059736054598178,0.9842370212343061,True,False,0.6955247342740194,-0.297914020299553,0.006738671494371193,0.7423651653384206,True,True,0.0,-0.02845599160581901,0.015703642095782816,0.971945066946577,True,False,0.06997643507164339
121,3,0.003769173788493655,-0.49464821015864485,0.013736450122693946,0.609785385872562,True,True,5.855160448980172e-284,-0.2059379928266789,0.007536768245466581,0.8138835413361177,True,True,2.1737638588934e-164,-0.04207361886463524,0.04059736054598178,0.9587991922662531,True,False,0.3000326355473295,-0.304336473998735,0.006738671494371193,0.7376126372180296,True,True,0.0,-0.012208552949550875,0.015703642095782816,0.9878656690781117,True,False,0.4369024717178286
122,4,0.002054516973346835,-0.49861827302026435,0.013736450122693946,0.6073692987408557,True,True,1.682793991036947e-288,-0.1998497399924328,0.007536768245466581,0.8188537848102779,True,True,6.2321218009673806e-155,-0.030368098781636557,0.04059736054598178,0.9700883794679881,True,False,0.45444124270432407,-0.30704657262947876,0.006738671494371193,0.7356163405221957,True,True,0.0,-0.0325992230375907,0.015703642095782816,0.9679264044684129,False,True,0.037903009800455835
123,3,0.009839347916320759,-0.5302511482017649,0.013736450122693946,0.5884571611603693,False,True,0.0,-0.2136977703618707,0.007536768245466581,0.8075924265093586,True,True,7.4647105787006755e-177,0.003980886258547885,0.04059736054598178,1.0039888205112084,True,False,0.9218864280394696,-0.30041343736560144,0.006738671494371193,0.740512002053643,True,True,0.0,-0.006553122843309584,0.015703642095782816,0.9934683020406786,True,False,0.6764593146708167
124,3,0.003841023642071358,-0.4899110061458288,0.013736450122693946,0.6126809165944452,True,True,1.3777694001737594e-278,-0.1963028608128776,0.007536768245466581,0.8217633170801922,True,True,1.4923042800534191e-149,0.047460220884993076,0.04059736054598178,1.0486044877331155,True,False,0.24238471225098668,-0.2968459720482252,0.006738671494371193,0.7431584707239097,True,True,0.0,-0.0009551027725615428,0.015703642095782816,0.9990453531929153,True,False,0.9515021939032635
125,3,0.004519818900321197,-0.48401357618074947,0.013736450122693946,0.6163048347896591,True,True,5.679437350072702e-272,-0.200772674378235,0.007536768245466581,0.8180983851411183,True,True,2.3941935217994917e-156,-0.036631457442306864,0.04059736054598178,0.9640313564697924,True,False,0.36689152098315436,-0.3042650708074342,0.006738671494371193,0.7376653069946435,True,True,0.0,-0.03048808145467075,0.015703642095782816,0.9699719926534802,True,False,0.05220182395756476
126,3,0.0034673817778109925,-0.4983259835134949,0.013736450122693946,0.6075468523608775,True,True,3.6444192806060604e-288,-0.19204835900701614,0.007536768245466581,0.8252669584360517,True,True,3.1591253268078106e-143,-0.003377731951941503,0.04059736054598178,0.9966279661672496,True,False,0.9336918947238011,-0.3038541743258574,0.006738671494371193,0.7379684733545988,True,True,0.0,0.0028252302133011673,0.015703642095782816,1.0028292249372994,True,False,0.8572238261634073
127,3,0.010160246722756727,-0.4851434847523387,0.013736450122693946,0.6156088599421369,True,True,3.112323661416564e-273,-0.1844960909666017,0.007536768245466581,0.8315231903449735,False,True,2.4442110720524454e-132,0.0020456905131175647,0.04059736054598178,1.0020477843655031,True,False,0.9598118109108666,-0.28844459862966243,0.006738671494371193,0.749428323353493,True,True,0.0,-0.006011507811808015,0.015703642095782816,0.9940065251480896,True,False,0.7018608077866932
128,3,0.004748081567682583,-0.4851356991854298,0.013736450122693946,0.6156136528247632,True,True,3.1753029334775784e-273,-0.20017771997908915,0.007536768245466581,0.8185852611944554,True,True,1.9605043617735928e-155,0.028103684869660344,0.04059736054598178,1.0285023190220253,True,False,0.48877783785698026,-0.30679359169307374,0.006738671494371193,0.7358024609743263,True,True,0.0,0.012799877239191324,0.015703642095782816,1.0128821463044448,True,False,0.4150209555322575
129,4,0.006107239072729735,-0.5153516538197057,0.013736450122693946,0.5972905181911174,True,True,4.849329793778305e-308,-0.20169123082954418,0.007536768245466581,0.8173472606195921,True,True,9.203214825809153e-158,-0.09331524773301034,0.04059736054598178,0.9109062938838022,False,True,0.02153024701842119,-0.31044569223961993,0.006738671494371193,0.7331201374434344,True,True,0.0,-0.003844329313499664,0.015703642095782816,0.9961630506603901,True,False,0.8066074612037254
130,3,0.002757650174584995,-0.49226764313464566,0.013736450122693946,0.6112387500829802,True,True,2.9742421699315315e-281,-0.20405072553010917,0.007536768245466581,0.8154210074753371,True,True,1.991313536137734e-161,-0.015417123817720988,0.04059736054598178,0.984701111638954,True,False,0.7041259511236877,-0.2996556906579762,0.006738671494371193,0.7410733352324813,True,True,0.0,-0.005292736172773191,0.015703642095782816,0.994721245677034,True,False,0.7360876760364077
131,3,0.002560708492710876,-0.4934730323056429,0.013736450122693946,0.6105024133880314,True,True,1.27325929997464e-282,-0.20030598376833175,0.007536768245466581,0.818480273080267,True,True,1.2465836307492372e-155,-0.035371313151646745,0.04059736054598178,0.9652469408246488,True,False,0.38360606336203473,-0.295340506891685,0.006738671494371193,0.7442781124867378,True,True,0.0,-0.001468086986529688,0.015703642095782816,0.9985329901260075,True,False,0.9255166467136843
132,3,0.0012355613818953264,-0.5022582271490418,0.013736450122693946,0.6051625210754633,True,True,1.0722439577932583e-292,-0.20056681914435948,0.007536768245466581,0.8182668123107372,True,True,4.959486795878206e-156,-0.015376560683440479,0.04059736054598178,0.9847410550124803,True,False,0.7048678422096695,-0.29747274448147193,0.006738671494371193,0.7426928254229891,True,True,0.0,-0.012227849260187253,0.015703642095782816,0.9878466070992076,True,False,0.43617809967879706
133,3,0.00329591667579913,-0.4924354242541223,0.013736450122693946,0.6111362043640821,True,True,1.9190983766294136e-281,-0.19442117565262834,0.007536768245466581,0.8233110726568462,True,True,9.741846760030864e-147,0.026718350140508853,0.04059736054598178,1.0270784855111896,True,False,0.5104544538050756,-0.29905300181924954,0.006738671494371193,0.7415201064788022,True,True,0.0,-0.015903274100097616,0.015703642095782816,0.9842225152597827,True,False,0.31119752207015416
134,3,0.004895359236115726,-0.49408811169032824,0.013736450122693946,0.6101270213990274,True,True,2.5429583282017353e-283,-0.21326826197677026,0.007536768245466581,0.807939368730251,True,True,3.757807477263125e-176,0.02950492021860354,0.04059736054598178,1.0299445030115293,True,False,0.4673672184687001,-0.30040278674571913,0.006738671494371193,0.7405198890074955,True,True,0.0,0.03141471689969076,0.015703642095782816,1.031913367071685,False,False,0.04544917903353874
135,3,0.012063637273773095,-0.465091084600271,0.013736450122693946,0.6280778943602208,False,True,2.7514448928843885e-251,-0.1866981532255192,0.007536768245466581,0.8296941390915685,True,True,1.812408091952016e-135,-0.02331700588452069,0.04059736054598178,0.9769527349138992,True,False,0.5657324495243338,-0.2950444257292947,0.006738671494371193,0.7444985118418631,True,True,0.0,-0.012095567278513691,0.015703642095782816,0.9879772900492935,True,False,0.441157767313049
136,3,0.009237588162996246,-0.47205409797635706,0.013736450122693946,0.6237197700276769,False,True,8.387764608512018e-259,-0.19439759047999527,0.007536768245466581,0.8233304908196151,True,True,1.0562104559891165e-146,0.044163303753448076,0.04059736054598178,1.045153018363898,True,False,0.276667149992191,-0.2920353514170413,0.006738671494371193,0.7467421371140299,True,True,0.0,0.005290275662180797,0.015703642095782816,1.0053042938796481,True,False,0.7362057922477343
137,3,0.0065513761472393295,-0.4839373480512865,0.013736450122693946,0.6163518163450293,True,True,6.906953767194911e-272,-0.20099401822217294,0.007536768245466581,0.8179173241389401,True,True,1.0932613072079277e-156,-0.01244799038633645,0.04059736054598178,0.9876291653694699,True,False,0.7591321093569912,-0.3122498331608417,0.006738671494371193,0.7317986778114375,True,True,0.0,0.006608752130409622,0.015703642095782816,1.0066306381192314,True,False,0.6738704609436579
138,3,0.002789965064606529,-0.5046387287001897,0.013736450122693946,0.6037236440593151,True,True,1.8613727336286214e-295,-0.2017291662583664,0.007536768245466581,0.8173162547888772,True,True,8.041812368378369e-158,0.03963398263877595,0.04059736054598178,1.0404298890888173,True,False,0.3289307134511936,-0.3056154662287348,0.006738671494371193,0.7366698394303213,True,True,0.0,-0.0013713007802781685,0.015703642095782816,0.9986296390230034,True,False,0.9304141832496893
139,3,0.004805195698532623,-0.5204706200930225,0.013736450122693946,0.5942408204824559,True,True,0.0,-0.20202101981211557,0.007536768245466581,0.817077752940879,True,True,2.846178423262965e-158,0.013140339174127387,0.04059736054598178,1.0132270528302778,True,False,0.7461843143965419,-0.30063834638453835,0.006738671494371193,0.7403454729534004,True,True,0.0,-0.0066380019323371686,0.015703642095782816,0.9933839809348236,True,False,0.6725107905620971
140,4,0.006690851722946552,-0.4885660083325269,0.013736450122693946,0.6135055255118008,True,True,4.517490666207138e-277,-0.19363223291224027,0.007536768245466581,0.8239608742451181,True,True,1.4479914104839653e-145,0.049849140684505806,0.04059736054598178,1.0511125143001183,True,False,0.21948782332575822,-0.2894358909804633,0.006738671494371193,0.7486857888842539,True,True,0.0,0.04106750482222549,0.015703642095782816,1.0419224379605114,False,True,0.00891861954276245
141,3,0.007243850928392896,-0.5219235838286405,0.013736450122693946,0.5933780370683627,True,True,0.0,-0.19895165672804155,0.007536768245466581,0.8195895140139915,True,True,1.4647249312805847e-153,-0.042830258234777555,0.04059736054598178,0.9580740014378875,True,False,0.2914248419187112,-0.31047581867889523,0.006738671494371193,0.7330980514768196,True,True,0.0,-0.0016399537634845922,0.015703642095782816,0.9983613902258948,True,False,0.9168269833639396
142,3,0.004926868546626939,-0.5169060055886585,0.013736450122693946,0.5963628397736562,True,True,6.884996348032e-310,-0.2012573761140027,0.007536768245466581,0.8177019475185751,True,True,4.29716661811514e-157,-0.032382181586244646,0.04059736054598178,0.9681365074197349,True,False,0.4250779600178134,-0.2951737977122126,0.006738671494371193,0.7444022008232147,True,True,0.0,-0.014737372984915923,0.015703642095782816,0.9853706905872964,True,False,0.34800371263152974
143,3,0.015023756182067602,-0.4462825928156734,0.013736450122693946,0.6400028862866658,False,True,1.5283243624288993e-231,-0.19414665399767664,0.007536768245466581,0.8235371204011329,True,True,2.4947931596175944e-146,-0.01607827211214154,0.04059736054598178,0.9840502933458891,True,False,0.6920738219625173,-0.290872629763296,0.006738671494371193,0.7476108953307372,True,True,0.0,-0.025793306364869057,0.015703642095782816,0.9745364992845882,True,False,0.10048544745086317
144,3,0.005369693154889259,-0.501409802514004,0.013736450122693946,0.6056761737335181,True,True,1.0256222370450566e-291,-0.18793387825393656,0.007536768245466581,0.8286694984953638,True,True,3.059531559421116e-137,-0.05880620876473313,0.04059736054598178,0.9428894751692293,True,False,0.14747085020392814,-0.2928499781026031,0.006738671494371193,0.7461340687498884,True,True,0.0,-0.023983887902733904,0.015703642095782816,0.9763014398949469,True,False,0.12669093517048538
145,3,0.004454318394916723,-0.5143930053062934,0.013736450122693946,0.5978633844032556,True,True,6.6455481072250484e-307,-0.2016121269168238,0.007536768245466581,0.817411918543272,True,True,1.2191817015168914e-157,-0.008863109477598913,0.04059736054598178,0.9911760520940385,True,False,0.8271818320725459,-0.30456868499071993,0.006738671494371193,0.7374413753410554,True,True,0.0,-0.021380108698119012,0.015703642095782816,0.9788468256547634,True,False,0.17336377809057046
146,3,0.001660373453260311,-0.4993199736334725,0.013736450122693946,0.6069432568259032,True,True,2.627597717472728e-289,-0.19583262127346274,0.007536768245466581,0.8221498335544661,True,True,7.582545419265163e-149,-0.028188362376249318,0.04059736054598178,0.9722052226671126,True,False,0.48746914971782207,-0.2984496170181168,0.006738671494371193,0.7419676634517447,True,True,0.0,-0.015750447331458535,0.015703642095782816,0.9843729423007581,True,False,0.31587025359184895
147,3,0.004862977059807538,-0.4901221551994202,0.013736450122693946,0.612551563255651,True,True,7.958809819933504e-279,-0.196763183726169,0.007536768245466581,0.8213851276473468,True,True,3.027974112278496e-150,-0.0378948191340336,0.04059736054598178,0.9628142051974399,True,False,0.3505976806178752,-0.2920490957007683,0.006738671494371193,0.7467318737487579,True,True,0.0,0.008782141120294835,0.015703642095782816,1.0088208172584832,True,False,0.5759963595700606
148,3,0.0061954088390002715,-0.48196377724117556,0.013736450122693946,0.617569431428104,True,True,1.0834935016754705e-269,-0.19299171513777347,0.007536768245466581,0.8244888048869681,True,True,1.284938141295838e-144,-0.02206696028869049,0.04059736054598178,0.9781747339956717,True,False,0.5867466825223535,-0.30241836327438426,0.006738671494371193,0.739028817689174,True,True,0.0,0.011290862835183095,0.015703642095782816,1.0113548452056085,True,False,0.47214311028905154
149,3,0.007720761256683935,-0.5124646466462335,0.013736450122693946,0.5990173917505288,True,True,1.2674901283929367e-304,-0.18947456442574956,0.007536768245466581,0.8273937618652739,True,True,1.8166539236624925e-139,0.03341164417073127,0.04059736054598178,1.0339760818760038,True,False,0.41050776312224013,-0.29061406293494835,0.006738671494371193,0.747804227702373,True,True,0.0,0.004466987384568326,0.015703642095782816,1.0044769792450134,True,False,0.7760613308795588
150,3,0.00463537131086252,-0.5026952627645103,0.013736450122693946,0.6048981012852482,True,True,3.3456323423331376e-293,-0.20937651884230182,0.007536768245466581,0.8110897875557265,True,True,7.426501334861873e-170,-0.0411317944022022,0.04059736054598178,0.9597026381770379,True,False,0.3109817127314123,-0.2937661286246997,0.006738671494371193,0.7454508106646649,True,True,0.0,-0.004668970723756729,0.015703642095782816,0.9953419119764622,True,False,0.766223970911417
151,4,0.004691892145650615,-0.5032033964374147,0.013736450122693946,0.6045908102703771,True,True,8.62627305421743e-294,-0.20969441045758003,0.007536768245466581,0.8108319898910538,True,True,2.2953775866978224e-170,0.10681658127418145,0.04059736054598178,1.1127301402162104,False,True,0.008510364738822633,-0.29429685598737143,0.006738671494371193,0.7450552844894853,True,True,0.0,0.009600377694127608,0.015703642095782816,1.0096466091480982,True,False,0.5409697466837169
152,3,0.005153781504283694,-0.49153693001923926,0.013736450122693946,0.61168555347698,True,True,2.001320571782557e-280,-0.206259271652213,0.007536768245466581,0.8136220997879013,True,True,6.765189565775199e-165,0.002845305476730643,0.04059736054598178,1.0028493572002444,True,False,0.9441252319235776,-0.3070410226035432,0.006738671494371193,0.7356204232232938,True,True,0.0,-0.007034796748019568,0.015703642095782816,0.9929898895130939,True,False,0.6541731841922163
153,3,0.00365095202979319,-0.5070240913780698,0.013736450122693946,0.6022852604263677,True,True,3.0950159648931544e-298,-0.2021801365366567,0.007536768245466581,0.8169477525480282,True,True,1.6145658521966476e-158,0.08171787639283154,0.04059736054598178,1.0851496203147342,False,False,0.04412657781312567,-0.306669512507745,0.006738671494371193,0.7358937644085577,True,True,0.0,-0.014432402179414584,0.015703642095782816,0.9856712457084614,True,False,0.3580704222785034
154,3,0.0055799776467010025,-0.5270056503444116,0.013736450122693946,0.5903701001566435,False,True,0.0,-0.19945194802699565,0.007536768245466581,0.8191795830624106,True,True,2.5276207336783873e-154,-0.017204949789444625,0.04059736054598178,0.9829422101905276,True,False,0.6717154798238298,-0.29982380036623246,0.006738671494371193,0.7409487640814022,True,True,0.0,-0.01024646184192262,0.015703642095782816,0.989805854310593,True,False,0.5140854334805207
155,3,0.005160852134904063,-0.5143486332546137,0.013736450122693946,0.5978899134168147,True,True,7.500666851385185e-307,-0.19289463445361765,0.007536768245466581,0.824568850709614,True,True,1.7877674719809723e-144,0.06696815510063675,0.04059736054598178,1.0692614271098875,True,False,0.09903108115225817,-0.3013557887941127,0.006738671494371193,0.7398145082044566,True,True,0.0,0.006005886994502486,0.015703642095782816,1.0060239584941453,True,False,0.7021262361977328
156,4,0.006599921159695247,-0.5158662566281562,0.013736450122693946,0.5969832298854891,True,True,1.187268462749346e-308,-0.20950703225429404,0.007536768245466581,0.8109839363677707,True,True,4.586918155499487e-170,-0.008318611050148408,0.04059736054598178,0.991715892853615,True,False,0.8376461776285649,-0.3033878263198428,0.006738671494371193,0.7383127037399876,True,True,0.0,-0.033283316417423214,0.015703642095782816,0.9672644788582291,False,True,0.034051206779981115
157,3,0.0023702561339895567,-0.5008682718995928,0.013736450122693946,0.6060042547489536,True,True,4.325904759529162e-291,-0.1987600457523676,0.007536768245466581,0.8197465714069034,True,True,2.867444309818867e-153,-0.028023337338132476,0.04059736054598178,0.9723656741099292,True,False,0.49002135482090026,-0.29251136032553343,0.006738671494371193,0.7463867657910851,True,True,0.0,0.0038306529359345563,0.015703642095782816,1.0038379992643085,True,False,0.8072819014514402
158,3,0.0035730468672162674,-0.5069397557735604,0.013736450122693946,0.6023360566598283,True,True,3.882799064981421e-298,-0.19509100169848062,0.007536768245466581,0.8227597821115373,True,True,9.766913521439619e-148,-0.00433786843486598,0.04059736054598178,0.9956715265268012,True,False,0.914907189559262,-0.30337427060211525,0.006738671494371193,0.7383227121664298,True,True,0.0,0.016153632135260047,0.015703642095782816,1.0162848074181048,True,False,0.3036417578403866
159,3,0.001789293219244888,-0.5051061889636556,0.013736450122693946,0.6034414931978985,True,True,5.323894599594999e-296,-0.198750349920898,0.007536768245466581,0.8197545195700396,True,True,2.9665386544708676e-153,-0.07568257975671441,0.04059736054598178,0.9271104434810564,True,False,0.06229023400400367,-0.29830743241119184,0.006738671494371193,0.7420731673326598,True,True,0.0,0.01692968375480994,0.015703642095782816,1.017073802999877,True,False,0.28100086124448287
160,3,0.009784624513440717,-0.49842249178243975,0.013736450122693946,0.6074882218950611,True,True,2.823854930276491e-288,-0.18319765292506543,0.007536768245466581,0.8326035729408795,False,True,1.6455683243470927e-130,-0.01855916581638017,0.04059736054598178,0.9816119949985925,True,False,0.6475617743803388,-0.28058503321554923,0.006738671494371193,0.7553417121767146,False,True,0.0,-0.011038191439309165,0.015703642095782816,0.9890225058610643,True,False,0.48211404645228206
161,3,0.0016582524925697155,-0.5008353442654757,0.013736450122693946,0.6060242093638547,True,True,4.721321931045206e-291,-0.20202709618296988,0.007536768245466581,0.8170727880885195,True,True,2.785245687709378e-158,0.0012236740094609374,0.04059736054598178,1.0012244230039788,True,False,0.9759540332883014,-0.30380077890714385,0.006738671494371193,0.7380078785422498,True,True,0.0,0.018234923044290557,0.015703642095782816,1.0184021944336066,True,False,0.24556435889191985
162,4,0.0011864535833117456,-0.5036071588306887,0.013736450122693946,0.6043467485126662,True,True,2.9353186013231715e-294,-0.19834176832414785,0.007536768245466581,0.8200895246143762,True,True,1.2398610649885437e-152,0.08535273671150807,0.04059736054598178,1.089101164915057,False,True,0.03551642754692459,-0.29997748728989776,0.006738671494371193,0.7408348986952915,True,True,0.0,-0.009261346902621561,0.015703642095782816,0.9907814072816911,True,False,0.5553529748364124
163,3,0.0017590691374663736,-0.4982361076116201,0.013736450122693946,0.607601458636022,True,True,4.621483951453862e-288,-0.2016732316814383,0.007536768245466581,0.8173619723063884,True,True,9.811439305850871e-158,-0.015987397853040458,0.04059736054598178,0.9841397222505464,True,False,0.6937258441043828,-0.2961769205232545,0.006738671494371193,0.743655848399135,True,True,0.0,0.014631902434401982,0.015703642095782816,1.0147394727311772,True,False,0.35146462369098974
164,3,0.002870833819438756,-0.5032834586427173,0.013736450122693946,0.60454240733445,True,True,6.966582653586174e-294,-0.20755704921567306,0.007536768245466581,0.8125668841473547,True,True,5.950443486162736e-167,-0.04510265090438234,0.04059736054598178,0.9558993528636024,True,False,0.266579128728501,-0.2993787448193257,0.006738671494371193,0.7412786008312235,True,True,0.0,-0.008643568941289908,0.015703642095782816,0.991393679304215,True,False,0.5820326327175722
165,3,0.005525135831871271,-0.513948063365997,0.013736450122693946,0.598129458086825,True,True,2.2359578104137534e-306,-0.1933910897278401,0.007536768245466581,0.8241595907527576,True,True,3.2967191582670004e-145,-0.06314139877517412,0.04059736054598178,0.93881071761799,True,False,0.11987273802054059,-0.30371274314715524,0.006738671494371193,0.7380728524866882,True,True,0.0,-0.0027977543003188093,0.015703642095782816,0.9972061557669245,True,False,0.8585976513107785
166,3,0.006449682648583958,-0.5290462520198717,0.013736450122693946,0.5891666182723109,False,True,0.0,-0.20084198684101956,0.007536768245466581,0.81804168269236,True,True,1.8732436433911267e-156,0.05327585451301557,0.04059736054598178,1.0547205544180962,True,False,0.189419445022033,-0.30175086265123047,0.006738671494371193,0.7395222845619104,True,True,0.0,-0.0021795583554418173,0.015703642095782816,0.9978228151571543,True,False,0.8896135868480343
167,3,0.002330596070371227,-0.5013352543993125,0.013736450122693946,0.6057213274334242,True,True,1.2504848993859416e-291,-0.19523809978598788,0.007536768245466581,0.8226387646220497,True,True,5.887586928573507e-148,-0.046772152164543,0.04059736054598178,0.95430480910618,True,False,0.24928066043590968,-0.29693452458529435,0.006738671494371193,0.7430926650695545,True,True,0.0,0.0030877660992733647,0.015703642095782816,1.0030925381594198,True,False,0.8441191378680759
168,3,0.003812830913246986,-0.507891489292927,0.013736450122693946,0.601763065955263,True,True,2.997910633819413e-299,-0.20817769339411213,0.007536768245466581,0.8120627257087996,True,True,6.121796316376517e-168,0.009299431561647324,0.04059736054598178,1.0093428056224443,True,False,0.8188184504066567,-0.29999612373515855,0.006738671494371193,0.7408210922949061,True,True,0.0,0.00641565592617171,0.015703642095782816,1.0064362803294205,True,False,0.6828730642915499
169,3,0.002255158338306177,-0.49979106479723706,0.013736450122693946,0.6066573985586446,True,True,7.542119136679337e-290,-0.20443501422170918,0.007536768245466581,0.8151077106053489,True,True,4.991508386701546e-162,0.023173077800896516,0.04059736054598178,1.0234436595969454,True,False,0.5681334795379656,-0.30407906879771845,0.006738671494371193,0.7378025269854435,True,True,0.0,0.004569026466953646,0.015703642095782816,1.0045794803837251,True,False,0.7710870373453835
170,3,0.010553336793459414,-0.5233025147410377,0.013736450122693946,0.5925603736305688,True,True,0.0,-0.21580085996126255,0.007536768245466581,0.8058957720101911,False,True,2.6044423999895904e-180,-0.02708693926880867,0.04059736054598178,0.9732766218881499,True,False,0.5046384081655546,-0.3065747845127918,0.006738671494371193,0.735963477451195,True,True,0.0,0.01009840357923189,0.015703642095782816,1.0101495645262648,True,False,0.5201843627361689
171,4,0.0056854452498786845,-0.4906905779521178,0.013736450122693946,0.612203473950209,True,True,1.814461560829688e-279,-0.20970889163772677,0.007536768245466581,0.8108202481719565,True,True,2.1757374687089768e-170,0.11347004551949547,0.04059736054598178,1.1201583346288362,False,True,0.005189804332009078,-0.30469910557746943,0.006738671494371193,0.7373452040756827,True,True,0.0,0.009111701816147313,0.015703642095782816,1.0091533397391699,True,False,0.5617604887546773
172,3,0.005631515210854625,-0.48142823752466846,0.013736450122693946,0.6179002529624632,True,True,4.256507829316609e-269,-0.1968600985552951,0.007536768245466581,0.8213055271053529,True,True,2.1632474137029687e-150,-0.0030999631090429807,0.04059736054598178,0.9969048368154517,True,False,0.9391336981525992,-0.2960255842271645,0.006738671494371193,0.7437683990370809,True,True,0.0,-0.0009666643331383124,0.015703642095782816,0.9990338027363163,True,False,0.950915862556022
173,3,0.004451152291013338,-0.5023855948507882,0.013736450122693946,0.6050854478243965,True,True,7.637063325406672e-293,-0.18756875822640856,0.007536768245466581,0.8289721175682462,True,True,1.0247527958930183e-136,0.030522262042364558,0.04059736054598178,1.0309928417996252,True,False,0.45215406189722196,-0.29775247426248563,0.006738671494371193,0.7424851011762567,True,True,0.0,-0.003605990548818472,0.015703642095782816,0.9964005032272573,True,False,0.8183811135010067
174,3,0.004268681650076729,-0.48128687261670305,0.013736450122693946,0.6179876085492167,True,True,6.106605456153593e-269,-0.19999518379601605,0.007536768245466581,0.8187346962617922,True,True,3.732543102517074e-155,-0.07422540402424337,0.04059736054598178,0.9284623910940214,True,False,0.06749992246096015,-0.3018174170321758,0.006738671494371193,0.7394730677518814,True,True,0.0,0.01628705150106277,0.015703642095782816,1.016420408538292,True,False,0.2996653892459039
175,3,0.004883440445346572,-0.518187185658467,0.013736450122693946,0.5955992808216631,True,True,0.0,-0.20285293476683067,0.007536768245466581,0.8163982964032565,True,True,1.461763026831248e-159,-0.03779961900185796,0.04059736054598178,0.9629058696001976,True,False,0.3518092715209906,-0.2981301891576613,0.006738671494371193,0.7422047064520619,True,True,0.0,-0.009720789441131044,0.015703642095782816,0.9903263047115671,True,False,0.5359065012379554
176,3,0.003474533406806627,-0.4949594531363895,0.013736450122693946,0.6095956239858371,True,True,2.5870540041285544e-284,-0.19226346191790455,0.007536768245466581,0.8250894602019099,True,True,1.5242723741330251e-143,0.018018212788839454,0.04059736054598178,1.0181815201459532,True,False,0.6571675226837161,-0.3013506744793003,0.006738671494371193,0.7398182918584297,True,True,0.0,-0.017701931633616726,0.015703642095782816,0.9824538271270025,True,False,0.2596367667565357
177,3,0.004483323367236854,-0.493084083034963,0.013736450122693946,0.6107399140413258,True,True,3.522492219917887e-282,-0.19271829092322806,0.007536768245466581,0.8247142709133767,True,True,3.2558186164584867e-144,-0.010988998320642037,0.04059736054598178,0.9890711601592781,True,False,0.7866351754434866,-0.3044064514872939,0.006738671494371193,0.7375610227440945,True,True,0.0,-0.007079760836620818,0.015703642095782816,0.9929452416315049,True,False,0.6521080444549987
178,3,0.009714862809434862,-0.5303476526353863,0.013736450122693946,0.5884003751754148,False,True,0.0,-0.19427960909006978,0.007536768245466581,0.8234276342257343,True,True,1.5823961194827291e-146,-0.04270754138122193,0.04059736054598178,0.9581915804791348,True,False,0.2928095164209703,-0.29150852609672534,0.006738671494371193,0.7471356434250513,True,True,0.0,-0.001602469877805432,0.015703642095782816,0.9983988133914908,True,False,0.918721375159169
179,3,0.005903732874378361,-0.4979103105929165,0.013736450122693946,0.6077994456298405,True,True,1.0928288909494002e-287,-0.18549945468680712,0.007536768245466581,0.8306892885666273,True,True,9.259902544245025e-134,-0.013322041628410768,0.04059736054598178,0.9867663040182209,True,False,0.7427979197589623,-0.29396564226012983,0.006738671494371193,0.7453020978990005,True,True,0.0,0.018454179865190226,0.015703642095782816,1.0186255105420507,True,False,0.23993356729100634
180,3,0.005843094778550384,-0.5109138338441633,0.013736450122693946,0.5999470762873331,True,True,8.524720962084612e-303,-0.19261062925167668,0.007536768245466581,0.8248030658101532,True,True,4.693453136201115e-144,0.020306994685269825,0.04059736054598178,1.0205145844957826,True,False,0.616930877615022,-0.2934431571979967,0.006738671494371193,0.7456916088598974,True,True,0.0,0.0008104002885771021,0.015703642095782816,1.000810728751614,True,False,0.9588427330576503
181,3,0.00461675025886521,-0.5123182723056251,0.013736450122693946,0.5991050789436803,True,True,1.8866565468108695e-304,-0.20327782709272468,0.007536768245466581,0.8160514887154219,True,True,3.193726024295056e-160,0.01481889370406912,0.04059736054598178,1.0149292378952262,True,False,0.7150956466504848,-0.29495696868729515,0.006738671494371193,0.7445636263268004,True,True,0.0,0.00023855050709066915,0.015703642095782816,1.0002385789625254,True,False,0.9878799806205029
182,3,0.0045245122042023205,-0.485229716072405,0.013736450122693946,0.6155557774662184,True,True,2.4929381202238975e-273,-0.20199894385448164,0.007536768245466581,0.8170957909138385,True,True,3.078971591187691e-158,0.006925378731044294,0.04059736054598178,1.0069494146201705,True,False,0.8645485828095097,-0.2960749578857937,0.006738671494371193,0.7437316773765966,True,True,0.0,-0.005395601241325027,0.015703642095782816,0.9946189288704104,True,False,0.7311552758713927
183,3,0.004438615893639808,-0.5005550133518321,0.013736450122693946,0.6061941204987149,True,True,9.939483079630011e-291,-0.1983919126298548,0.007536768245466581,0.8200484028255672,True,True,1.0404293517294875e-152,-0.022274214157168588,0.04059736054598178,0.9779720245048922,True,False,0.5832376803071695,-0.31586680739476963,0.006738671494371193,0.7291565619623024,False,True,0.0,0.010427255294739746,0.015703642095782816,1.0104818085699965,True,False,0.5066888054022147
184,3,0.0045772050300070255,-0.49539299231992884,0.013736450122693946,0.6093313976770928,True,True,8.28544986029717e-285,-0.19975305522614248,0.007536768245466581,0.8189329593245113,True,True,8.760766754151713e-155,-0.010329443135206279,0.04059736054598178,0.9897237223484578,True,False,0.7991584924622244,-0.3145880814005845,0.006738671494371193,0.7300895498026856,False,True,0.0,-0.007825970446181484,0.015703642095782816,0.9922045727319259,True,False,0.6182346610503514
185,3,0.005623571078473481,-0.507892195374485,0.013736450122693946,0.6017626410616098,True,True,2.992214241004268e-299,-0.192613407902877,0.007536768245466581,0.8248007739733085,True,True,4.649371824341823e-144,0.03910997981723675,0.04059736054598178,1.0398848437064516,True,False,0.3353655757411388,-0.30817659514238366,0.006738671494371193,0.7347855469926478,True,True,0.0,0.0029713164311297204,0.015703642095782816,1.0029757351672004,True,False,0.8499267176577673
186,4,0.004653999657958689,-0.4968630430661383,0.013736450122693946,0.608436307676305,True,True,1.731316814428191e-286,-0.21026398582727615,0.007536768245466581,0.8103702914591595,True,True,2.787841440623999e-171,-0.00012053777617841188,0.04059736054598178,0.9998794694882075,True,False,0.9976310014245673,-0.30500141509829476,0.006738671494371193,0.7371223312903357,True,True,0.0,0.03346055785626248,0.015703642095782816,1.0340266586938587,False,True,0.03310962561484853
187,5,0.0034347862036179975,-0.4876903107990154,0.013736450122693946,0.6140430060881477,True,True,4.360260441969243e-276,-0.20340770725283208,0.007536768245466581,0.8159455067000412,True,True,2.004925032798672e-160,0.08853045473352232,0.04059736054598178,1.0925675259566696,False,True,0.02920599482679141,-0.3000091329939067,0.006738671494371193,0.7408114548243188,True,True,0.0,0.034841565699139244,0.015703642095782816,1.0354556441121823,False,True,0.026507596311029683
188,3,0.007327893033417891,-0.5080115392288345,0.013736450122693946,0.6016908286738908,True,True,2.1695212542885993e-299,-0.20959934003717126,0.007536768245466581,0.8109090796936355,True,True,3.2616513169445063e-170,-0.047368466364027646,0.04059736054598178,0.9537359132350743,True,False,0.24329645945599332,-0.312663463861853,0.006738671494371193,0.7314960460045532,True,True,0.0,0.005753157620322898,0.015703642095782816,1.0057697388144486,True,False,0.7140978268178064
189,3,0.006834925878253184,-0.4883413120831679,0.013736450122693946,0.613643393390962,True,True,8.085539838160535e-277,-0.1958435082891408,0.007536768245466581,0.8221408828450619,True,True,7.302805504074293e-149,-0.04605168046780171,0.04059736054598178,0.9549926064507132,True,False,0.2566470970261493,-0.28661579463332004,0.006738671494371193,0.7508001348710688,False,True,0.0,0.02086102319662902,0.015703642095782816,1.0210801353230263,True,False,0.1840395859273145
190,3,0.0011781167957633694,-0.49734932494846146,0.013736450122693946,0.6081405080501628,True,True,4.803646465825214e-287,-0.2020394043959412,0.007536768245466581,0.8170627314445204,True,True,2.66578395055664e-158,0.01156829747557982,0.04059736054598178,1.0116354689989824,True,False,0.7756809467217514,-0.29965384756875396,0.006738671494371193,0.7410747010980171,True,True,0.0,-0.02367810579633615,0.015703642095782816,0.9766000210537784,True,False,0.13160320756141514
191,3,0.0016014129550866452,-0.5014875486074306,0.013736450122693946,0.6056290866075725,True,True,8.340453029437998e-292,-0.19886685121936515,0.007536768245466581,0.81965902266695,True,True,1.9720230997249273e-153,-0.07082472387168992,0.04059736054598178,0.9316251694706048,True,False,0.08106066244697582,-0.3040230966808051,0.006738671494371193,0.737843824510487,True,True,0.0,0.007556144648273695,0.015703642095782816,1.0075847643486988,True,False,0.6303946316187456
192,3,0.0038509086679893536,-0.5028022875734294,0.013736450122693946,0.6048333656457641,True,True,2.51502958365472e-293,-0.2041621981912753,0.007536768245466581,0.8153301153917484,True,True,1.3333593747911732e-161,0.0235688680340449,0.04059736054598178,1.0238488087733462,True,False,0.5615426105073973,-0.308751241527532,0.006738671494371193,0.7343634264308526,True,True,0.0,-0.025123103070367823,0.015703642095782816,0.9751898557734002,True,False,0.10963707404605465
193,3,0.00811335161384071,-0.47583741488652787,0.013736450122693946,0.6213644986528783,True,True,6.2110430790809236e-263,-0.21096025822573775,0.007536768245466581,0.8098062493789363,True,True,2.1020976877089337e-172,0.007736997538969892,0.04059736054598178,1.0077670054448704,True,False,0.8488555761409152,-0.29921507879160913,0.006738671494371193,0.7413999328839496,True,True,0.0,-0.014039657304172646,0.015703642095782816,0.9860584390680136,True,False,0.37130140548282875
194,3,0.0012861652368632386,-0.4985841050226327,0.013736450122693946,0.607390051688158,True,True,1.8419239171419745e-288,-0.20231431886400283,0.007536768245466581,0.8168381399514723,True,True,1.0006471123971845e-158,-0.02423532922180508,0.04059736054598178,0.9760559882327267,True,False,0.5505286782254158,-0.3014947226349607,0.006738671494371193,0.7397117300731623,True,True,0.0,0.015758483437653,0.015703642095782816,1.0158833031322279,True,False,0.31562340521640797
195,3,0.00264854620613153,-0.49571377793597554,0.013736450122693946,0.6091359642771,True,True,3.565773493727194e-285,-0.20434291161888066,0.007536768245466581,0.8151827876044218,True,True,6.955916040711074e-162,0.06353017951427715,0.04059736054598178,1.065591644354444,True,False,0.11760999799070639,-0.2975834776288872,0.006738671494371193,0.7426105892620858,True,True,0.0,-0.00234367234400418,0.015703642095782816,0.9976590719117264,True,False,0.8813612031146337
196,3,0.011935260207860066,-0.533528196188311,0.013736450122693946,0.5865319150900407,False,True,0.0,-0.21052676779938778,0.007536768245466581,0.8101573687331813,True,True,1.0519954982735531e-171,-0.06694895574648478,0.04059736054598178,0.9352429388960735,True,False,0.09912791419683181,-0.309812392850083,0.006738671494371193,0.7335845690255309,True,True,0.0,0.010808424199419216,0.015703642095782816,1.0108670462298117,True,False,0.4912796244364974
197,3,0.0016528482321530962,-0.5024727598633407,0.013736450122693946,0.6050327078423156,True,True,6.054148401820301e-293,-0.1993245418692203,0.007536768245466581,0.8192839582344952,True,True,3.955606716976213e-154,0.017928537105593844,0.04059736054598178,1.0180902181163132,True,False,0.6587654436019124,-0.2960831181540701,0.006738671494371193,0.7437256083513459,True,True,0.0,0.02150848104841416,0.015703642095782816,1.021741455739389,True,False,0.17079642920161142
198,3,0.00702274609388065,-0.4758351600194227,0.013736450122693946,0.6213658997488263,True,True,6.246491065811084e-263,-0.20314677073923354,0.007536768245466581,0.8161584444562555,True,True,5.107374931828088e-160,0.030266000392737726,0.04059736054598178,1.0307286717230075,True,False,0.45595956623843503,-0.295070754585773,0.006738671494371193,0.7444789103054407,True,True,0.0,0.01421571761974899,0.015703642095782816,1.0143172414410175,True,False,0.36533310653300477
199,3,0.007958174874049706,-0.5112107280717325,0.013736450122693946,0.599768981902442,True,True,3.8124028256247076e-303,-0.18032175416239216,0.007536768245466581,0.8350015029753753,False,True,1.6584932193393192e-126,-0.03402999648197615,0.04059736054598178,0.9665425113276399,True,False,0.4019005598583856,-0.2988639336308867,0.006738671494371193,0.741660317596282,True,True,0.0,0.017754219084407035,0.015703642095782816,1.0179127621114405,True,False,0.25823203257334804
200,3,0.004709369505890663,-0.487232004513414,0.013736450122693946,0.6143244903555449,True,True,1.4259981725327873e-275,-0.1998231266451311,0.007536768245466581,0.8188755775404298,True,True,6.844717886053391e-155,-0.025932698405287353,0.04059736054598178,0.9744006661207416,True,False,0.522967400080488,-0.2916798206838421,0.006738671494371193,0.7470076740940303,True,True,0.0,-0.0004641036072611769,0.015703642095782816,0.9995360040721591,True,False,0.9764228449568308
201,3,0.003926315276220338,-0.49296509368828756,0.013736450122693946,0.6108125899084274,True,True,4.8081609649430035e-282,-0.19886123178527207,0.007536768245466581,0.8196636286997483,True,True,2.01126023107043e-153,0.03825745532230837,0.04059736054598178,1.038998694191042,True,False,0.3460067625276082,-0.29117836310192896,0.006738671494371193,0.7473823606928185,True,True,0.0,0.01916730714211401,0.015703642095782816,1.019352179251432,True,False,0.22225097656298753
202,3,0.00505993879848754,-0.5063068204078421,0.013736450122693946,0.6027174171276678,True,True,2.1267993479677326e-297,-0.20536026853802303,0.007536768245466581,0.8143538774753087,True,True,1.7652103474456223e-163,-0.04842645847549382,0.04059736054598178,0.9527274017551175,True,False,0.2329291184019947,-0.30947989826894046,0.006738671494371193,0.733828522473894,True,True,0.0,-0.011155288273001024,0.015703642095782816,0.9889067012374877,True,False,0.47747898393015575
203,3,0.004914782321472133,-0.48164044601465816,0.013736450122693946,0.6177691431946127,True,True,2.4755338103830302e-269,-0.2023820397311483,0.007536768245466581,0.8167828248373322,True,True,7.858981659027376e-159,0.048892083698201874,0.04059736054598178,1.0501070209588785,True,False,0.22846715235299564,-0.30210520700182825,0.006738671494371193,0.7392602854399304,True,True,0.0,-0.00270489681757591,0.015703642095782816,0.997298758119669,True,False,0.8632437709903787
204,3,0.005423028234623854,-0.501308558844856,0.013736450122693946,0.6057374977159425,True,True,1.3424693966462771e-291,-0.19253393881792263,0.007536768245466581,0.8248663227406016,True,True,6.089466129725463e-144,-0.018879941146525327,0.04059736054598178,0.9812971685837955,True,False,0.6418932056500162,-0.3126883151148079,0.006738671494371193,0.7314778676371569,True,True,0.0,0.008275146422565199,0.015703642095782816,1.0083094800867443,True,False,0.5982233480680377
205,3,0.008136075760137121,-0.49650450976658334,0.013736450122693946,0.6086544914640046,True,True,4.452031911898431e-286,-0.1823097456564782,0.007536768245466581,0.8333431760060235,False,True,2.877825984241038e-129,0.05908749346085393,0.04059736054598178,1.0608680556974512,True,False,0.14554427949029966,-0.2896971770349819,0.006738671494371193,0.7484901932827164,True,True,0.0,-0.003536742254083791,0.015703642095782816,0.9964695046520664,True,False,0.821809717448262
206,3,0.0033778322138375096,-0.5106142523857128,0.013736450122693946,0.6001268362324693,True,True,1.9191957434520168e-302,-0.20276054339164482,0.007536768245466581,0.8164737280491237,True,True,2.0339263417114607e-159,-0.024392797733789016,0.04059736054598178,0.9759023022493157,True,False,0.547941971290431,-0.3019898454821494,0.006738671494371193,0.7393455725492276,True,True,0.0,0.0135603265389858,0.015703642095782816,1.01365268476396,True,False,0.38785451461089426
207,3,0.0020216250383042755,-0.496839943049556,0.013736450122693946,0.6084503627274369,True,True,1.839980162424092e-286,-0.1997065308775309,0.007536768245466581,0.8189710605333105,True,True,1.0320211261337497e-154,0.03932943968517178,0.04059736054598178,1.0401130817405475,True,False,0.3326607604886478,-0.29474282724755785,0.006738671494371193,0.7447230853264986,True,True,0.0,-0.002714914308223428,0.015703642095782816,0.997288767738726,True,False,0.8627423156948173
208,3,0.006034294581077182,-0.5054595752599517,0.013736450122693946,0.6032282829186003,True,True,2.065129126319137e-296,-0.20925230272541817,0.007536768245466581,0.8111905442372529,True,True,1.1744370453251759e-169,0.009263798728447712,0.04059736054598178,1.0093068405193832,True,False,0.8195006985208724,-0.309848717136835,0.006738671494371193,0.7335579225732484,True,True,0.0,0.009760352999359926,0.015703642095782816,1.00980814059275,True,False,0.534248100145118
209,3,0.012213531263732555,-0.5278553270491719,0.013736450122693946,0.5898686894840035,False,True,0.0,-0.2128280328733247,0.007536768245466581,0.8082951254556721,True,True,1.9629736403863545e-175,-0.017825096259123808,0.04059736054598178,0.9823328310206794,True,False,0.6606105809872609,-0.3129653856580859,0.006738671494371193,0.7312752247414599,True,True,0.0,-0.0030823697354946515,0.015703642095782816,0.9969223758889233,True,False,0.8443880808013144
210,3,0.006712533231381768,-0.49683804877514925,0.013736450122693946,0.6084515153004785,True,True,1.8491875915978853e-286,-0.19369881288871907,0.007536768245466581,0.8239060167757163,True,True,1.1535391366761543e-145,-0.05540183420755363,0.04059736054598178,0.9461048942486844,True,False,0.17235807700042693,-0.28254900111243425,0.006738671494371193,0.7538597010902837,False,True,0.0,0.018859760786636568,0.015703642095782816,1.0190387294064045,True,False,0.22975894219242254
211,3,0.002751601283086158,-0.4980421550983816,0.013736450122693946,0.6077193158949581,True,True,7.714769038017075e-288,-0.20620031957586166,0.007536768245466581,0.8136700659138867,True,True,8.382180744594217e-165,-0.0032051687085037114,0.04059736054598178,0.9967999623612759,True,False,0.9370722540983555,-0.30271075931340463,0.006738671494371193,0.7388127601788792,True,True,0.0,-0.007880998707512507,0.015703642095782816,0.9921499749416283,True,False,0.615767397847494
212,3,0.0039979193672298186,-0.4849470429145063,0.013736450122693946,0.6157298031567345,True,True,5.159016064089438e-273,-0.19879780111260426,0.007536768245466581,0.8197156221640508,True,True,2.512073963622668e-153,0.008213407997278375,0.04059736054598178,1.0082472305688555,True,False,0.839671379175445,-0.3024458897503072,0.006738671494371193,0.7390084751101985,True,True,0.0,0.025747313580140936,0.015703642095782816,1.0260816388170118,True,False,0.1010933713553759
213,3,0.0032250168283223988,-0.49211582424315137,0.013736450122693946,0.6113315547170263,True,True,4.420760610288606e-281,-0.20190946085103476,0.007536768245466581,0.8171689103707389,True,True,4.234143455387616e-158,0.005242727209234583,0.04059736054598178,1.0052564943521398,True,False,0.8972471820817844,-0.30448118007701197,0.006738671494371193,0.7375059079083864,True,True,0.0,-0.015672444379770098,0.015703642095782816,0.9844497292905868,True,False,0.3182728874763645
214,3,0.0034214472879725935,-0.48904136785702157,0.013736450122693946,0.6132139591218393,True,True,1.3172702682491748e-277,-0.20103277522158547,0.007536768245466581,0.8178856247319799,True,True,9.52962369359805e-157,-0.02573741222661149,0.04059736054598178,0.974590971684746,True,False,0.5261019510315046,-0.29631370498545617,0.006738671494371193,0.7435541347904279,True,True,0.0,-0.01203087999490281,0.015703642095782816,0.9880412016835687,True,False,0.44360468728861535
215,3,0.0036220684011943525,-0.511913443691109,0.013736450122693946,0.5993476629218935,True,True,5.665097652411981e-304,-0.19956749374716112,0.007536768245466581,0.8190849358356871,True,True,1.6834877841492262e-154,-0.0001093104418612331,0.04059736054598178,0.9998906955323075,True,False,0.9978516581536846,-0.29551635198790505,0.006738671494371193,0.7441472463368557,True,True,0.0,-0.025376408841411065,0.015703642095782816,0.9749428658383786,True,False,0.10610363146562321
216,3,0.005173903055555466,-0.5189265511886693,0.013736450122693946,0.5951590779990604,True,True,0.0,-0.20388977896254587,0.007536768245466581,0.8155522572494263,True,True,3.5520162447468247e-161,-0.03143654376464578,0.04059736054598178,0.9690524469228847,True,False,0.4387241689194702,-0.2986892938446221,0.006738671494371193,0.7417898523062557,True,True,0.0,-0.031722655945524196,0.015703642095782816,0.9687752288735315,False,False,0.043374808557714764
217,3,0.003108333378969763,-0.4924971512324745,0.013736450122693946,0.6110984819370828,True,True,1.6333412307068423e-281,-0.19633638789935123,0.007536768245466581,0.8217357662122524,True,True,1.3288000112864022e-149,-0.02595829157333267,0.04059736054598178,0.9743757284398686,True,False,0.5225573143324578,-0.2976376175658682,0.006738671494371193,0.7425703854599072,True,True,0.0,-0.004567152465840387,0.015703642095782816,0.9954432611154796,True,False,0.7711783087453699
218,3,0.0023307712638170517,-0.5096473157742092,0.013736450122693946,0.6007074014816316,True,True,2.625742950430793e-301,-0.20047981993976613,0.007536768245466581,0.8183380039693172,True,True,6.745368662945908e-156,-0.011871151950909316,0.04059736054598178,0.988199032176741,True,False,0.7699716991079237,-0.29895264456691545,0.006738671494371193,0.7415945271335026,True,True,0.0,0.023771155984298034,0.015703642095782816,1.0240559419998136,True,False,0.13009301062788728
219,3,0.003550635317518499,-0.48603861500505163,0.013736450122693946,0.6150580563850061,True,True,3.103436194965664e-274,-0.2010298424394439,0.007536768245466581,0.8178880234158513,True,True,9.629190871410417e-157,-0.007347268434207076,0.04059736054598178,0.9926796567599505,True,False,0.8563840841411589,-0.29827127360210065,0.006738671494371193,0.7421000002997702,True,True,0.0,-0.004590885381920018,0.015703642095782816,0.9954196366244417,True,False,0.7700226545441186
220,4,0.005431360114148649,-0.4897423381918522,0.013736450122693946,0.6127842649466203,True,True,2.1354133784819018e-278,-0.2100601796665934,0.007536768245466581,0.8105354667482921,True,True,5.931558475576673e-171,0.039721292388198486,0.04059736054598178,1.0405207327274353,True,False,0.3278663617847438,-0.29751235243788654,0.006738671494371193,0.7426634094604873,True,True,0.0,-0.040052262449091824,0.015703642095782816,0.9607392272552814,False,True,0.01075661014312393
221,3,0.00688386723401709,-0.5284432135753321,0.013736450122693946,0.5895220155417065,False,True,0.0,-0.19590059410236657,0.007536768245466581,0.8220939516037453,True,True,5.996166231957719e-149,-0.03812830674765964,0.04059736054598178,0.9625894262488744,True,False,0.34763735359148296,-0.2996224361288249,0.006738671494371193,0.7410979796870787,True,True,0.0,0.004795672665319233,0.015703642095782816,1.0048071903077296,True,False,0.7600721725480101
222,3,0.005213313532406172,-0.4840496173981863,0.013736450122693946,0.6162826228133769,True,True,5.177509568722815e-272,-0.2066401706218162,0.007536768245466581,0.8133122509827372,True,True,1.6914312775826168e-165,-0.03030909795822383,0.04059736054598178,0.970145617169679,True,False,0.4553183068012875,-0.2993664752139208,0.006738671494371193,0.7412876960829483,True,True,0.0,-0.006505198889650365,0.015703642095782816,0.9935159141104177,True,False,0.678692652486724
223,3,0.005358159353689588,-0.4999955240627148,0.013736450122693946,0.6065333745119035,True,True,4.3860297550634445e-290,-0.2073397698258211,0.007536768245466581,0.812743457366322,True,True,1.3171181266906044e-166,-0.0066012021105595784,0.04059736054598178,0.9934205379609206,True,False,0.8708320043689759,-0.3137061083798111,0.006738671494371193,0.730733753131579,False,True,0.0,0.002369302730968136,0.015703642095782816,1.002372111746715,True,False,0.8800735316529048
224,3,0.002385785295909567,-0.5018000174820751,0.013736450122693946,0.6054398759311913,True,True,3.631981753997718e-292,-0.1955773600086267,0.007536768245466581,0.8223597233480915,True,True,1.829467886592557e-148,0.019433122209566573,0.04059736054598178,1.0196231744354234,True,False,0.6321666875223491,-0.303295843638588,0.006738671494371193,0.738380618845541,True,True,0.0,-0.023202068563119013,0.015703642095782816,0.9770650296976934,True,False,0.139542726638779
225,3,0.004981952140011514,-0.4936110143497006,0.013736450122693946,0.6104181808285538,True,True,8.872680627275187e-283,-0.21178472702129805,0.007536768245466581,0.80913886455266,True,True,9.73995328296041e-174,-0.054453886480736,0.04059736054598178,0.9470021774541141,True,False,0.17981789936696313,-0.3019814578919332,0.006738671494371193,0.7393517739029255,True,True,0.0,0.010697267360002588,0.015703642095782816,1.0107546876887084,True,False,0.4957471089116241
226,4,0.0033361205824578763,-0.5058412195691354,0.013736450122693946,0.6029981082025148,True,True,7.420869758098907e-297,-0.20100455227475636,0.007536768245466581,0.8179087082002192,True,True,1.0532049182972175e-156,-0.03256837363457668,0.04059736054598178,0.9679562648807378,True,False,0.42242059407923516,-0.30766105605959415,0.006738671494371193,0.7351644553222255,True,True,0.0,0.03620231445244902,0.015703642095782816,1.036865598168067,False,True,0.021147253235048943
227,3,0.0020777700175794354,-0.4898664507729986,0.013736450122693946,0.6127082154292605,True,True,1.546870747762736e-278,-0.2000665119145605,0.007536768245466581,0.8186762995390097,True,True,2.9024431546077215e-155,0.06218755148614626,0.04059736054598178,1.0641619111608966,True,False,0.12556866717303472,-0.29999824410906645,0.006738671494371193,0.740819521478857,True,True,0.0,0.00827486131866475,0.015703642095782816,1.0083091926138197,True,False,0.5982359560805387
228,3,0.008147708971124157,-0.5095029443424712,0.013736450122693946,0.6007941327298456,True,True,3.878836831063621e-301,-0.2151951210255253,0.007536768245466581,0.8063840823368017,False,True,2.5999230224802702e-179,0.02930165478106354,0.04059736054598178,1.0297351721670664,True,False,0.47044047323599736,-0.30862206987867224,0.006738671494371193,0.7344582914923133,True,True,0.0,-0.00517151493575288,0.015703642095782816,0.9948418343257303,True,False,0.7419142367336461
229,3,0.0033052590783216873,-0.5000796031558075,0.013736450122693946,0.6064823798796654,True,True,3.509392617807579e-290,-0.21066206159367973,0.007536768245466581,0.8100477668831841,True,True,6.366416383139248e-172,0.009718362418889572,0.04059736054598178,1.0097657390530017,True,False,0.8108077617884432,-0.30160020252712155,0.006738671494371193,0.7396337094745186,True,True,0.0,0.021721181512451865,0.015703642095782816,1.0219588037353418,True,False,0.16660542826994285
230,4,0.009233583667224154,-0.5033723887904306,0.013736450122693946,0.6044886476793292,True,True,5.494395360345391e-294,-0.22384617088541653,0.007536768245466581,0.7994381017664988,False,True,7.553801368865374e-194,-0.10876750537248848,0.04059736054598178,0.89693892674033,False,True,0.007380341980153711,-0.30863045496108144,0.006738671494371193,0.7344521330248327,True,True,0.0,-0.015561665522677896,0.015703642095782816,0.9845587915472469,True,False,0.32170559913071906
231,3,0.007802923839453653,-0.5186561280227805,0.013736450122693946,0.5953200445647036,True,True,0.0,-0.2060683398689973,0.007536768245466581,0.8137774609374963,True,True,1.354061040732863e-164,-0.007752979217187326,0.04059736054598178,0.9922769976062613,True,False,0.8485471426767782,-0.3098276776037746,0.006738671494371193,0.7335733564517724,True,True,0.0,0.02453067229660603,0.015703642095782816,1.0248340246383025,True,False,0.11826423823168146
232,3,0.006694779507985915,-0.5031490352539819,0.013736450122693946,0.6046236774356569,True,True,9.973029174969113e-294,-0.2214183127575879,0.007536768245466581,0.8013813821095015,False,True,1.0363579054796683e-189,0.015133851005071685,0.04059736054598178,1.0152489476135143,True,False,0.7093127954704411,-0.3011182882720399,0.006738671494371193,0.739990235403217,True,True,0.0,0.013316143201490048,0.015703642095782816,1.0134051978856484,True,False,0.3964573094072038
233,3,0.001513512980501397,-0.4958625751192449,0.013736450122693946,0.6090453333043715,True,True,2.4111715824760728e-285,-0.19978616949245565,0.007536768245466581,0.8189058414094009,True,True,7.796374504410088e-155,-0.009979203737494538,0.04059736054598178,0.9900704232994963,True,False,0.8058299536606419,-0.2975048278736197,0.006738671494371193,0.7426689977000649,True,True,0.0,0.015225840073325538,0.015703642095782816,1.015342343713895,True,False,0.3322589734777246
234,3,0.005520156726914601,-0.5210753950833101,0.013736450122693946,0.5938815471467346,True,True,0.0,-0.20443650660971868,0.007536768245466581,0.8151064941492829,True,True,4.964733911069835e-162,0.0821826439663789,0.04059736054598178,1.0856540798898493,False,False,0.04293572993802571,-0.30038761780421336,0.006738671494371193,0.7405311219955718,True,True,0.0,0.003734507359350774,0.015703642095782816,1.003741489320649,True,False,0.8120272653695315
235,3,0.002914269300155777,-0.5096755872890094,0.013736450122693946,0.600690418813504,True,True,2.4325636345931062e-301,-0.2014082711622266,0.007536768245466581,0.81757856965256,True,True,2.5152549899162264e-157,0.009475637354396209,0.04059736054598178,1.0095206733418653,True,False,0.8154467317354599,-0.2976400162669804,0.006738671494371193,0.742568604257634,True,True,0.0,0.027217387185063096,0.015703642095782816,1.0275911636351727,True,False,0.08306199727959672
236,3,0.00955701970301718,-0.4740749181630152,0.013736450122693946,0.6224606172148001,True,True,5.266073702986994e-261,-0.19017219809967137,0.007536768245466581,0.8268167454118605,True,True,1.7586935981946098e-140,0.029626982893962452,0.04059736054598178,1.0300702284660748,True,False,0.46552706410658296,-0.29373592012589367,0.006738671494371193,0.7454733299547242,True,True,0.0,0.028079943593658067,0.015703642095782816,1.028477901354455,True,False,0.07375719301053327
237,3,0.004195771345053852,-0.4964256331306217,0.013736450122693946,0.6087025019761831,True,True,5.479712630743145e-286,-0.19661463222263684,0.007536768245466581,0.821507154706465,True,True,5.068423568310929e-150,0.025809537494803577,0.04059736054598178,1.026145487619783,True,False,0.5249431464548642,-0.3103651996748751,0.006738671494371193,0.7331791505385892,True,True,0.0,-0.020706258864801333,0.015703642095782816,0.9795066437092503,True,False,0.18731487887267784
238,3,0.005910299777643087,-0.5205036097818033,0.013736450122693946,0.5942212169860857,True,True,0.0,-0.20185752037759108,0.007536768245466581,0.8172113556131304,True,True,5.0938789595287664e-158,-0.029647572784732,0.04059736054598178,0.9707876052396122,True,False,0.4652170587978197,-0.2947465944310793,0.006738671494371193,0.744720279823248,True,True,0.0,-0.00867928079025153,0.015703642095782816,0.9913582754350507,True,False,0.5804741825888242
239,3,0.008312548264578279,-0.5217034857970356,0.013736450122693946,0.5935086527799222,True,True,0.0,-0.1996521233338945,0.007536768245466581,0.8190156199491966,True,True,1.249882879841538e-154,0.016929911790666004,0.04059736054598178,1.0170740349291987,True,False,0.6766637699814158,-0.3158244473900458,0.006738671494371193,0.7291874496919091,False,True,0.0,-0.0022811850418923123,0.015703642095782816,0.9977214148833594,True,False,0.8845018751233514
240,4,0.0022232135933066464,-0.4994235093529525,0.013736450122693946,0.6068804197721201,True,True,1.9974149030626098e-289,-0.20505009172920366,0.007536768245466581,0.8146065103406762,True,True,5.421200275545739e-163,0.03942872544803815,0.04059736054598178,1.040216355288047,True,False,0.3314417172763511,-0.29704058213032797,0.006738671494371193,0.7430138586648455,True,True,0.0,-0.03725357695244826,0.015703642095782816,0.963431800271686,False,True,0.01767825848752116
241,3,0.0035166878612554373,-0.49426210174435375,0.013736450122693946,0.6100208746001232,True,True,1.6117176106060484e-283,-0.20785572757366924,0.007536768245466581,0.81232422424507,True,True,1.9934743531458694e-167,0.01443568795320349,0.04059736054598178,1.014540385684503,True,False,0.7221536755748351,-0.30088227866511064,0.006738671494371193,0.7401649008183532,True,True,0.0,-0.017790375267883764,0.015703642095782816,0.9823669391824312,True,False,0.2572637616968104
242,3,0.004330745793230784,-0.48616638010678964,0.013736450122693946,0.6149794784497231,True,True,2.2324500147888508e-274,-0.20386105081785144,0.007536768245466581,0.8155756868892218,True,True,3.938367280907814e-161,0.02747308894417628,0.04059736054598178,1.0278539540999234,True,False,0.49858295051881063,-0.3018758380724854,0.006738671494371193,0.7394298682278753,True,True,0.0,0.01145168551254651,0.015703642095782816,1.0115175070790874,True,False,0.46585636456184765
243,3,0.0033156557838271614,-0.4998522250771166,0.013736450122693946,0.6066202963569599,True,True,6.413296252715069e-290,-0.20986956294751252,0.007536768245466581,0.8106899830858931,True,True,1.2010531240579878e-170,-0.004317813474834411,0.04059736054598178,0.9956914948797019,True,False,0.9152991085503416,-0.3024551118028294,0.006738671494371193,0.7390016599666516,True,True,0.0,-0.008263599222490528,0.015703642095782816,0.9917704504580412,True,False,0.5987340907932748
244,3,0.007736054126197452,-0.5218840208301555,0.013736450122693946,0.5934015133471371,True,True,0.0,-0.21065861145266157,0.007536768245466581,0.8100505616670325,True,True,6.448505093749066e-172,0.0004278406971478649,0.04059736054598178,1.0004279322340328,True,False,0.9915915428150807,-0.29811356472893874,0.006738671494371193,0.7422170452838646,True,True,0.0,0.00465856422342221,0.015703642095782816,1.004669432203575,True,False,0.7667299024891222
245,3,0.003087126674054826,-0.48917484689097757,0.013736450122693946,0.6131321133774343,True,True,9.31736608000817e-278,-0.19987621509682357,0.007536768245466581,0.8188321058578217,True,True,5.677046674214478e-155,-0.052898474181385824,0.04059736054598178,0.9484763024272979,True,False,0.192573808019448,-0.30345969091325187,0.006738671494371193,0.7382596471041942,True,True,0.0,0.008237693014642491,0.015703642095782816,1.0082717161676724,True,False,0.5998806638371295
246,3,0.00632455137265453,-0.5192912499816621,0.013736450122693946,0.5949420637764933,True,True,0.0,-0.2086502014741242,0.007536768245466581,0.8116791101472891,True,True,1.0788840726918279e-168,-0.004824250187616425,0.04059736054598178,0.995187367817091,True,False,0.9054087557380536,-0.3004501648223001,0.006738671494371193,0.7404848054305871,True,True,0.0,-0.0016402284240525475,0.015703642095782816,0.9983611160154259,True,False,0.9168131040691883
247,3,0.00906103792144782,-0.5221898074508194,0.013736450122693946,0.5932200868439862,True,True,0.0,-0.205994792458422,0.007536768245466581,0.813837314363538,True,True,1.7686746733093105e-164,0.051052585123885094,0.04059736054598178,1.0523782312678789,True,False,0.2085601221252723,-0.31219457264606104,0.006738671494371193,0.7318391185004655,True,True,0.0,0.00829352384079597,0.015703642095782816,1.008328010382035,True,False,0.597410906957594
248,3,0.009235505448202841,-0.524839268258822,0.013736450122693946,0.5916504537322679,True,True,0.0,-0.18759634738418562,0.007536768245466581,0.8289492472411898,True,True,9.353784734724805e-137,0.027946073185616458,0.04059736054598178,1.028340227813551,True,False,0.49121875457448005,-0.2964859976769556,0.006738671494371193,0.7434260368827529,True,True,0.0,0.01319182830284819,0.015703642095782816,1.0132792243515458,True,False,0.40088093253214185
249,3,0.0022055352254882012,-0.5000372918675272,0.013736450122693946,0.606508041473361,True,True,3.9261490385630064e-290,-0.20020934651890782,0.007536768245466581,0.818559372584483,True,True,1.7534426067524808e-155,0.0759824432182997,0.04059736054598178,1.0789436312131957,True,False,0.06126052009687319,-0.29136775273396,0.006738671494371193,0.7472408276254112,True,True,0.0,-0.014260204508784853,0.015703642095782816,0.9858409906153984,True,False,0.3638345704821132
250,3,0.005538578276946741,-0.48410731048756606,0.013736450122693946,0.616247068590562,True,True,4.46467021878221e-272,-0.1987474719739309,0.007536768245466581,0.8197568787834678,True,True,2.996605032213393e-153,-0.07283856922715427,0.04059736054598178,0.9297509083195233,True,False,0.07278602770164085,-0.307959584697334,0.006738671494371193,0.7349450204342922,True,True,0.0,-0.015462095145223731,0.015703642095782816,0.9846568293184951,True,False,0.3248115421531408
251,3,0.002552334343039253,-0.49856055708586333,0.013736450122693946,0.6074043546390913,True,True,1.9602618835126283e-288,-0.1993799603030278,0.007536768245466581,0.8192385560587566,True,True,3.255556734291445e-154,0.02788390475007925,0.04059736054598178,1.02827629949757,True,False,0.49218334850460155,-0.29156463210336997,0.006738671494371193,0.747093725803603,True,True,0.0,0.02832118962109142,0.015703642095782816,1.0287260474933912,True,False,0.07131301179457958
252,3,0.00870697199362036,-0.5259292395838618,0.013736450122693946,0.5910059230270568,True,True,0.0,-0.21257725634676092,0.007536768245466581,0.808497852318179,True,True,5.0263201279632303e-175,-0.028993477057858784,0.04059736054598178,0.9714228009806639,True,False,0.4751211502035436,-0.30049049500373237,0.006738671494371193,0.7404549421462362,True,True,0.0,0.0030297878466855784,0.015703642095782816,1.0030343822927774,True,False,0.8470095917085744
253,3,0.005027398032854864,-0.5045732695618083,0.013736450122693946,0.6037631645823514,True,True,2.2177616738966164e-295,-0.21063346579478764,0.007536768245466581,0.810070931177418,True,True,7.079595624678913e-172,0.02331577665728792,0.04059736054598178,1.0235897142574197,True,False,0.56575293502927,-0.29507856216583284,0.006738671494371193,0.7444730977494366,True,True,0.0,0.011444657549532656,0.015703642095782816,1.0115103981964404,True,False,0.4661301206761087
254,3,0.004209774904752421,-0.4898607068203512,0.013736450122693946,0.6127117348063441,True,True,1.570128969518225e-278,-0.20483618051189295,0.007536768245466581,0.8147807824496474,True,True,1.174166583821334e-162,-0.02151289903864047,0.04059736054598178,0.9787168528812218,True,False,0.5961751571909488,-0.2966333496310804,0.006738671494371193,0.74331649967393,True,True,0.0,-0.0047441666657732995,0.015703642095782816,0.9952670691177374,True,False,0.762571153506025
255,3,0.001908557834925051,-0.5016916721061986,0.013736450122693946,0.6055054760957929,True,True,4.845717369746404e-292,-0.203150870457427,0.007536768245466581,0.816155098443491,True,True,5.032934801006493e-160,-0.02545991934260801,0.04059736054598178,0.974861451270547,True,False,0.5305724635448723,-0.2971358779347242,0.006738671494371193,0.7429430559351616,True,True,0.0,-0.008372654370581075,0.015703642095782816,0.9916622986820559,True,False,0.5939183961173069
256,3,0.0015268003395630207,-0.5039173747620834,0.013736450122693946,0.6041592995995139,True,True,1.2814479706717813e-294,-0.19795462848661363,0.007536768245466581,0.8204070754040134,True,True,4.794291746133703e-152,-0.07227226479321451,0.04059736054598178,0.9302775794954,True,False,0.07503983618080248,-0.3007193535392764,0.006738671494371193,0.7402855021021799,True,True,0.0,0.011510764866721986,0.015703642095782816,1.0115772686454627,True,False,0.4635586154140552
257,3,0.007599431961361443,-0.5229740618994819,0.013736450122693946,0.5927550337356634,True,True,0.0,-0.20591985678001912,0.007536768245466581,0.8138983020998496,True,True,2.3216939576390396e-164,0.04605559641058224,0.04059736054598178,1.0471326261540619,True,False,0.25660665435226493,-0.3056722608244062,0.006738671494371193,0.7366280017527358,True,True,0.0,-0.002089561987074343,0.015703642095782816,0.9979126196277702,True,False,0.8941441479002747
258,3,0.00415050379486348,-0.5147669803009258,0.013736450122693946,0.5976398402498496,True,True,2.3949147848421204e-307,-0.1960290797797403,0.007536768245466581,0.8219883310910155,True,True,3.8466494042013472e-149,0.013752754473468727,0.04059736054598178,1.0138477586246002,True,False,0.734790673775009,-0.2995909227040718,0.006738671494371193,0.7411213345904908,True,True,0.0,-0.015517859361852737,0.015703642095782816,0.9846019222326993,True,False,0.32306966760747025
259,3,0.010676291060076762,-0.4752790118651054,0.013736450122693946,0.6217115673594196,True,True,2.5402613985232888e-262,-0.18723118631796223,0.007536768245466581,0.8292520025060109,True,True,3.126580755725378e-136,-0.050796523212240006,0.04059736054598178,0.9504720498572184,True,False,0.21085158417928207,-0.2914960875196539,0.006738671494371193,0.7471449367871329,True,True,0.0,0.010618390440970748,0.015703642095782816,1.0106749656172034,True,False,0.4989303417283376
260,3,0.00328612048479097,-0.5070972493167868,0.013736450122693946,0.6022412000898966,True,True,2.5422615175836604e-298,-0.20619084392145323,0.007536768245466581,0.8136777760067627,True,True,8.675914703836861e-165,-0.021524595920354404,0.04059736054598178,0.9787054050129146,True,False,0.5959753994905581,-0.30069666819884056,0.006738671494371193,0.7403022959213009,True,True,0.0,0.003165297526737885,0.015703642095782816,1.003170312370716,True,False,0.8402571626248758
261,3,0.0075378860799886205,-0.5227782470104968,0.013736450122693946,0.5928711153616743,True,True,0.0,-0.2089615905260068,0.007536768245466581,0.8114264015061414,True,True,3.4293366253339144e-169,0.027964450281674328,0.04059736054598178,1.028359125894343,True,False,0.4909338135099498,-0.29777552977522287,0.006738671494371193,0.7424679829988842,True,True,0.0,-0.0002832151284805901,0.015703642095782816,0.9997168249731381,True,False,0.9856109348657149
262,3,0.008296451861310635,-0.5211073378301057,0.013736450122693946,0.5938625772418246,True,True,0.0,-0.20315945509443345,0.007536768245466581,0.8161480920783034,True,True,4.880551504777081e-160,0.021921442593387745,0.04059736054598178,1.0221634828039914,True,False,0.5892162638243092,-0.2870731474906713,0.006738671494371193,0.7504568327951625,True,True,0.0,0.012401539294480124,0.015703642095782816,1.0124787572599665,True,False,0.42968911169769386
263,3,0.0050903904595716405,-0.5124023408037093,0.013736450122693946,0.5990547151965308,True,True,1.5013529449412014e-304,-0.20834682363469426,0.007536768245466581,0.8119253929585206,True,True,3.2901918764757804e-168,-0.01663079664130051,0.04059736054598178,0.9835067316003165,True,False,0.6820611247274962,-0.30133707382651503,0.006738671494371193,0.7398283539385668,True,True,0.0,-0.014966152916230721,0.015703642095782816,0.9851452833336953,True,False,0.34057129314401935
264,3,0.004706118321739987,-0.483489608678896,0.013736450122693946,0.6166278431098654,True,True,2.178557719809058e-271,-0.19780554469882855,0.007536768245466581,0.8205293939159672,True,True,8.064967480134014e-152,0.03225403746466979,0.04059736054598178,1.0327798367539907,True,False,0.4269125148156224,-0.29700438864632606,0.006738671494371193,0.7430407514117204,True,True,0.0,0.019670837525951525,0.015703642095782816,1.0198655832919354,True,False,0.2103407551029718
265,3,0.0027540926231843046,-0.4931783223700687,0.013736450122693946,0.6106823610298253,True,True,2.7529927058485153e-282,-0.1962148020423316,0.007536768245466581,0.8218356837337867,True,True,2.023886024720523e-149,-0.05970189767893431,0.04059736054598178,0.9420453176267156,True,False,0.14140319486149017,-0.2986434405721816,0.006738671494371193,0.741823866578274,True,True,0.0,0.01098472120526888,0.015703642095782816,1.011045274773492,True,False,0.4842386757768
266,3,0.0023042203651818896,-0.4917796001787694,0.013736450122693946,0.6115371336553946,True,True,1.0629026403450267e-280,-0.20105676477179163,0.007536768245466581,0.8178660042590665,True,True,8.75284710144859e-157,0.06236922768727996,0.04059736054598178,1.064355261617364,True,False,0.12446782259497659,-0.3014067837639492,0.006738671494371193,0.7397767823478487,True,True,0.0,0.013066133423037096,0.015703642095782816,1.0131518683453926,True,False,0.40538366925454905
267,3,0.006635641655820794,-0.5166417631213495,0.013736450122693946,0.5965204449839272,True,True,1.420434406032553e-309,-0.19220224022463991,0.007536768245466581,0.8251399751220468,True,True,1.8757746616272126e-143,0.027287795021180658,0.04059736054598178,1.0276635166524974,True,False,0.5014838315561096,-0.304718732382651,0.006738671494371193,0.7373307324870267,True,True,0.0,-0.00496610770195364,0.015703642095782816,0.9950462030236727,True,False,0.7518209323873826
268,3,0.004736798641451341,-0.4870957776486194,0.013736450122693946,0.6144081835553342,True,True,2.0276237833974738e-275,-0.19691305340320994,0.007536768245466581,0.8212620361476121,True,True,1.8000124170279967e-150,-0.028931341310937213,0.04059736054598178,0.9714831629372777,True,False,0.47606796932368045,-0.305144820331421,0.006738671494371193,0.7370166316696949,True,True,0.0,-0.005547910444327345,0.015703642095782816,0.9944674507901088,True,False,0.723872438928555
269,3,0.003387681020923424,-0.49554564049921723,0.013736450122693946,0.6092383914474505,True,True,5.547592879665302e-285,-0.1962261759838374,0.007536768245466581,0.8218263362759514,True,True,1.9457964357965718e-149,-0.011770851406933246,0.04059736054598178,0.9882981540481307,True,False,0.7718611468220418,-0.30590240237061567,0.006738671494371193,0.7364584925517342,True,True,0.0,-0.027842595935486,0.015703642095782816,0.9725414367290659,True,False,0.07622830062704537
270,4,0.004660399198469833,-0.5065373243064808,0.013736450122693946,0.6025785044238174,True,True,1.145130012899942e-297,-0.18848149109328996,0.007536768245466581,0.8282158326663606,True,True,4.9704716441381206e-138,0.02247161234882813,0.04059736054598178,1.0227260009633958,True,False,0.5799046688558823,-0.3007345425765316,0.006738671494371193,0.7402742579635031,True,True,0.0,0.03771024146922295,0.015703642095782816,1.0384302952443156,False,True,0.01633385014300009
271,3,0.004787292956717278,-0.491105049403122,0.013736450122693946,0.6119497856649586,True,True,6.167157854922517e-280,-0.1964935385503308,0.007536768245466581,0.8216066400480551,True,True,7.71111369842265e-150,0.017247586419882065,0.04059736054598178,1.0173971848716816,True,False,0.6709496569572235,-0.2918439388428656,0.006738671494371193,0.7468850866294713,True,True,0.0,0.020860192049468578,0.015703642095782816,1.021079286655524,True,False,0.18405706158493396
272,3,0.003019223138522172,-0.4875274260809672,0.013736450122693946,0.6141430324562259,True,True,6.644494081585908e-276,-0.19849514032875903,0.007536768245466581,0.8199637554850038,True,True,7.250489796492084e-153,0.015778796434758293,0.04059736054598178,1.0159039389764108,True,False,0.6975235519998754,-0.2997134737692178,0.006738671494371193,0.7410305149466699,True,True,0.0,0.006594094996658904,0.015703642095782816,1.0066158839074584,True,False,0.6745521957179036
273,3,0.0035738854519229055,-0.4901459113114252,0.013736450122693946,0.6125370115849517,True,True,7.482171929720516e-279,-0.20137479127510802,0.007536768245466581,0.8176059425490008,True,True,2.83273053586914e-157,0.05535788081053933,0.04059736054598178,1.056918797955275,True,False,0.17269876697235487,-0.3048584430320352,0.006738671494371193,0.7372277267272485,True,True,0.0,-0.0071615318509058975,0.015703642095782816,0.9928640508115402,True,False,0.6483592497425739
274,3,0.0048449657924342455,-0.49169477450578347,0.013736450122693946,0.6115890099045006,True,True,1.3260920876590724e-280,-0.19788874789880662,0.007536768245466581,0.8204611260848077,True,True,6.033393385819485e-152,0.06527448922683735,0.04059736054598178,1.0674519882455809,True,False,0.10786791021625344,-0.28959804694545865,0.006738671494371193,0.7485643948603276,True,True,0.0,0.028070338718478322,0.015703642095782816,1.0284680230000276,True,False,0.07385590519044505
275,3,0.010083664920111257,-0.4687005413347035,0.013736450122693946,0.6258149608118665,False,True,3.6092061938156296e-255,-0.2078614047230471,0.007536768245466581,0.8123196125721963,True,True,1.9524351888048373e-167,-0.040528103318200705,0.04059736054598178,0.9602821770166126,True,False,0.31813679389378224,-0.3061683386955547,0.006738671494371193,0.7362626675264027,True,True,0.0,-0.02538119594509774,0.015703642095782816,0.9749381986969623,True,False,0.1060377345151694
276,3,0.004958904738229501,-0.5158249187149158,0.013736450122693946,0.5970079084365286,True,True,1.3294241761339773e-308,-0.19818757565151404,0.007536768245466581,0.8202159861594467,True,True,2.1254184117955763e-152,-0.0020503760521656572,0.04059736054598178,0.9979517245329036,True,False,0.9597198402734796,-0.294791349530608,0.006738671494371193,0.7446869505388367,True,True,0.0,0.010944035676419628,0.015703642095782816,1.0110041406985837,True,False,0.4858587021733428
277,3,0.006076619595440961,-0.4935044052135072,0.013736450122693946,0.6104832604525083,True,True,1.1728840149457468e-282,-0.21662712615402532,0.007536768245466581,0.805230162602033,False,True,1.1172816526684649e-181,-0.03055036341880256,0.04059736054598178,0.9699115827738675,True,False,0.45173784940174055,-0.29895215761803257,0.006738671494371193,0.741594888252217,True,True,0.0,-0.02013849415703463,0.015703642095782816,0.9800629309177501,True,False,0.19969915956279438
278,3,0.0028865925288643624,-0.4968465386308037,0.013736450122693946,0.6084463496568686,True,True,1.808277238935763e-286,-0.1927449670719418,0.007536768245466581,0.8246922710062772,True,True,2.9736609109247296e-144,0.04071930168354779,0.04059736054598178,1.041559700454189,True,False,0.3158590897593315,-0.2989441989330817,0.006738671494371193,0.7416007903957804,True,True,0.0,-0.0026627421808955204,0.015703642095782816,0.9973407997725984,True,False,0.8653545482256619
279,3,0.0002449052997826051,-0.5008287886597643,0.013736450122693946,0.6060281822326451,True,True,4.8042558852742265e-291,-0.19978118324390878,0.007536768245466581,0.8189099246876428,True,True,7.934505564702434e-155,-0.014493398844192857,0.04059736054598178,0.9856111248835089,True,False,0.7210892032758499,-0.2999283698650379,0.006738671494371193,0.7408712874914164,True,True,0.0,-0.02424921769038129,0.015703642095782816,0.9760424324039405,True,False,0.12254523164926592
280,3,0.0067851158084898016,-0.4801739940164352,0.013736450122693946,0.6186757365644526,True,True,1.0427077857511245e-267,-0.1920152797322716,0.007536768245466581,0.8252942581200318,True,True,3.5335289101808127e-143,0.022007691183171967,0.04059736054598178,1.0222516467648661,True,False,0.587751959774366,-0.2977795660322503,0.006738671494371193,0.7424649862133181,True,True,0.0,0.015564763863609039,0.015703642095782816,1.015686525711901,True,False,0.3216092632918348
281,3,0.0034412926688065135,-0.4882302561131292,0.013736450122693946,0.6137115459375764,True,True,1.077998571230737e-276,-0.19696151599650547,0.007536768245466581,0.8212222366239671,True,True,1.5212417213256734e-150,-0.0015198998062120495,0.04059736054598178,0.9984812546565351,True,False,0.9701354635345126,-0.2991209423545248,0.006738671494371193,0.7414697289172092,True,True,0.0,0.002539992641642698,0.015703642095782816,1.0025432211558412,True,False,0.8715063126183736
282,3,0.002141245272075413,-0.49784139569474456,0.013736450122693946,0.607841333510078,True,True,1.3109421381571083e-287,-0.20527586801437897,0.007536768245466581,0.8144226122695848,True,True,2.3958823556393714e-163,0.0721841612952703,0.04059736054598178,1.0748532722087378,True,False,0.07539554470158279,-0.30108712068686233,0.006738671494371193,0.7400132994713332,True,True,0.0,-0.010156169501848921,0.015703642095782816,0.9898952302323172,True,False,0.5178003946646843
283,3,0.004091144373408888,-0.5101934955486308,0.013736450122693946,0.6003793968315039,True,True,5.994668624656113e-302,-0.20045947671875028,0.007536768245466581,0.818354651769532,True,True,7.248198610893847e-156,-0.06162837267925703,0.04059736054598178,0.9402322378602995,True,False,0.1290045916723074,-0.30778661893951725,0.006738671494371193,0.7350721517510705,True,True,0.0,0.018831078206788667,0.015703642095782816,1.0190095011658529,True,False,0.23046824400624244
284,3,0.006655988915766686,-0.48465766063743865,0.013736450122693946,0.6159080102329716,True,True,1.085746877821456e-272,-0.20121327685081083,0.007536768245466581,0.8177380083670938,True,True,5.024895712412714e-157,-0.04893152855283502,0.04059736054598178,0.9522463291505434,True,False,0.22809197838534467,-0.28712743669357765,0.006738671494371193,0.7504160921977917,True,True,0.0,-0.0010979399786525614,0.015703642095782816,0.998902662536917,True,False,0.9442603084068577
285,3,0.0056897898811424374,-0.5045753846356085,0.013736450122693946,0.6037618875800509,True,True,2.205244412899938e-295,-0.21240654036692144,0.007536768245466581,0.8086358876033148,True,True,9.526858158001302e-175,-0.0038593987152253846,0.04059736054598178,0.9961480391923027,True,False,0.9242629900147086,-0.30569332066806026,0.006738671494371193,0.7366124886455401,True,True,0.0,-0.011757422084217694,0.015703642095782816,0.9883114263120991,True,False,0.45403400325263177
286,3,0.004073360935025305,-0.5112712635697406,0.013736450122693946,0.5997326756873512,True,True,3.235311479535999e-303,-0.20118174389622817,0.007536768245466581,0.817763794469126,True,True,5.619550465246045e-157,0.017495311558573163,0.04059736054598178,1.017649250950671,True,False,0.6665068932267083,-0.30603196598216603,0.006738671494371193,0.73636308051078,True,True,0.0,0.029340630785728253,0.015703642095782816,1.0297753079121006,True,False,0.06170681697566692
287,3,0.005372710903767675,-0.5115624127132024,0.013736450122693946,0.599558089449069,True,True,1.468790865157637e-303,-0.19403269986319932,0.007536768245466581,0.8236309712081403,True,True,3.6845961689075025e-146,0.04600166024936697,0.04059736054598178,1.0470761493630083,True,False,0.25716408005592817,-0.305747098396719,0.006738671494371193,0.7365728763641378,True,True,0.0,-0.013626682953569114,0.015703642095782816,0.9864657400081768,True,False,0.38553652392198223
288,3,0.007976695570427017,-0.4706688874886967,0.013736450122693946,0.6245843518701509,False,True,2.677528434183155e-257,-0.199553469688407,0.007536768245466581,0.8190964228114986,True,True,1.768633571840227e-154,-0.0434409070897944,0.04059736054598178,0.9574891332386105,True,False,0.28460011344254577,-0.2925888302532792,0.006738671494371193,0.7463289455019646,True,True,0.0,0.015449605937632935,0.015703642095782816,1.0155695680925858,True,False,0.3252024965366337
289,3,0.004077256525965652,-0.5069221128524466,0.013736450122693946,0.6023466837211058,True,True,4.071413239080518e-298,-0.2032079460955831,0.007536768245466581,0.8161085171997526,True,True,4.1023831879692216e-160,-0.05274655199619949,0.04059736054598178,0.948620407965897,True,False,0.19385450261958426,-0.30735068708399316,0.006738671494371193,0.7353926629735777,True,True,0.0,-0.011020305358106566,0.015703642095782816,0.9890401957561163,True,False,0.48282418170414565
290,3,0.0015001127914943495,-0.49951883957813575,0.013736450122693946,0.606822568482576,True,True,1.5516513955740584e-289,-0.19562545641699572,0.007536768245466581,0.8223201717501636,True,True,1.5498519449351895e-148,-0.0004966767377730921,0.04059736054598178,0.9995034465856997,True,False,0.9902387541996176,-0.29916477154138926,0.006738671494371193,0.7414372316140766,True,True,0.0,0.014122273199666016,0.015703642095782816,1.014222463582911,True,False,0.36849329894573857
291,3,0.006633688048559239,-0.48097231252801265,0.013736450122693946,0.6181820333637119,True,True,1.3627664556934556e-268,-0.20611210304874777,0.007536768245466581,0.8137418482274648,True,True,1.1550185681893028e-164,0.0031280383687174204,0.04059736054598178,1.0031329357858403,True,False,0.9385835388859622,-0.30441131578336433,0.006738671494371193,0.7375574350376357,True,True,0.0,-0.017958902169305336,0.015703642095782816,0.9822013978755854,True,False,0.252783826550974
292,3,0.0061166810421568645,-0.4888026182731399,0.013736450122693946,0.613360381177817,True,True,2.446558371552194e-277,-0.1885722093585446,0.007536768245466581,0.8281407017706884,True,True,3.6764373303247257e-138,-0.032802494255925574,0.04059736054598178,0.9677296728845299,True,False,0.4190930362023443,-0.3028527708228992,0.006738671494371193,0.7387078477131375,True,True,0.0,0.001970763938820249,0.015703642095782816,1.001972707170412,True,False,0.9001298999527968
293,3,0.0015261434366418136,-0.4995132850586617,0.013736450122693946,0.606825939099711,True,True,1.5746535350474476e-289,-0.20066436719791447,0.007536768245466581,0.8181869958689402,True,True,3.512396434121295e-156,-0.07740950777306115,0.04059736054598178,0.9255107721381466,True,False,0.05655140341160737,-0.3050604359750494,0.006738671494371193,0.7370788269679117,True,True,0.0,0.010193223035834042,0.015703642095782816,1.0102453509001943,True,False,0.5162741965889133
294,3,0.0032920724578684815,-0.4898138897050284,0.013736450122693946,0.6127404208737863,True,True,1.7732072259890538e-278,-0.19720794514283863,0.007536768245466581,0.8210198884625124,True,True,6.461414888444716e-151,-0.0757593515468936,0.04059736054598178,0.9270392702846985,True,False,0.062025249977428504,-0.2981425375016269,0.006738671494371193,0.7421955415096398,True,True,0.0,0.025269866663112945,0.015703642095782816,1.0255918562338358,True,False,0.10757866047989083
295,3,0.00265415396263328,-0.490199627188777,0.013736450122693946,0.6125041095056538,True,True,6.506960046631412e-279,-0.19797020433326945,0.007536768245466581,0.8203942969687292,True,True,4.540624263438222e-152,-0.010189332090419497,0.04059736054598178,0.9898624032883853,True,False,0.8018256386691544,-0.3004394326583233,0.006738671494371193,0.7404927524775858,True,True,0.0,0.0031467338952616596,0.015703642095782816,1.0031516900595787,True,False,0.8411815030255517
296,3,0.004461512791666733,-0.4974102981602132,0.013736450122693946,0.6081034289006196,True,True,4.0899381394976146e-287,-0.20359965750747264,0.007536768245466581,0.815788900783011,True,True,1.0070036962783143e-160,0.048280240466856215,0.04059736054598178,1.0494647166007407,True,False,0.23434295712052644,-0.28809797549578164,0.006738671494371193,0.7496881375737611,True,True,0.0,0.014197643712851258,0.015703642095782816,1.0142989089313015,True,False,0.3659430234763481
297,3,0.003870095770007261,-0.4916804688614874,0.013736450122693946,0.6115977591419133,True,True,1.3764985102238774e-280,-0.2045936942283735,0.007536768245466581,0.8149783795697941,True,True,2.816934615424877e-162,0.005560501967961427,0.04059736054598178,1.005575990253269,True,False,0.8910568154411351,-0.3037743191509099,0.006738671494371193,0.7380274063091636,True,True,0.0,0.0204120278562128,0.015703642095782816,1.0206217780079245,True,False,0.19366005408694875
298,3,0.0034040144903635015,-0.48880630417063553,0.013736450122693946,0.6133581203984906,True,True,2.4232906485656516e-277,-0.19962788075866988,0.007536768245466581,0.819035475237644,True,True,1.3612101988201313e-154,0.03910107854310105,0.04059736054598178,1.0398755874475845,True,False,0.33547558088569907,-0.2958512410228913,0.006738671494371193,0.7438980813072891,True,True,0.0,0.00970558533489363,0.015703642095782816,1.0097528372737614,True,False,0.5365445065165173
299,3,0.00411191242058373,-0.510796690228304,0.013736450122693946,0.6000173603737593,True,True,1.1708923930162662e-302,-0.20402949564450376,0.007536768245466581,0.8154383189538057,True,True,2.14933301173853e-161,-0.009263858641853895,0.04059736054598178,0.990778918700285,True,False,0.8194995512671578,-0.2965906704634399,0.006738671494371193,0.7433482244804188,True,True,0.0,0.006925828260343001,0.015703642095782816,1.0069498672735364,True,False,0.6591889281104555
300,3,0.004394646547137615,-0.49616970632936963,0.013736450122693946,0.6088583051966876,True,True,1.0747929081207218e-285,-0.19559604952501597,0.007536768245466581,0.8223443539861874,True,True,1.715281373788159e-148,0.033922438296071424,0.04059736054598178,1.0345043656950177,True,False,0.4033898964254585,-0.290270868586911,0.006738671494371193,0.7480609139308709,True,True,0.0,0.00952047895049285,0.015703642095782816,1.009565942875122,True,False,0.5443425853807851
301,3,0.005919546456870946,-0.49586866305497107,0.013736450122693946,0.6090416254868145,True,True,2.3728737948763153e-285,-0.19546957452425584,0.007536768245466581,0.8224483665663399,True,True,2.6527253670822256e-148,0.02463603539953963,0.04059736054598178,1.0249420100198678,True,False,0.543958192943333,-0.28455592290009546,0.006738671494371193,0.7523482807897915,False,True,0.0,0.009652370816315481,0.015703642095782816,1.009699105192319,True,False,0.5387805361005743
302,4,0.006286789520850933,-0.4824208348120113,0.013736450122693946,0.6172872311397549,True,True,3.366356969069521e-270,-0.2016546305157013,0.007536768245466581,0.8173771763333082,True,True,1.0482210641715448e-157,0.009816682016471106,0.04059736054598178,1.00986502369485,True,False,0.8089305534299389,-0.2909294179454751,0.006738671494371193,0.7475684410724756,True,True,0.0,0.03890406226337531,0.015703642095782816,1.0396707352082437,False,True,0.013234681095720955
303,3,0.010610605785134583,-0.5242525892771188,0.013736450122693946,0.5919976644586465,True,True,0.0,-0.21428727999223743,0.007536768245466581,0.8071164832968571,True,True,8.0782392766476e-178,0.040871030483147365,0.04059736054598178,1.0417177470470569,True,False,0.31405921682663307,-0.30770293458791226,0.006738671494371193,0.7351336683614257,True,True,0.0,-0.000490393659934013,0.015703642095782816,0.9995097265633838,True,False,0.9750876935458356
304,3,0.005755202415687981,-0.5116034575513352,0.013736450122693946,0.5995334811893608,True,True,1.3140017344177709e-303,-0.20819857334916222,0.007536768245466581,0.8120457700526063,True,True,5.670222990131347e-168,-0.012008873142613303,0.04059736054598178,0.9880629455996068,True,False,0.767379551665552,-0.30484888259079573,0.006738671494371193,0.7372347749833021,True,True,0.0,0.020665947826644552,0.015703642095782816,1.020880967164877,True,False,0.1881750081337863
305,3,0.0059075748649002335,-0.49251667923091297,0.013736450122693946,0.6110865485233999,True,True,1.5521132838156588e-281,-0.20837147316565235,0.007536768245466581,0.8119053796250719,True,True,3.005400143375093e-168,0.022859529826669462,0.04059736054598178,1.0231228112140522,True,False,0.5733809455515164,-0.2914763509473186,0.006738671494371193,0.7471596830127422,True,True,0.0,0.007577413224503421,0.015703642095782816,1.0076061944699606,True,False,0.6294324407647282
306,3,0.012047467676259896,-0.5395609488616301,0.013736450122693946,0.5830041648327948,False,True,0.0,-0.1945294826252914,0.007536768245466581,0.8232219071557167,True,True,6.719852155892644e-147,0.038028447269872624,0.04059736054598178,1.0387607823665037,True,False,0.3489014941965982,-0.28909243353968356,0.006738671494371193,0.748942974752924,True,True,0.0,0.0022742835541006085,0.015703642095782816,1.002276871698629,True,False,0.884848862791576
307,3,0.0017415492097682117,-0.49446748366429955,0.013736450122693946,0.6098956002066789,True,True,9.406242409213001e-284,-0.1992385722941942,0.007536768245466581,0.8193543947558659,True,True,5.350399709416513e-154,0.04978178120088127,0.04059736054598178,1.0510417142884767,True,False,0.22011139554522607,-0.29833287657843455,0.006738671494371193,0.742054286139093,True,True,0.0,0.014813447719424545,0.015703642095782816,1.0149237106212319,True,False,0.34552089403068154
308,3,0.004458663873570005,-0.48902293740038505,0.013736450122693946,0.6132252610392712,True,True,1.3817707957981213e-277,-0.2052267176221367,0.007536768245466581,0.8144626424441701,True,True,2.8621990861289613e-163,-0.001325703404679732,0.04059736054598178,0.9986751749518892,True,False,0.9739497763971037,-0.2967477076363965,0.006738671494371193,0.7432315003419784,True,True,0.0,-0.012549062358030914,0.015703642095782816,0.9875293487868374,True,False,0.42422201940436854
309,3,0.004425653355573249,-0.5051693360036931,0.013736450122693946,0.6034033888568682,True,True,4.4952928241215995e-296,-0.1941158139977393,0.007536768245466581,0.8235625186775138,True,True,2.772540176480888e-146,-0.018565101262420846,0.04059736054598178,0.9816061687108542,True,False,0.6474566992479199,-0.2928471963768355,0.006738671494371193,0.7461361442931403,True,True,0.0,-0.0022627345178815295,0.015703642095782816,0.9977398235361049,True,False,0.8854295656770608
310,3,0.003984856425544359,-0.4995575293771752,0.013736450122693946,0.6067990910935195,True,True,1.4004800187587461e-289,-0.19197475795543523,0.007536768245466581,0.8253277011873653,True,True,4.0530594123328146e-143,0.011274252762882724,0.04059736054598178,1.0113380466680213,True,False,0.7812357443961253,-0.29315380113528355,0.006738671494371193,0.7459074104680814,True,True,0.0,7.254376320261153e-05,0.015703642095782816,1.000072546394565,True,False,0.9963141453159853
311,3,0.006134959986370962,-0.5185780196940386,0.013736450122693946,0.5953665458344957,True,True,0.0,-0.2024220260254354,0.007536768245466581,0.8167501653718994,True,True,6.814000775482705e-159,0.04385972858072309,0.04059736054598178,1.0448357840104971,True,False,0.279982293999127,-0.3071258266133456,0.006738671494371193,0.7355580423068252,True,True,0.0,-0.0012853320726344134,0.015703642095782816,0.9987154936128362,True,False,0.9347665538719236
312,4,0.0018473498102790087,-0.5004653841905284,0.013736450122693946,0.606248455604291,True,True,1.2609365506037812e-290,-0.20021736807151044,0.007536768245466581,0.8185528064937526,True,True,1.7044926554933997e-155,-0.09546006916484172,0.04059736054598178,0.9089546562475747,False,True,0.018703615027482873,-0.2931635759191645,0.006738671494371193,0.7459001194199832,True,True,0.0,0.00971337237254028,0.015703642095782816,1.0097607002877338,True,False,0.5362176936968295
313,3,0.0036689961296681637,-0.4849154854975882,0.013736450122693946,0.6157492343054385,True,True,5.595222129850489e-273,-0.20165949642303166,0.007536768245466581,0.8173731990613907,True,True,1.030244220917822e-157,0.023157788455665712,0.04059736054598178,1.0234280119331312,True,False,0.5683888248372151,-0.2994185691953204,0.006738671494371193,0.7412490804613262,True,True,0.0,-0.016642498563868107,0.015703642095782816,0.9834952227480367,True,False,0.2892420102079929
314,3,0.0045710162675418236,-0.4931248472411777,0.013736450122693946,0.6107150182209587,True,True,3.1662786106760633e-282,-0.20728930604285475,0.007536768245466581,0.8127844725106429,True,True,1.5838641416780216e-166,0.029526962217584517,0.04059736054598178,1.0299672052974163,True,False,0.46703462653438355,-0.2951759073462121,0.006738671494371193,0.7444006304086791,True,True,0.0,-0.015016211287383707,0.015703642095782816,0.9850959697997506,True,False,0.33895869665390455
315,3,0.003216304680717985,-0.5008980327676135,0.013736450122693946,0.6059862198046772,True,True,3.997067273374729e-291,-0.2050422379550431,0.007536768245466581,0.8146129081013614,True,True,5.577306084930714e-163,0.039217227255834416,0.04059736054598178,1.039996374672974,True,False,0.33404199978816496,-0.29329130839010326,0.006738671494371193,0.7458048498392952,True,True,0.0,0.015259006968662883,0.015703642095782816,1.015376020025607,True,False,0.331206853575582
316,3,0.003321023300946413,-0.5020621600716403,0.013736450122693946,0.605281185155003,True,True,1.8074844881716689e-292,-0.19389850624183,0.007536768245466581,0.823741504647114,True,True,5.830388322416639e-146,0.022719428990944483,0.04059736054598178,1.0229794808937351,True,False,0.575733045849036,-0.3050108496483076,0.006738671494371193,0.7371153769056413,True,True,0.0,0.03095488874571327,0.015703642095782816,1.0314389733311975,False,False,0.0487019544880343
317,3,0.0047354357575065675,-0.5107687331665057,0.013736450122693946,0.6000341353306715,True,True,1.2630133555451916e-302,-0.20307945922850318,0.007536768245466581,0.8162133831631302,True,True,6.499371391024291e-160,-0.08274063679756426,0.04059736054598178,0.9205898833993849,False,False,0.04154201123374598,-0.3070337029821165,0.006738671494371193,0.7356258077060117,True,True,0.0,-0.013345258161052151,0.015703642095782816,0.9867433949920493,True,False,0.3954255567153594
318,3,0.004033834219657972,-0.4877603348555963,0.013736450122693946,0.6140000098113506,True,True,3.637841607338938e-276,-0.19537854007480995,0.007536768245466581,0.8225232411086175,True,True,3.63004859685105e-148,-0.019652789374821015,0.04059736054598178,0.980539067791785,True,False,0.628321768785346,-0.30113407137663906,0.006738671494371193,0.7399785561520968,True,True,0.0,-0.01589384323143687,0.015703642095782816,0.9842317973768262,True,False,0.3114845473370331
319,4,0.00705893545283313,-0.5240161289718223,0.013736450122693946,0.5921376649587474,True,True,0.0,-0.2033364172816605,0.007536768245466581,0.8160036775051643,True,True,2.588805698903648e-160,0.09025586992584131,0.04059736054598178,1.0944542858185717,False,True,0.026202619072068882,-0.3054910692266878,0.006738671494371193,0.736761484649922,True,True,0.0,0.009268268667304997,0.015703642095782816,1.0093113520693318,True,False,0.5550574642039258
320,3,0.0055878080152464244,-0.4879569894323616,0.013736450122693946,0.6138792757711272,True,True,2.1870140005932586e-276,-0.20967618700750645,0.007536768245466581,0.8108467661819766,True,True,2.4553150914512664e-170,-0.016698502010598255,0.04059736054598178,0.9834401451680017,True,False,0.6808379843950783,-0.30206853026718544,0.006738671494371193,0.7392873995904776,True,True,0.0,-0.024001142275771558,0.015703642095782816,0.9762845945710339,True,False,0.1264180631793844
321,3,0.0033012142520244905,-0.5058567279980292,0.013736450122693946,0.6029887567217442,True,True,7.118449590911312e-297,-0.2055972799139563,0.007536768245466581,0.8141608892134219,True,True,7.480797532862262e-164,0.05494754964177443,0.04059736054598178,1.056485200195042,True,False,0.17590363990845004,-0.30242170943918684,0.006738671494371193,0.7390263447810935,True,True,0.0,0.013140127296049946,0.015703642095782816,1.0132268381497005,True,False,0.40272935667044274
322,4,0.0033909347655174393,-0.5068287206368917,0.013736450122693946,0.6024029408393783,True,True,5.233353763067147e-298,-0.19286753596881576,0.007536768245466581,0.8245911955788378,True,True,1.9603516952014486e-144,-0.08958911378290131,0.04059736054598178,0.9143067841575513,False,True,0.027330000333886342,-0.3002492729410321,0.006738671494371193,0.7406335777592766,True,True,0.0,-0.022038711141858767,0.015703642095782816,0.9782023669876617,True,False,0.16049342110937637
323,3,0.006633669230832158,-0.48583074590592773,0.013736450122693946,0.6151859212382113,True,True,5.302951813631197e-274,-0.18918205069660432,0.007536768245466581,0.8276358213011568,True,True,4.823534594400461e-139,0.013533935516888767,0.04059736054598178,1.0136259337865519,True,False,0.7388551278762553,-0.2968453962606301,0.006738671494371193,0.7431588986254616,True,True,0.0,0.02055812029644634,0.015703642095782816,1.0207708940261253,True,False,0.19049007456798295
324,3,0.005007927002166975,-0.5067777462942762,0.013736450122693946,0.6024336487159274,True,True,6.001832913726553e-298,-0.2105788499417571,0.007536768245466581,0.8101151751005383,True,True,8.670902361470267e-172,0.01976546924423881,0.04059736054598178,1.019962099491179,True,False,0.6263533872648426,-0.29688507350382864,0.006738671494371193,0.7431294127140693,True,True,0.0,-0.0081312819279015,0.015703642095782816,0.9919016875231744,True,False,0.6046006598810145
325,3,0.005260531091117644,-0.4855313453145423,0.013736450122693946,0.6153701358424466,True,True,1.1467590318779664e-273,-0.19398756416576307,0.007536768245466581,0.8236681472054318,True,True,4.299736683404857e-146,0.04564509140965934,0.04059736054598178,1.0467028611907645,True,False,0.2608703293537904,-0.30270976110868947,0.006738671494371193,0.7388134976656281,True,True,0.0,-0.0016838673337030436,0.015703642095782816,0.9983175495754885,True,False,0.9146082441935333
326,3,0.006450233607801836,-0.48922879381525713,0.013736450122693946,0.6130990376779147,True,True,8.100339281820291e-278,-0.20732321897063902,0.007536768245466581,0.8127569090769035,True,True,1.399250370048828e-166,0.03573278294553054,0.04059736054598178,1.036378871377011,True,False,0.3787644994272926,-0.3092329782149993,0.006738671494371193,0.734009741824672,True,True,0.0,-0.0234991163780654,0.015703642095782816,0.9767748377681343,True,False,0.13454635914917903
327,3,0.003738449604057966,-0.5039264908846064,0.013736450122693946,0.6041537920344191,True,True,1.250604185798298e-294,-0.2044496432018479,0.007536768245466581,0.8150957864980586,True,True,4.735156714138869e-162,-0.0459441375269435,0.04059736054598178,0.9550953146867827,True,False,0.2577594979893375,-0.3070487944348409,0.006738671494371193,0.7356147061276815,True,True,0.0,0.003648899429074291,0.015703642095782816,1.0036555647671797,True,False,0.8162583571551496
328,3,0.005624657467590111,-0.4883271721341581,0.013736450122693946,0.6136520703386004,True,True,8.387149271962065e-277,-0.19853322559315847,0.007536768245466581,0.8199325275432441,True,True,6.345701660944021e-153,-0.009303170636846889,0.04059736054598178,0.990739969969975,True,False,0.8187468677184508,-0.3116094856093523,0.006738671494371193,0.7322674333701767,True,True,0.0,-0.0013783154557196074,0.015703642095782816,0.9986226339847686,True,False,0.9300591386367166
329,3,0.0007113564290630592,-0.5020898547819058,0.013736450122693946,0.6052644223000732,True,True,1.6789851557557109e-292,-0.20102930973491429,0.007536768245466581,0.8178884591086222,True,True,9.647387215467814e-157,0.06925643406665064,0.04059736054598178,1.071710997123608,True,False,0.08802029333080541,-0.30003447316054727,0.006738671494371193,0.7407926827764486,True,True,0.0,-0.02378259412877607,0.015703642095782816,0.9764979830770996,True,False,0.12990830255933278
330,3,0.007903254505015686,-0.5212116630721694,0.013736450122693946,0.5938006256163166,True,True,0.0,-0.20486651957634605,0.007536768245466581,0.8147560631379558,True,True,1.0523202160147813e-162,0.01022202233340264,0.04059736054598178,1.0102744456756245,True,False,0.8012031411688298,-0.3095008042855009,0.006738671494371193,0.7338131812030136,True,True,0.0,-0.006473542279918562,0.015703642095782816,0.9935473659537998,True,False,0.6801694549049957
331,3,0.001168684578322347,-0.4972789232967998,0.013736450122693946,0.6081833236534988,True,True,5.783842304780223e-287,-0.2013295924569354,0.007536768245466581,0.8176428982065046,True,True,3.325711448473744e-157,0.03022656222224826,0.04059736054598178,1.0306880224714952,True,False,0.45654682150991077,-0.29896716949528834,0.006738671494371193,0.7415837556043423,True,True,0.0,0.002726622414764805,0.015703642095782816,1.0027303430304642,True,False,0.8621563016916466
332,3,0.0038929938403072795,-0.5066673205061896,0.013736450122693946,0.6025001765994862,True,True,8.07544726286754e-298,-0.20311945951793592,0.007536768245466581,0.8161807350445363,True,True,5.632128699563073e-160,-0.003277719638846901,0.04059736054598178,0.9967276462199739,True,False,0.9356509046231828,-0.30690602039710907,0.006738671494371193,0.7357197403073888,True,True,0.0,-0.00717483881140531,0.015703642095782816,0.9928508388967402,True,False,0.6477500308192048
333,3,0.0052058287252479225,-0.4882048893696729,0.013736450122693946,0.613727113998373,True,True,1.1511852420603326e-276,-0.1946845209797852,0.007536768245466581,0.8230942860791846,True,True,3.9476066888891446e-147,0.05072240634777889,0.04059736054598178,1.0520308156692628,True,False,0.21151823139228598,-0.2945378938869065,0.006738671494371193,0.7448757195705193,True,True,0.0,0.004298741573635826,0.015703642095782816,1.0043079944169708,True,False,0.7842831347009191
334,3,0.005302777268741325,-0.4952125852462055,0.013736450122693946,0.6094413352879386,True,True,1.3308793052495823e-284,-0.20172111031196308,0.007536768245466581,0.8173228390713416,True,True,8.275534719082673e-158,0.04699455983295101,0.04059736054598178,1.0481163071363484,True,False,0.2470368103450914,-0.31576818255537253,0.006738671494371193,0.7292284784574393,False,True,0.0,0.0010567750871679912,0.015703642095782816,1.0010573336707087,True,False,0.9463469337192238
335,3,0.0049712112633828465,-0.49415976581814447,0.013736450122693946,0.6100833048457064,True,True,2.107583777440266e-283,-0.19667522455397343,0.007536768245466581,0.8214573791807743,True,True,4.1080933751909847e-150,0.03250206806992862,0.04059736054598178,1.0330360295325114,True,False,0.42336580101661847,-0.28841222796912036,0.006738671494371193,0.749452583236001,True,True,0.0,0.007273072710324109,0.015703642095782816,1.0072995857417408,True,False,0.6432600077449145
336,3,0.005304439262955467,-0.4982367862491076,0.013736450122693946,0.6076010462950345,True,True,4.613203654783958e-288,-0.2096828049501804,0.007536768245466581,0.8108414000623171,True,True,2.395985078483526e-170,0.03448872498481452,0.04059736054598178,1.0350903576508197,True,False,0.39558576908355736,-0.3094306781486963,0.006738671494371193,0.7338646424909173,True,True,0.0,-0.021051220010021816,0.015703642095782816,0.9791688102487441,True,False,0.1800727528513032
337,3,0.007196902249895036,-0.49427353392371326,0.013736450122693946,0.6100139007719348,True,True,1.564132117756821e-283,-0.17869473518173618,0.007536768245466581,0.8363611720733655,False,True,2.8618578737153177e-124,0.006698242438572277,0.04059736054598178,1.0067207258361712,True,False,0.8689502259578634,-0.3006441531049425,0.006738671494371193,0.7403411739867178,True,True,0.0,-0.023901061634796373,0.015703642095782816,0.9763823066484948,True,False,0.12800719208177974
338,3,0.004332018902807544,-0.5113018603927323,0.013736450122693946,0.5997143260535526,True,True,2.977721343725442e-303,-0.20575964207285427,0.007536768245466581,0.8140287110244173,True,True,4.152258155953228e-164,-0.04358160660786042,0.04059736054598178,0.957354424455963,True,False,0.28304308239353526,-0.3019966526919357,0.006738671494371193,0.7393405396859406,True,True,0.0,-0.02006400095497577,0.015703642095782816,0.9801359416630616,True,False,0.20136741213529896
339,3,0.0025307760027218538,-0.49100533099011545,0.013736450122693946,0.6120108113690674,True,True,7.996087525176382e-280,-0.20208452263424634,0.007536768245466581,0.8170258678451094,True,True,2.2699974462946462e-158,0.06255660861375725,0.04059736054598178,1.064554720179168,True,False,0.12334031191548644,-0.29945036557264004,0.006738671494371193,0.741225511800577,True,True,0.0,0.020330576641636844,0.015703642095782816,1.0205386505099467,True,False,0.19544415153208294
340,3,0.004701241247341133,-0.5041548812626122,0.013736450122693946,0.604015824877268,True,True,6.791479259677156e-295,-0.21301306512035006,0.007536768245466581,0.8081455786282687,True,True,9.8021498234065e-176,0.006220487637574883,0.04059736054598178,1.0062398750496715,True,False,0.8782216772328914,-0.3013557914700317,0.006738671494371193,0.739814506224773,True,True,0.0,0.011893000416582752,0.015703642095782816,1.011964003346137,True,False,0.4488460356261843
341,3,0.00263721610641691,-0.501884057144297,0.013736450122693946,0.605388997106472,True,True,2.9040272228979427e-292,-0.19227618148297054,0.007536768245466581,0.8250789654895797,True,True,1.459942797924557e-143,-0.008474782026306927,0.04059736054598178,0.9915610277075915,True,False,0.8346418092057729,-0.2994308276035255,0.006738671494371193,0.7412399939832093,True,True,0.0,-0.028028062189785187,0.015703642095782816,0.9723610798372205,True,False,0.07429167847881299
342,3,0.005092290060564923,-0.4859296994930575,0.013736450122693946,0.6151250493963463,True,True,4.109301460090576e-274,-0.1957431821293108,0.007536768245466581,0.8222233692203784,True,True,1.0325152118740413e-148,-0.03397693262090006,0.04059736054598178,0.9665938011659916,True,False,0.40263491175546784,-0.29570337722246787,0.006738671494371193,0.7440080850373032,True,True,0.0,0.008871981771550604,0.015703642095782816,1.0089114544490974,True,False,0.5720987134189603
343,3,0.0037516276160496353,-0.5007922041778138,0.013736450122693946,0.6060503538653058,True,True,5.294537204509453e-291,-0.19482380953556178,0.007536768245466581,0.8229796464489882,True,True,2.4469249220491608e-147,-0.011268038019134162,0.04059736054598178,0.9887952085434784,True,False,0.781353268737357,-0.3088477779264809,0.006738671494371193,0.734292537051903,True,True,0.0,0.013414249522675614,0.015703642095782816,1.0135046242185795,True,False,0.3929871826322944
344,3,0.0019773184723584913,-0.5038738666667537,0.013736450122693946,0.6041855859917464,True,True,1.4394555841118436e-294,-0.2041304407439155,0.007536768245466581,0.8153560086061178,True,True,1.4947981970679805e-161,-0.058113120017860016,0.04059736054598178,0.9435432077752008,True,False,0.1523010877770694,-0.3002863963081769,0.006738671494371193,0.7406060834573934,True,True,0.0,0.010992001173834044,0.015703642095782816,1.011052635178102,True,False,0.4839491094266487
345,3,0.007280645170484064,-0.5234119095211398,0.013736450122693946,0.5924955541643185,True,True,0.0,-0.2066553994492017,0.007536768245466581,0.8132998652851665,True,True,1.6001532325688222e-165,-0.045989980062423184,0.04059736054598178,0.9550515316995019,True,False,0.2572849044215383,-0.30321234051035095,0.006738671494371193,0.7384422785113959,True,True,0.0,0.011056671371715614,0.015703642095782816,1.0111180222663627,True,False,0.4813809303117782
346,3,0.0059385337377699425,-0.5165049377970155,0.013736450122693946,0.5966020696713188,True,True,2.06640719352e-309,-0.20463440631838364,0.007536768245466581,0.8149452007720425,True,True,2.4322059947918507e-162,0.025326419196918835,0.04059736054598178,1.0256498576920057,True,False,0.532730049871594,-0.30555177298581143,0.006738671494371193,0.736716761815662,True,True,0.0,-0.00033113512433318007,0.015703642095782816,0.999668919694851,True,False,0.9831766399577351
347,3,0.005504121174977117,-0.5170014846421442,0.013736450122693946,0.5963059023323903,True,True,5.29930889360123e-310,-0.19530568006456447,0.007536768245466581,0.8225831723436605,True,True,4.665428452873719e-148,0.046547968064822504,0.04059736054598178,1.0476483315263454,True,False,0.2515568106051038,-0.29671823243804885,0.006738671494371193,0.7432534075607274,True,True,0.0,0.025937721332209396,0.015703642095782816,1.0262770313168306,True,False,0.09859551900230555
348,3,0.005301789495278523,-0.5086231987054535,0.013736450122693946,0.60132291130808,True,True,4.170866085078581e-300,-0.21070458514852372,0.007536768245466581,0.8100133215049179,True,True,5.436385743852292e-172,0.04213967203925163,0.04059736054598178,1.0430401521223462,True,False,0.29927450697535596,-0.2973305911457071,0.006738671494371193,0.7427984091899361,True,True,0.0,0.007079462147667569,0.015703642095782816,1.007104580780301,True,False,0.6521217540594688
349,3,0.0030481040147692187,-0.5019458129595313,0.013736450122693946,0.6053516119698085,True,True,2.4638011788775467e-292,-0.19979491360806678,0.007536768245466581,0.8188986808333555,True,True,7.559914182238554e-155,0.043793296650648995,0.04059736054598178,1.044766375858239,True,False,0.2807113382204359,-0.31058108618401725,0.006738671494371193,0.7330208841356088,True,True,0.0,0.016236131152895617,0.015703642095782816,1.0163686533749117,True,False,0.30117887813919886
350,3,0.00502566860007118,-0.5071233740243365,0.013736450122693946,0.602225466920183,True,True,2.369767038272427e-298,-0.19178755628029184,0.007536768245466581,0.825482218378057,True,True,7.635552719969569e-143,0.01369375478624491,0.04059736054598178,1.0137879436884973,True,False,0.7358858381273103,-0.3054416808882715,0.006738671494371193,0.73679787297403,True,True,0.0,-0.01438195954603153,0.015703642095782816,0.9857209668157662,True,False,0.35975295918283745
351,3,0.007543355539303261,-0.48267112510134336,0.013736450122693946,0.6171327494735089,True,True,1.773995150176312e-270,-0.1972731740450382,0.007536768245466581,0.8209663359831076,True,True,5.15011854428087e-151,0.03272839517872375,0.04059736054598178,1.033269860050451,True,False,0.4201445354883332,-0.31330648917273857,0.006738671494371193,0.7310258267298094,False,True,0.0,-0.0030310240883656484,0.015703642095782816,0.996973564827604,True,False,0.846947938361955
352,3,0.004543308913242468,-0.511779695237706,0.013736450122693946,0.5994278301058589,True,True,8.144927206990005e-304,-0.19758948631540466,0.007536768245466581,0.8207066953234065,True,True,1.7125900925388935e-151,-0.039946383179742084,0.04059736054598178,0.9608409550080338,True,False,0.32513270626504864,-0.2938753773406103,0.006738671494371193,0.7453693755692461,True,True,0.0,0.028922463028247875,0.015703642095782816,1.029344779103789,True,False,0.06550911569806955
353,3,0.00979261106065099,-0.5096408303388206,0.013736450122693946,0.6007112973433045,True,True,2.6721769710543924e-301,-0.18773431033158816,0.007536768245466581,0.8288348908484472,True,True,5.925388689709652e-137,-0.012080305693526227,0.04059736054598178,0.9879923682637296,True,False,0.766036091600988,-0.28200149920391393,0.006738671494371193,0.7542725537238766,False,True,0.0,0.03055208286220222,0.015703642095782816,1.0310235873098403,True,False,0.051709874746523554
354,3,0.006195516811451547,-0.49603849313404774,0.013736450122693946,0.608938200681967,True,True,1.5179761191470096e-285,-0.18338171659215582,0.007536768245466581,0.8324503349772149,False,True,9.076960144428059e-131,0.003175232770393883,0.04059736054598178,1.003180279161709,True,False,0.9376587895005094,-0.3033254029900022,0.006738671494371193,0.7383587931159299,True,True,0.0,-0.015019550537327475,0.015703642095782816,0.985092680323581,True,False,0.3388512995826152
355,3,0.003615565012301943,-0.49215584200046936,0.013736450122693946,0.6113070910887218,True,True,3.9822916576766854e-281,-0.19871155006120192,0.007536768245466581,0.8197863265474332,True,True,3.398506214165875e-153,-0.026694212237435015,0.04059736054598178,0.9736589289928228,True,False,0.5108365498947163,-0.29325368392854684,0.006738671494371193,0.7458329108730839,True,True,0.0,0.023439558540965775,0.015703642095782816,1.0237164239623848,True,False,0.13553688059030453
356,3,0.006833314100687919,-0.49284537167528975,0.013736450122693946,0.6108857219989288,True,True,6.5751722550677164e-282,-0.19301196690441896,0.007536768245466581,0.824472107701164,True,True,1.1993689834293452e-144,-0.014110034381516824,0.04059736054598178,0.9859890455988648,True,False,0.7281703594525792,-0.3141428303951043,0.006738671494371193,0.7304146952891316,False,True,0.0,0.01614253683897579,0.015703642095782816,1.016273531499612,True,False,0.3039740086574806
357,3,0.004310179167625512,-0.4848520645280556,0.013736450122693946,0.6157882869572325,True,True,6.586478410380502e-273,-0.20413980140848972,0.007536768245466581,0.8153483763677342,True,True,1.4452836909625295e-161,-0.021898631491264458,0.04059736054598178,0.9783394028311824,True,False,0.589603825475695,-0.2996078976134847,0.006738671494371193,0.7411087542297476,True,True,0.0,0.005406465010448577,0.015703642095782816,1.0054211063164138,True,False,0.730635000153306
358,3,0.0016478543976304512,-0.4995395526199007,0.013736450122693946,0.6068099994715428,True,True,1.4687969215342525e-289,-0.19686092591857432,0.007536768245466581,0.8213048475875998,True,True,2.1570444168376544e-150,-0.051843382399348714,0.04059736054598178,0.9494775600959299,True,False,0.20159743841080136,-0.30282536652918074,0.006738671494371193,0.7387280917573539,True,True,0.0,0.0024722814555819786,0.015703642095782816,1.0024753400634403,True,False,0.874903107182003
359,3,0.003003028234967342,-0.49705918294454005,0.013736450122693946,0.6083169807556685,True,True,1.0324206508639376e-286,-0.20463587984105744,0.007536768245466581,0.814943999932696,True,True,2.4193116156225175e-162,0.022836378637165568,0.04059736054598178,1.0230991249781474,True,False,0.5737693077620518,-0.3046489185542888,0.006738671494371193,0.7373822101651368,True,True,0.0,-0.019278700604392712,0.015703642095782816,0.9809059450640676,True,False,0.21957540888651994
360,3,0.001781522057110833,-0.49980044851238487,0.013736450122693946,0.6066517058851335,True,True,7.356830385568109e-290,-0.20115045168808146,0.007536768245466581,0.8177893845043795,True,True,6.279104905800197e-157,-0.005040696589724813,0.04059736054598178,0.9949719864020103,True,False,0.9011860902090022,-0.2942363420172008,0.006738671494371193,0.745100372106948,True,True,0.0,0.002882492671668648,0.015703642095782816,1.0028866510482064,True,False,0.8543620360723949
361,3,0.004832717036249101,-0.5052352019819892,0.013736450122693946,0.6033636464112058,True,True,3.768020645270223e-296,-0.21196012809403622,0.007536768245466581,0.8089969531738912,True,True,5.059014175175414e-174,0.002677097351284266,0.04059736054598178,1.0026806839762656,True,False,0.947423488318201,-0.2978461405840721,0.006738671494371193,0.7424155585849469,True,True,0.0,-0.013221845418259047,0.015703642095782816,0.9868651792155662,True,False,0.3998100970010213
362,3,0.004388782465856167,-0.5081471086954188,0.013736450122693946,0.601609263298211,True,True,1.5056079711784746e-299,-0.19099956729142792,0.007536768245466581,0.8261329456259238,True,True,1.0907077312595077e-141,0.012960973752311235,0.04059736054598178,1.0130453312303243,True,False,0.7495319689712076,-0.3011382524600303,0.006738671494371193,0.7399754622465138,True,True,0.0,-0.02143315536901613,0.015703642095782816,0.9787949024665326,True,False,0.17229941018460038
363,3,0.006533930836577495,-0.4858160577348986,0.013736450122693946,0.6151949572605984,True,True,5.507504804801174e-274,-0.18713675997591306,0.007536768245466581,0.8293303094363048,True,True,4.2699767377351256e-136,0.028244422864546502,0.04059736054598178,1.028647078562485,True,False,0.4866037784888345,-0.29954393461335066,0.006738671494371193,0.7411561592851624,True,True,0.0,0.019460151510205276,0.015703642095782816,1.0196507345092065,True,False,0.21526676710575765
364,3,0.003358173811178274,-0.512444212422703,0.013736450122693946,0.5990296323308735,True,True,1.3398729943125855e-304,-0.20257658170139167,0.007536768245466581,0.8166239417525426,True,True,3.924485767084459e-159,-0.05641355533812973,0.04059736054598178,0.9451481839790351,True,False,0.16465439378454227,-0.29937024255036787,0.006738671494371193,0.7412849034080535,True,True,0.0,0.01983348040891057,0.015703642095782816,1.020031470660467,True,False,0.20659420437238463
365,3,0.013611887293170014,-0.4625435949276715,0.013736450122693946,0.6296799560611017,False,True,1.4503648769423406e-248,-0.1918328060016278,0.007536768245466581,0.8254448663827977,True,True,6.552078275627372e-143,-0.056322555538187734,0.04059736054598178,0.9452341961881804,True,False,0.16533650958389912,-0.2852976203080612,0.006738671494371193,0.7517904729079438,False,True,0.0,-0.00912665364462395,0.015703642095782816,0.9909148678453186,True,False,0.5611186764517271
366,3,0.006489952932498729,-0.4772400470284393,0.013736450122693946,0.6204935637786373,True,True,1.7925035034161222e-264,-0.2044689484399237,0.007536768245466581,0.8150800510317345,True,True,4.4168746570954663e-162,0.03861697091164437,0.04059736054598178,1.0393722975729995,True,False,0.34149333768233026,-0.30250882350376346,0.006738671494371193,0.7389619679964728,True,True,0.0,0.011520930522032966,0.015703642095782816,1.0115875520435649,True,False,0.4631638843887501
367,3,0.0012666175617455089,-0.49585588339997494,0.013736450122693946,0.609049408878401,True,True,2.4539805701798145e-285,-0.20060017302121522,0.007536768245466581,0.8182395203953924,True,True,4.407715574405828e-156,-0.030308572008839726,0.04059736054598178,0.970146127417303,True,False,0.45532612947203177,-0.2989343538965449,0.006738671494371193,0.7416080915185974,True,True,0.0,0.003317260899604007,0.015703642095782816,1.0033227690985689,True,False,0.8326988296083973
368,3,0.0015679079077343117,-0.503501934803952,0.013736450122693946,0.6044103436568998,True,True,3.887765421078512e-294,-0.19935174472662404,0.007536768245466581,0.8192616716729366,True,True,3.594967743596924e-154,-0.02365965523494373,0.04059736054598178,0.9766180400386524,True,False,0.5600360129263583,-0.3027744155860874,0.006738671494371193,0.7387657316092033,True,True,0.0,0.0019463923063760568,0.015703642095782816,1.0019482877574455,True,False,0.9013586015952041
369,3,0.005560820375457021,-0.4949029413335433,0.013736450122693946,0.6096300743069714,True,True,3.0007534099121077e-284,-0.2099899780972979,0.007536768245466581,0.8105923696073392,True,True,7.692042085925099e-171,-0.06977019019007184,0.04059736054598178,0.9326081177754122,True,False,0.0856891780163449,-0.2926773497769761,0.006738671494371193,0.7462628837431083,True,True,0.0,-0.0297251760473689,0.015703642095782816,0.9707122718772132,True,False,0.05837327051111633
370,3,0.0075332106362545614,-0.5250205494581718,0.013736450122693946,0.5915432083494989,True,True,0.0,-0.2075270482223779,0.007536768245466581,0.8125912623266808,True,True,6.640752507632858e-167,-0.06538965976614645,0.04059736054598178,0.9367023970192153,True,False,0.10724785904925045,-0.2980140500150489,0.006738671494371193,0.742290910476046,True,True,0.0,0.004832781653609971,0.015703642095782816,1.0048444783778463,True,False,0.7582732585472876
371,3,0.0022521450110634853,-0.5093979610296847,0.013736450122693946,0.6008572093991432,True,True,5.150990191407294e-301,-0.199197417653653,0.007536768245466581,0.8193881156853395,True,True,6.182446446779168e-154,0.04843270128746236,0.04059736054598178,1.049624731050288,True,False,0.23286888919867665,-0.29942563522198895,0.006738671494371193,0.7412438427940604,True,True,0.0,-0.015227686853328126,0.015703642095782816,0.984887668098164,True,False,0.33220033323803677
372,3,0.006396701427484904,-0.5032010083123948,0.013736450122693946,0.604592254110542,True,True,8.681427624307877e-294,-0.18457336003971916,0.007536768245466581,0.8314589418010245,False,True,1.9008137442099592e-132,0.03669611486256639,0.04059736054598178,1.0373777292605444,True,False,0.3660463304960758,-0.2939124669283858,0.006738671494371193,0.7453417306390384,True,True,0.0,0.01630676208539376,0.015703642095782816,1.0164404429759148,True,False,0.29908090220036954
373,4,0.003359559817888713,-0.49617473590821165,0.013736450122693946,0.608855242903539,True,True,1.0606609893241322e-285,-0.20651838684797477,0.007536768245466581,0.8134113052494522,True,True,2.635474476825761e-165,-0.10965084107540264,0.04059736054598178,0.8961469783926272,False,True,0.006914480393606604,-0.3032918438098221,0.006738671494371193,0.738383572247487,True,True,0.0,-0.001772073969220193,0.015703642095782816,0.9982294952268087,True,False,0.9101536191952853
374,3,0.002980700943190806,-0.49669041484373927,0.013736450122693946,0.6085413500209179,True,True,2.728409718483908e-286,-0.1945924474602518,0.007536768245466581,0.8231700747560232,True,True,5.414478724511798e-147,0.018295811924081525,0.04059736054598178,1.018464205690281,True,False,0.6522309682783074,-0.30336964164505464,0.006738671494371193,0.7383261298384713,True,True,0.0,0.012022996215690059,0.015703642095782816,1.0120955629663335,True,False,0.443903435379417
375,3,0.0021370491111372125,-0.5055256402136951,0.013736450122693946,0.6031884319863821,True,True,1.7299232914028973e-296,-0.1983109300112127,0.007536768245466581,0.8201148151817284,True,True,1.381024840738856e-152,0.0013764949161515123,0.04059736054598178,1.0013774427201112,True,False,0.972952092732519,-0.29772826260999474,0.006738671494371193,0.7425030781851316,True,True,0.0,0.02372554896774463,0.015703642095782816,1.0240092389285171,True,False,0.13083151956889116
376,3,0.008353534074672653,-0.5187396480542561,0.013736450122693946,0.5952703254921416,True,True,0.0,-0.21002584527743243,0.007536768245466581,0.8105632964661916,True,True,6.735621816971051e-171,0.01143812123371007,0.04059736054598178,1.0115037866666274,True,False,0.7781387087616429,-0.29242526084104775,0.006738671494371193,0.7464510320734539,True,True,0.0,0.0005517697397918619,0.015703642095782816,1.0005519219927164,True,False,0.9719709616111057
377,3,0.0044033379637521035,-0.4840885390643796,0.013736450122693946,0.616258636533647,True,True,4.685129246291321e-272,-0.19772325754927006,0.007536768245466581,0.8205969157189718,True,True,1.0744938382019048e-151,0.06747729598399094,0.04059736054598178,1.0698059704302931,True,False,0.09649063671056278,-0.2978211730380601,0.006738671494371193,0.7424340951109707,True,True,0.0,0.006185452720452619,0.015703642095782816,1.006204622136589,True,False,0.6936648331845283
378,3,0.004148714253430404,-0.49076496189334096,0.013736450122693946,0.612157937536596,True,True,1.4950901460418365e-279,-0.19345723476880125,0.007536768245466581,0.8241050784857467,True,True,2.6309655292259097e-145,0.04356508535551403,0.04059736054598178,1.0445279755743444,True,False,0.28322561279518255,-0.29805197422934104,0.006738671494371193,0.7422627602102817,True,True,0.0,0.009638429820209897,0.015703642095782816,1.0096850290791435,True,False,0.5393670964402526
379,3,0.004525127240820918,-0.5028473837112538,0.013736450122693946,0.6048060906119501,True,True,2.230045470479526e-293,-0.21266861007694138,0.007536768245466581,0.8084239963970852,True,True,3.569076320272859e-175,0.018304044796284568,0.04059736054598178,1.018472590610446,True,False,0.6520847938507167,-0.297917911540111,0.006738671494371193,0.7423622766226007,True,True,0.0,-0.025675859752370668,0.015703642095782816,0.9746509620166837,True,False,0.10204364228894271
380,3,0.0030629858530969445,-0.5037225232324049,0.013736450122693946,0.6042770324330492,True,True,2.1568492577553302e-294,-0.19757812613639453,0.007536768245466581,0.820716018751338,True,True,1.7817207509625068e-151,-0.04760496480594933,0.04059736054598178,0.9535103828474333,True,False,0.2409513098900824,-0.2933403365609293,0.006738671494371193,0.7457682852880683,True,True,0.0,0.00517434151950772,0.015703642095782816,1.00518775154396,True,False,0.7417782054627561
381,3,0.0016886210224269875,-0.5001047968721795,0.013736450122693946,0.6064671005270746,True,True,3.282550937958345e-290,-0.20272186630424668,0.007536768245466581,0.816505307485558,True,True,2.3354506036261384e-159,0.005882871540556713,0.04059736054598178,1.0059002096118792,True,False,0.8847837197031437,-0.29625864100099536,0.006738671494371193,0.7435950789710163,True,True,0.0,0.005696867966498274,0.015703642095782816,1.005713125977397,True,False,0.716773957859062
382,3,0.004315560313394455,-0.4832475428940813,0.013736450122693946,0.6167771256800187,True,True,4.0522187149366213e-271,-0.19909759833902474,0.007536768245466581,0.8194699105277464,True,True,8.777349247931933e-154,0.04035087403110814,0.04059736054598178,1.0411760317402967,True,False,0.32025767379624315,-0.29735634676299755,0.006738671494371193,0.7427792782047513,True,True,0.0,-0.0004976085889944991,0.015703642095782816,0.9995025151976261,True,False,0.9747212923792689
383,4,0.006698472335027221,-0.5120379029084285,0.013736450122693946,0.599273073222648,True,True,4.040563890990389e-304,-0.20886722802693422,0.007536768245466581,0.8115029733418991,True,True,4.8543330232311377e-169,-0.009805942747942293,0.04059736054598178,0.9902419787422673,True,False,0.809135544162856,-0.3076015955123264,0.006738671494371193,0.7352081699027043,True,True,0.0,-0.0378308951706671,0.015703642095782816,0.9628757540646244,False,True,0.015994005631003404
384,3,0.006010516342986956,-0.48958990879096026,0.013736450122693946,0.6128776784043,True,True,3.1725567179792156e-278,-0.1935472314355455,0.007536768245466581,0.8240309151129142,True,True,1.9353891793254e-145,-0.010418048505156912,0.04059736054598178,0.9896360313968923,True,False,0.7974730119428629,-0.30865534545041756,0.006738671494371193,0.7344338523793559,True,True,0.0,-0.0003345008699723552,0.015703642095782816,0.9996655550692063,True,False,0.9830056685737297
385,4,0.0029054108153396077,-0.4988833898960812,0.013736450122693946,0.6072082962330904,True,True,8.345692356830717e-289,-0.20798472309389537,0.007536768245466581,0.8122194448173549,True,True,1.242452624018911e-167,-0.09830913819641629,0.04059736054598178,0.9063686672651647,False,True,0.015453846649747409,-0.2979404995215554,0.006738671494371193,0.7423455083466528,True,True,0.0,-0.002855877631209809,0.015703642095782816,0.9971481965079753,True,False,0.8556919326764492
386,3,0.0051698644307937025,-0.5020953231648915,0.013736450122693946,0.6052611124914541,True,True,1.654713087802179e-292,-0.2156552950308887,0.007536768245466581,0.8060130907106695,False,True,4.530007716944104e-180,0.007479711596211031,0.04059736054598178,1.0075077545130335,True,False,0.8538241397918734,-0.30205711746722647,0.006738671494371193,0.7392958369778284,True,True,0.0,-0.029306817174968566,0.015703642095782816,0.9711184629295918,True,False,0.06200733065426726
387,3,0.005782843413326799,-0.5046828852788289,0.013736450122693946,0.6036969862773125,True,True,1.6538864541143263e-295,-0.20481169544599157,0.007536768245466581,0.8148007326550409,True,True,1.282700801997553e-162,-0.021446066973892113,0.04059736054598178,0.9787822647350842,True,False,0.5973170904293146,-0.2858130773604776,0.006738671494371193,0.7514030570634365,False,True,0.0,-0.003710571294995363,0.015703642095782816,0.9962963043678309,True,False,0.8132097359540875
388,3,0.005030643789690832,-0.4953262163098026,0.013736450122693946,0.6093720877552197,True,True,9.874341503623224e-285,-0.19615466585962024,0.007536768245466581,0.8218851072806792,True,True,2.4918423022660166e-149,0.0167158723976568,0.04059736054598178,1.016856364315991,True,False,0.6805243124484084,-0.28779625256273944,0.006738671494371193,0.7499143698055067,True,True,0.0,-0.009555408563057238,0.015703642095782816,0.9904900992892921,True,False,0.5428667845428752
389,3,0.006011948777556619,-0.5044152521847083,0.013736450122693946,0.6038585771922349,True,True,3.3848071261038315e-295,-0.21862540387199403,0.007536768245466581,0.8036226957277874,False,True,5.239198140879188e-185,0.005386507162795829,0.04059736054598178,1.0054010404753833,True,False,0.8944454989838588,-0.29965489193664996,0.006738671494371193,0.7410739271437948,True,True,0.0,0.005991379516655789,0.015703642095782816,1.006009363729721,True,False,0.702811481790742
390,3,0.003548905183472321,-0.5064937816325158,0.013736450122693946,0.6026047428744159,True,True,1.2872253850324686e-297,-0.2027811902150623,0.007536768245466581,0.8164568706342623,True,True,1.8892179816563633e-159,0.06219332046122944,0.04059736054598178,1.0641680503021549,True,False,0.12553359452971335,-0.30602079777350305,0.006738671494371193,0.736371304413238,True,True,0.0,-0.004331286783863077,0.015703642095782816,0.9956780797108677,True,False,0.782690810725948
391,3,0.004567898158545192,-0.49231197427132684,0.013736450122693946,0.611211653775015,True,True,2.6491531664337033e-281,-0.20640757595094372,0.007536768245466581,0.8135014450799876,True,True,3.9446725691372447e-165,-0.002563936935632367,0.04059736054598178,0.9974393471433491,True,False,0.9496428694942896,-0.2948925212415903,0.006738671494371193,0.7446116130969777,True,True,0.0,0.01699470772170792,0.015703642095782816,1.0171399393233758,True,False,0.27915726816494035
392,3,0.0034290010407824387,-0.5027842853849601,0.013736450122693946,0.6048442540680123,True,True,2.6387092544299405e-293,-0.19340189740723385,0.007536768245466581,0.8241506835482646,True,True,3.177437985895252e-145,-0.01355668781805989,0.04059736054598178,0.9865347902278854,True,False,0.7384321727995651,-0.29571573919161265,0.006738671494371193,0.7439988876891613,True,True,0.0,0.008272080937172887,0.015703642095782816,1.0083063891334998,True,False,0.5983589178757491
393,3,0.00472074794936143,-0.49515755625087027,0.013736450122693946,0.6094748731551044,True,True,1.537818848125557e-284,-0.18885932677089734,0.007536768245466581,0.827902962286538,True,True,1.414165387760572e-138,0.004688512871528913,0.04059736054598178,1.0046995211454228,True,False,0.9080582358473337,-0.29724223636655217,0.006738671494371193,0.742864041878775,True,True,0.0,-0.010313797160571606,0.015703642095782816,0.9897392076618542,True,False,0.5113240606576734
394,3,0.004281238772458192,-0.49717635908630986,0.013736450122693946,0.608245704694899,True,True,7.580254808689905e-287,-0.19039798459614207,0.007536768245466581,0.8266300824294741,True,True,8.244998444664806e-141,0.00824326926883724,0.04059736054598178,1.008277338562735,True,False,0.839096429044675,-0.30436868454037846,0.006738671494371193,0.7375888786981012,True,True,0.0,0.01654329962970356,0.015703642095782816,1.016680897739402,True,False,0.2921261095787032
395,3,0.0013774342725092852,-0.49504459855278465,0.013736450122693946,0.6095437219222429,True,True,2.068825227079848e-284,-0.19878932882363695,0.007536768245466581,0.8197225670610924,True,True,2.587783556405932e-153,-0.013016945699345072,0.04059736054598178,0.9870674083310303,True,False,0.7484868053509027,-0.3001720227468809,0.006738671494371193,0.7406907940569101,True,True,0.0,-0.008433637472637975,0.015703642095782816,0.9916018258828175,True,False,0.5912332315715798
396,3,0.00639466634119501,-0.504926986757066,0.013736450122693946,0.6035496409348944,True,True,8.603614354657018e-296,-0.18998646149080495,0.007536768245466581,0.8269703298129887,True,True,3.2774816711667665e-140,0.013040127992460971,0.04059736054598178,1.0131255212374026,True,False,0.7480540577955348,-0.31080766332871324,0.006738671494371193,0.7328548171708787,True,True,0.0,0.02120299600862529,0.015703642095782816,1.0214293766802973,True,False,0.1769530950859607
397,3,0.007086186301261159,-0.5128463171829325,0.013736450122693946,0.5987888080857272,True,True,4.4902692408206057e-305,-0.20652031150630634,0.007536768245466581,0.8134097397121131,True,True,2.617072742521582e-165,0.04248568061382618,0.04059736054598178,1.0434011154032,True,False,0.29532407514820924,-0.3111246800373987,0.006738671494371193,0.7326225267707094,True,True,0.0,-0.0015979580621477054,0.015703642095782816,0.9984033179930517,True,False,0.9189494283798829
398,4,0.006149189773477855,-0.5078960473121262,0.013736450122693946,0.6017603231139059,True,True,2.9613282124441233e-299,-0.19377102462182774,0.007536768245466581,0.8238465232424176,True,True,9.01382053226777e-146,0.0431962067089093,0.04059736054598178,1.0441427425648577,True,False,0.2873218360619485,-0.28850950369329686,0.006738671494371193,0.7493796832389882,True,True,0.0,0.03538431375784434,0.015703642095782816,1.0360177881904034,False,True,0.024243060534675724
399,3,0.006700394502711167,-0.5197432347394823,0.013736450122693946,0.5946732197931485,True,True,0.0,-0.1956345563385404,0.007536768245466581,0.8223126887351635,True,True,1.5019627512777541e-148,-0.05612440899606646,0.04059736054598178,0.9454215096327926,True,False,0.1668291290785674,-0.2937269343874435,0.006738671494371193,0.7454800286131847,True,True,0.0,-0.017415295544371795,0.015703642095782816,0.9827354742130552,True,False,0.2674313780691532
